title,link,date,sentiment_score
HighVista's Deal With Abrdn Illustrates the Current Moment in Asset Management,https://www.institutionalinvestor.com/article/2by3um2qi4hw9l2y9h43k/corner-office/high-vistas-deal-with-abrdn-illustrates-the-current-moment-in-asset-management,"Jul 20, 2023",4.815269494429231e-05
Abrdn tokenizes money market fund on Hedera with Archax,https://www.ledgerinsights.com/abrdn-tokenize-money-market-fund-hedera/,"Jun 8, 2023",7.613318302901462e-05
Peter Branner Hired to Assume CIO Role at Abrdn | Chief Investment Officer,https://www.ai-cio.com/news/peter-branner-hired-to-assume-cio-role-at-abrdn/,"Feb 2, 2023",0.017268430441617966
Abrdn Hires BCG to Advise on Further £200 Million of Cost Cuts,https://www.bloomberg.com/news/articles/2023-11-20/abrdn-hires-bcg-to-advise-on-further-200-million-of-cost-cuts,"Nov 20, 2023",0.00043294293573126197
Abrdn Sells US Private Markets Business to HighVista Strategies | Chief Investment Officer,https://www.ai-cio.com/news/abrdn-sells-u-s-private-markets-business-to-highvista-strategies/,"Jul 21, 2023",6.538212346640648e-06
Alternative Asset Manager HighVista Strategies LLC to Acquire abrdn's U.S. Private Markets Business,https://www.businesswire.com/news/home/20230719768164/en/Alternative-Asset-Manager-HighVista-Strategies-LLC-to-Acquire-abrdn%E2%80%99s-U.S.-Private-Markets-Business,"Jul 20, 2023",0.18685467541217804
Why brands ditching vowels are rlly stpd,https://www.wired.com/story/abrdn-rebrand-vowels/,"May 7, 2021",1.7039148588082753e-05
abrdn plans €1bn senior lending expansion into continental Europe,https://www.perenews.com/abrdn-plans-e1bn-senior-lending-expansion-into-continental-europe/,"Feb 14, 2023",0.0003000448050443083
Abrdn launches its first European ETF,https://www.ft.com/content/ff063247-f937-4997-aac2-a235c4856dae,"Feb 28, 2023",2.7130923626828007e-05
Abrdn Assets Drop After Lloyds Transfers £24.4 Billion Out of Fund Manager,https://www.bloomberg.com/news/articles/2022-08-09/abrdn-sees-assets-drop-with-24-4-billion-of-lloyds-cash-leaving,"Aug 9, 2022",3.589603875298053e-05
HighVista Strategies LLC Completes Acquisition of abrdn's U.S. Private Markets Business,https://www.businesswire.com/news/home/20231003262076/en/HighVista-Strategies-LLC-Completes-Acquisition-of-abrdn%E2%80%99s-U.S.-Private-Markets-Business,"Oct 3, 2023",9.006844265968539e-06
abrdn Extends Wholesale and Institutional Foothold in Brazil with Capital Strategies Partnership,https://www.fundssociety.com/en/news/business/abrdn-extends-wholesale-and-institutional-foothold-in-brazil-with-capital-strategies-partnership/,"Aug 31, 2023",0.9999696016311646
abrdn to Acquire US Specialist Healthcare Closed-End Funds with $3 Billion AUM,https://finance.yahoo.com/news/abrdn-acquire-us-specialist-healthcare-221500989.html,"Jun 20, 2023",0.9999892711639404
Abrdn recreates chief investment role to boost performance,https://www.ft.com/content/fb9fedf7-8924-4c0d-bfba-79467df77bfd,"Feb 1, 2023",3.8700050026818644e-06
Abrdn Fund Management Company Battles Identity Crisis After Axed From FTSE 100,https://www.bloomberg.com/news/articles/2022-09-23/uk-money-management-company-abrdn-battles-identity-crisis-after-axed-from-ftse,"Sep 23, 2022",3.5411051158007467e-06
abrdn's U.S. Closed-End Funds Announce Proposed Acquisition of Assets of Four First Trust Advised Closed-End Funds,https://finance.yahoo.com/news/abrdns-u-closed-end-funds-221500933.html,"Oct 23, 2023",8.796964539214969e-05
"abrdn Appoints Amanda Young as Chief Sustainability Officer, Leading New Sustainable Investing Team",https://www.esgtoday.com/abrdn-appoints-amanda-young-as-chief-sustainability-officer-leading-new-sustainable-investing-team/,"Mar 22, 2022",0.45999231934547424
"Pimco, Abrdn Favor UK Gilts Over Treasuries on Slowdown Risk",https://www.bloomberg.com/news/articles/2023-12-20/pimco-abrdn-double-down-on-uk-government-bonds-over-treasuries,"Dec 20, 2023",0.18605104088783264
Abrdn: The mid-market can turn grey infrastructure green,https://www.infrastructureinvestor.com/abrdn-the-mid-market-can-turn-grey-infrastructure-green/,"Dec 1, 2021",0.0003000448050443083
Abrdn cuts employee benefits in latest round of cost reductions,https://www.ft.com/content/77f422d7-791b-4d8c-b5fc-319568a34d87,"Dec 15, 2023",3.8700050026818644e-06
"Abrdn's Head of Equities Says Invest Anywhere, 'Just Not the US'",https://www.bloomberg.com/news/articles/2023-10-23/abrdn-s-head-of-equities-says-invest-anywhere-just-not-the-us,"Oct 23, 2023",0.0061906324699521065
"Asset Manager Abrdn, Crypto Exchange Archax Strive for Pole Position in Race to Tokenize TradFi",https://www.coindesk.com/markets/2023/12/04/asset-manager-abrdn-crypto-exchange-archax-strive-for-pole-position-in-race-to-tokenize-tradfi/,"Dec 4, 2023",5.194085588300368e-06
Abrdn profits down a fifth after 'one of the toughest investing years',https://www.ft.com/content/0d4e280e-06dc-46c6-8b79-8e834e52059e,"Feb 28, 2023",3.8700050026818644e-06
Abrdn Shares Dip as AUM Shrinks in 'Challenging' Market,https://www.morningstar.co.uk/uk/news/238051/abrdn-shares-dip-as-aum-shrinks-in-challenging-market.aspx,"Aug 8, 2023",0.06965644657611847
Abrdn to buy online platform Interactive Investor for £1.5bn,https://www.theguardian.com/business/2021/dec/02/abrdn-to-buy-online-platform-interactive-investor-for-15bn,"Dec 2, 2021",0.03997208550572395
"PE Weekly: Wells, abrdn Divest PE Assets",https://middlemarketgrowth.org/pe-weekly-wells-fargo-abrdn-divest/,"Oct 5, 2023",0.02385461889207363
Abrdn hit by larger than expected outflows in 'challenging' environment,https://www.ft.com/content/879f9be7-d365-4da8-9e46-09f692dc3dea,"Aug 8, 2023",3.8700050026818644e-06
Abrdn (ABDN LN) Share Price Sinks After Reporting Assets Reach New Low,https://www.bloomberg.com/news/articles/2023-08-08/abrdn-s-assets-reach-new-low-as-clients-withdraw-more-funds,"Aug 8, 2023",4.203870048513636e-05
"C’mn Abrdn, abndn this clunky new name nonsense",https://www.theguardian.com/business/2021/apr/26/cmn-abrdn-abndn-this-clunky-new-name-nonsense-aberdeen,"Apr 26, 2021",4.294878090149723e-05
"ESG Stock Ideas, Green Investing Tips From Abrdn, Ralph Bassett",https://www.businessinsider.com/esg-stock-ideas-green-investing-tips-sustainability-abrdn-ralph-bassett-2021-10,"Oct 19, 2021",0.07689467817544937
Fidelity and Abrdn agree £1.2bn China trust merger,https://www.ft.com/content/630d34fe-7859-413a-aabe-551325ec10f2,"Nov 28, 2023",3.8700050026818644e-06
abrdn and AXA IM: A tale of two giants entering ETFs in Europe,https://www.etfstream.com/articles/abrdn-and-axa-im-a-tale-of-two-giants-entering-etfs-in-europe,"Aug 29, 2023",0.974170446395874
"abrdn plc (LON:ABDN) most popular amongst individual investors who own 52% of the shares, institutions hold 46%",https://finance.yahoo.com/news/abrdn-plc-lon-abdn-most-114808623.html,"Nov 23, 2023",0.0002629860246088356
Asset managers bet big on crypto despite market rout,https://www.ft.com/content/3261f919-ca98-41d2-b950-bc3a670f994c,"Aug 11, 2022",7.711924990871921e-05
Too cool for schl? Linguists pour scorn on Abrdn rebranding,https://www.theguardian.com/media/2021/apr/27/too-cool-for-schl-linguists-pour-scorn-on-abrdn-rebranding,"Apr 27, 2021",9.426336873730179e-06
Martin Gilbert exits Abrdn funds' board over potential conflicts of interest,https://www.ft.com/content/40d18991-8f83-44db-bdca-25de8b67b863,"Oct 9, 2022",3.8700050026818644e-06
Abrdn Eyes Sale of The Ivy in Covent Garden at Tasty Yield,https://www.costar.com/article/1936090886/abrdn-eyes-sale-of-the-ivy-in-covent-garden-at-tasty-yield,"Sep 18, 2023",1.8090232742906664e-06
Schroders Pulls Ahead of Abrdn in the Race to be the UK's Biggest Asset Manager,https://www.bloomberg.com/opinion/articles/2021-08-10/schroders-pulls-ahead-of-abrdn-in-the-race-to-be-the-uk-s-biggest-asset-manager,"Aug 10, 2021",0.9999996423721313
How Stephen Bird Transformed Standard Life Aberdeen Into abrdn,https://thebossmagazine.com/stephen-bird-abrdn/,"Apr 21, 2023",0.020022066310048103
Abrdn announces pre-tax loss of £320m for first half of 2022,https://www.theguardian.com/business/2022/aug/09/abrdn-announces-pre-tax-loss-of-320m-for-first-half-of-2022,"Aug 9, 2022",2.4900333301047795e-05
Abrdn sells discretionary fund management arm for £140m,https://www.bbc.com/news/uk-scotland-scotland-business-64797485,"Feb 28, 2023",0.00015470439393538982
QD view - The curious case of abrdn Diversified Income and Growth,https://quoteddata.com/2023/11/curious-case-abrdn-diversified-income-growth/,"Nov 3, 2023",0.06384787708520889
'We caused a bit of a stir': Standard Life Aberdeen & Wolff Olins defend mocked Abrdn rebrand,https://www.thedrum.com/news/2021/05/05/we-caused-bit-stir-standard-life-aberdeen-wolff-olins-defend-mocked-abrdn-rebrand,"May 5, 2021",0.840865433216095
British asset manager abrdn buys interactive investor for $2 billion,https://www.cnbc.com/2021/12/02/british-asset-manager-abrdn-buys-interactive-investor-for-2-billion.html,"Dec 2, 2021",0.0009640430798754096
HEAD-TO-HEAD: abrdn versus BlackRock,https://fundselectorasia.com/head-to-head-abrdn-versus-blackrock/,"Aug 23, 2023",0.0003389783960301429
Downfall of once-mighty Gars fund offers investors lessons,https://www.ft.com/content/9c8765c1-3848-4db2-b056-340849fa49d9,"Aug 23, 2023",0.0009362673154100776
abrdn Asia Focus’s Hugh Young to retire at the end of the year,https://quoteddata.com/2023/10/abrdn-asia-focuss-hugh-young-retire-year/,"Oct 20, 2023",0.022130364552140236
Abrdn agrees to sell European private equity biz to Patria Investments,https://www.pehubeurope.com/abrdn-agrees-to-sell-european-private-equity-biz-to-patria-investments/,"Oct 16, 2023",0.0003000448050443083
Watch abrdn's Amanda Young on ESG Priorities,https://www.bloomberg.com/news/videos/2023-05-22/abrdn-s-amanda-young-on-esg-priorities-video,"May 21, 2023",0.16416765749454498
"Indian and Chinese stock markets could grow fourfold by 2050, Abrdn CEO says",https://www.cnbcafrica.com/2022/indian-and-chinese-stock-markets-could-grow-fourfold-by-2050-abrdn-ceo-says/,"May 31, 2022",0.9999877214431763
abrdn New India seeks exposure to pre-IPO opportunities,https://quoteddata.com/2023/06/abrdn-india-seeks-exposure-preipo-opportunities/,"Jun 29, 2023",0.25976336002349854
Abrdn commits to investment business after reports of CEO doubts,https://www.ftadviser.com/investments/2023/11/21/abrdn-commits-to-investment-business-after-reports-of-ceo-doubts/,"Nov 21, 2023",0.00015864123997744173
abrdn Latin American Income wind up proposals,https://quoteddata.com/2023/05/abrdn-latin-american-income-wind-proposals/,"May 18, 2023",3.185365585522959e-06
Is one of Britain's biggest asset managers past repair?,https://www.ft.com/content/476bf108-3743-4da8-8622-5760fd2c1538,"Oct 11, 2022",3.8700050026818644e-06
abrdn hires Xavier Meyer for new C-level role,https://www.asiaasset.com/post/26054-xmeyerabrdn-gte-0602,"Jun 6, 2022",2.734699592110701e-06
Fidelity and abrdn China funds to merge,https://fundsglobalasia.com/news/fidelity-abrdn-china-funds-merge,"Nov 28, 2023",0.011163878254592419
Narrowing discount boosts abrdn Equity Income,https://quoteddata.com/2023/11/narrowing-discount-boosts-abrdn-equity-income/,"Nov 30, 2023",0.13293683528900146
Abrdn Divests its Private Equity Business,https://www.finews.com/news/english-news/59815-abrdn-sells-private-equity-business,"Oct 20, 2023",1.508649074821733e-05
abrdn announces launch of income strategy,https://fundselectorasia.com/abrdn-announces-launch-of-income-strategy/,"Jul 31, 2023",0.9999990463256836
Abrdn falls out of FTSE 100 again - FTAdviser,https://www.ftadviser.com/investments/2023/08/31/abrdn-falls-out-of-ftse-100-again/,"Aug 31, 2023",0.010812299326062202
Abrdn sheds DFM business as it reveals stinging losses,https://portfolio-adviser.com/abrdn-sheds-dfm-business-as-it-reveals-stinging-losses/,"Feb 28, 2023",0.4116132855415344
abrdn Diversified Income and Growth will plow on,https://quoteddata.com/2023/10/abrdn-diversified-income-growth-plow/,"Oct 26, 2023",0.15916328132152557
Abrdn Switzerland CEO Goes from Red Pen to Returns,https://www.finews.com/news/english-news/59494-abrdn-karsten-dirk-steffens-rene-buehlmann-emerging-markets-asia-global-credit,"Sep 29, 2023",0.903975784778595
Rene Buehlmann is sole CEO of abrdn’s investment business,https://www.asiaasset.com/post/27238-abrdn-0512,"May 15, 2023",5.511233212018851e-06
abrdn’s Loh: ‘By no means do we think the wheels are falling off in China’,https://fundselectorasia.com/abrdns-loh-by-no-means-do-we-think-the-wheels-are-falling-off-in-china/,"Sep 13, 2023",0.001298449351452291
Manulife to distribute abrdn funds in Taiwan,https://www.asiaasset.com/post/26167-manulife-0705,"Jul 6, 2022",0.3872888684272766
Abrdn sells stake in Indian life insurer,https://www.ftadviser.com/equities/2023/05/31/abrdn-sells-stake-in-indian-life-insurer/,"May 31, 2023",4.628770511772018e-06
abrdn completes £1.5 billion takeover of interactive investor in landmark transaction,https://www.taylorwessing.com/en/insights-and-events/news/media-centre/press-releases/2022/05/abrdn-completes-takeover-of-interactive-investor,"May 31, 2022",9.274756303057075e-05
FTAdviser readers criticise Abrdn platform ahead of integration - FTAdviser,https://www.ftadviser.com/platforms/2023/06/01/ftadviser-readers-criticise-abrdn-platform-ahead-of-integration/,"Jun 1, 2023",2.8500328426162014e-06
Fund manager Abrdn to merge once-mighty Gars in consolidation move,https://news.sky.com/story/fund-manager-abrdn-to-merge-once-mighty-gars-in-consolidation-move-12928307,"Jul 27, 2023",0.2876354455947876
Abrdn clients pull £4.4bn amid 'challenging' environment,https://moneyweek.com/investments/abrdn-clients-pull-pound44bn-amid-challenging-environment,"Aug 8, 2023",0.48980551958084106
Abrdn chief wanted to sell struggling £368bn investment arm,https://www.cityam.com/abrdn-chief-reportedly-wanted-to-sell-struggling-368bn-investment-arm/,"Nov 20, 2023",6.284004484768957e-05
Investors Don't See Light At End Of abrdn plc's (LON:ABDN) Tunnel,https://simplywall.st/stocks/gb/diversified-financials/lse-abdn/abrdn-shares/news/investors-dont-see-light-at-end-of-abrdn-plcs-lonabdn-tunnel,"Dec 18, 2023",0.0024277272168546915
Santander in talks about swoop on £14bn abrdn private equity unit,https://news.sky.com/story/santander-in-talks-about-swoop-on-14bn-abrdn-private-equity-unit-12813165,"Feb 18, 2023",5.427418727776967e-07
Abrdn names sole CEO for investments business,https://fundselectorasia.com/abrdn-names-sole-ceo-for-investments-business/,"May 12, 2023",0.9537414312362671
Rod Paris to retire as chief investment officer of abrdn,https://www.scottishfinancialnews.com/articles/rod-paris-to-retire-as-chief-investment-officer-of-abrdn,"Jul 16, 2021",0.027234122157096863
Abrdn invests more than £30m in shares of its own investment companies,https://portfolio-adviser.com/abrdn-invests-more-than-30m-in-shares-of-its-own-investment-companies/,"Dec 11, 2023",0.00037093539140187204
Abrdn appoints CFO | The DRAWDºWN,https://the-drawdown.com/article/abrdn-appoints-cfo,"Jul 31, 2023",1.1899264791281894e-05
Abrdn offloads private equity arm for £60m as Bird's 'reshaping' drive accelerates,https://www.cityam.com/abrdn-offloads-private-equity-arm-for-60m-as-birds-reshaping-drive-accelerates/,"Oct 16, 2023",0.9995170831680298
Standard Life: Abrdn's rd-lttr dy,https://www.euromoney.com/article/28gado1q0rr83jc32sjk0/opinion/standard-life-abrdns-red-letter-day,"Apr 26, 2021",5.213986514718272e-05
Liechtenstein fund group to acquire abrdn's discretionary business for £140 million,https://www.insider.co.uk/news/liechtenstein-fund-group-acquire-abrdns-29330453,"Feb 28, 2023",0.9999774694442749
Abrdn hit by fund outflows,https://www.investorschronicle.co.uk/news/2023/08/08/abrdn-hit-by-fund-outflows/,"Aug 8, 2023",0.023784508928656578
The abrdn share price has soared in 6 months. Is there still time to buy?,https://www.fool.co.uk/2023/03/29/the-abrdn-share-price-has-soared-in-6-months-is-there-still-time-to-buy/,"Mar 29, 2023",1.489802343712654e-05
Abrdn says past platform upgrades will help AdviserOS launch smoothly,https://www.ftadviser.com/platforms/2023/05/26/abrdn-says-past-platform-upgrades-will-help-adviseros-launch-smoothly/,"May 26, 2023",0.00030083442106842995
abrdn to sell its entire 10.2% stake in HDFC AMC through block deal,https://www.business-standard.com/companies/news/abrdn-to-sell-its-entire-10-2-stake-in-hdfc-amc-through-block-deal-123061900838_1.html,"Jun 19, 2023",2.0583347577485256e-06
Abrdn: shareholders could be set for a payday after £337m sale,https://www.cityam.com/abrdn-why-shareholders-could-be-set-for-a-payday-after-337m-hdfc-sale/,"Jun 20, 2023",0.0006710856687277555
Abrdn to sell £6bn DFM business to LGT Wealth,https://www.moneymarketing.co.uk/news/abrdn-to-sell-6bn-dfm-business-to-lgt-wealth/,"Feb 28, 2023",0.23772618174552917
"FTSE Reshuffle: Marks & Spencer In, Abrdn Out?",https://www.morningstar.co.uk/uk/news/238515/ftse-reshuffle-marks--spencer-in-abrdn-out.aspx,"Aug 23, 2023",4.457471277419245e-06
Abrdn results: Share price tumbles 10% following 66% profit slump and 83% fall in flows,https://portfolio-adviser.com/abrdn-results-investment-arm-flows-tumble-by-83-but-interactive-investor-purchase-exceeds-expectations/,"Aug 8, 2023",0.9999934434890747
Abrdn platform CEO: 'Judge us from now',https://www.moneymarketing.co.uk/news/abrdn-platform-ceo-judge-us-from-now/,"Oct 30, 2023",0.00017315204604528844
Abrdn to merge Gars fund following poor performance,https://www.ftadviser.com/companies/2023/07/27/abrdn-to-merge-gars-fund-following-poor-performance/,"Jul 27, 2023",4.283314865460852e-06
Abrdn relegated to FTSE 250 for second time in 12 months,https://portfolio-adviser.com/abrdn-relegated-to-ftse-250-for-second-time-in-12-months/,"Aug 31, 2023",0.0003134586731903255
Abrdn/Fidelity China merger: what should investors do?,https://www.investorschronicle.co.uk/ideas/2023/12/06/abrdn-china-fidelity-china-merger-what-should-you-do-if-you-hold-the-shares/,"Dec 6, 2023",3.319585448480211e-05
How Abrdn managed succession on £1.8bn investment trust,https://www.ftadviser.com/investments/2023/09/18/how-abrdn-managed-succession-on-1-8bn-investment-trust/,"Sep 18, 2023",4.3172436562599614e-05
Abrdn's shares in polluters caused millions of tonnes of climate emissions,https://theferret.scot/abrdn-investments-caused-tonnes-climate-emissions/,"Jul 9, 2023",3.052965257666074e-05
Here's why abrdn shares could be the FTSE 100's best buy after a 10% drop,https://www.fool.co.uk/2023/08/08/heres-why-abrdn-shares-could-be-the-ftse-100s-best-buy-after-a-10-drop/,"Aug 8, 2023",1.2125312423449941e-05
Abrdn to fold Gars after fund's fall from grace,https://moneyweek.com/investments/abrdn-to-fold-gars-after-funds-fall-from-grace,"Jul 27, 2023",0.043993912637233734
Abrdn share price tumbles as volatility leads to clients pulling £4.4bn,https://www.cityam.com/abrdn-share-price-tumbles-10-per-cent-as-4-4bn-pulled-by-clients-so-far-this-year/,"Aug 8, 2023",0.03130650147795677
Abrdn brings platforms together with launch of AdviserOS,https://www.moneymarketing.co.uk/news/abrdn-brings-platforms-together-with-launch-of-adviseros/,"May 23, 2023",0.9984220266342163
Abrdn Launches China Growth Fund to Target Sustainable Trends,https://www.bangkokpost.com/thailand/pr/2590221/abrdn-launches-china-growth-fund-to-target-sustainable-trends,"Jun 12, 2023",0.012324736453592777
Protesters target Abrdn AGM over fossil fuel investments,https://theferret.scot/protesters-target-abrdn-fossil-fuel-investments/,"May 10, 2023",1.091464491764782e-05
"With a 7% dividend but down 15%, the abrdn share price looks cheap",https://www.fool.co.uk/2023/04/25/with-a-7-dividend-but-down-15-the-abrdn-share-price-looks-cheap/,"Apr 25, 2023",1.1952015483984724e-05
"Down heavily this summer, is the abrdn share price cheap? Here's what the charts say",https://www.fool.co.uk/2023/09/10/down-27-this-summer-is-the-abrdn-share-price-cheap-heres-what-the-charts-say/,"Sep 10, 2023",0.00018386557349003851
8% yield! Will the Abrdn share price boom in 2024?,https://www.fool.co.uk/2023/12/18/8-yield-will-the-abrdn-share-price-boom-in-2024/,"Dec 18, 2023",2.9936711598566035e-06
Abrdn Japan trust to merge assets with Nippon Active Value Fund,https://portfolio-adviser.com/abrdn-japan-trust-to-merge-assets-with-nippon-active-value-fund/,"May 18, 2023",0.9999855756759644
LGT completes acquisition of Abrdn’s DFM,https://www.moneymarketing.co.uk/news/lgt-completes-acquisition-of-abrdns-dfm/,"Sep 4, 2023",0.20893849432468414
Abrdn shares slump as assets shrink on market turbulence,https://www.thisismoney.co.uk/money/markets/article-12383791/Abrdn-shares-slump-assets-shrink-market-turbulence.html,"Aug 8, 2023",0.9725043773651123
Share Research & Insight - Abrdn plc (ABDN),https://www.hl.co.uk/shares/shares-search-results/a/abrdn-plc-ordinary-13-616/share-research,"Jul 7, 2021",0.0019980701617896557
Standard Life Aberdeen News and Analysis – Money Marketing,https://www.moneymarketing.co.uk/abrdn/,"Apr 26, 2021",0.03112410195171833
Abrdn flags tough investing year on par with 2022 as assets shrink,https://www.standard.co.uk/business/business-news/abrdn-flags-tough-investing-year-on-par-with-2022-as-assets-shrink-b1099336.html,"Aug 8, 2023",1.3046295862295665e-05
"abrdn Investment Trusts, Author at UK Investor Magazine",https://ukinvestormagazine.co.uk/author/aberdeen-standard-investment-trusts/,"Sep 6, 2021",0.007830573245882988
Abrdn at a loss but sees profits at interactive Investor double,https://www.thisismoney.co.uk/money/markets/article-11801777/Abrdn-loss-sees-profits-interactive-Investor-double.html,"Feb 28, 2023",0.5215837955474854
Investment trust merger mania steps up a gear with two more deals,https://www.sharesmagazine.co.uk/news/shares/investment-trust-merger-mania-steps-up-a-gear-with-two-more-deals,"Nov 28, 2023",0.0006351913907565176
abrdn UK Smaller Companies – fund manager Harry Nimmo to retire,https://www.hl.co.uk/funds/fund-notifications/2022/abrdn-uk-smaller-companies-fund-manager-harry-nimmo-to-retire,"Sep 5, 2022",0.8890783190727234
Aberdeen Standard Names Ken Yajima as Japan CEO,https://www.mingtiandi.com/real-estate/people/aberdeen-standard-names-ken-yajima-as-japan-ceo/,"Sep 24, 2019",0.0007130318554118276
‘Success lasts a millisecond’: Richard Wilson on piloting Interactive Investor to a £1.5 billion sale,https://www.standard.co.uk/business/interactive-investor-richard-wilson-abrdn-sale-interview-profile-b998253.html,"May 6, 2022",1.3046295862295665e-05
Abrdn markets County Mall for the third time,https://www.propertyweek.com/news/abrdn-markets-county-mall-for-the-third-time,"May 18, 2022",7.538172212662175e-06
abrdn Share Price: 8.2% Dividend Yield! But Worth Buying?,https://investingreviews.co.uk/news/abrdn-share-price-dividend-worth-buy/,"Aug 17, 2023",0.02443782240152359
