title,link,date,sentiment_score
Rear Admiral John C. Vann > United States Coast Guard > Display,https://www.uscg.mil/Biographies/Display/Article/3131116/rear-admiral-john-c-vann/,"Aug 18, 2022",2.8086964221074595e-07
Admiral Steven D. Poulin > United States Coast Guard > Display,https://www.uscg.mil/Biographies/Display/Article/3052520/admiral-steven-d-poulin/,"Jun 5, 2022",2.8086964221074595e-07
Rear Admiral Russell E. Dash > United States Coast Guard > Display,https://www.uscg.mil/Biographies/Display/Article/3589395/rear-admiral-russell-e-dash/,"Nov 15, 2023",2.8086964221074595e-07
Rear Admiral Thomas G. Allan Jr > United States Coast Guard > Display,https://www.uscg.mil/Biographies/Display/Article/1676911/rear-admiral-thomas-g-allan-jr/,"Nov 1, 2018",2.8086964221074595e-07
Rear Admiral Laura M. Dickey > United States Coast Guard > Display,https://www.uscg.mil/Biographies/Display/Article/1668155/rear-admiral-laura-m-dickey/,"Oct 24, 2018",2.8086964221074595e-07
Rear Admiral Melvin W. Bouboulis > United States Coast Guard > Display,https://www.uscg.mil/Biographies/Display/Article/2693530/rear-admiral-melvin-w-bouboulis/,"Nov 3, 2021",2.8086964221074595e-07
Rear Admiral Joseph R. Buzzella > United States Coast Guard > Display,https://www.uscg.mil/Biographies/Display/Article/3378617/rear-admiral-joseph-r-buzzella/,"Jun 10, 2023",2.8086964221074595e-07
Rear Admiral Mark J. Fedor > United States Coast Guard > Display,https://www.uscg.mil/Biographies/Display/Article/3105350/rear-admiral-mark-j-fedor/,"Jul 26, 2022",2.8086964221074595e-07
Rear Admiral David C. Barata > United States Coast Guard > Display,https://www.uscg.mil/Biographies/Display/Article/3200261/rear-admiral-david-c-barata/,"Oct 26, 2022",2.8086964221074595e-07
Rear Admiral Todd Wiemers > United States Coast Guard > Display,https://www.uscg.mil/Biographies/Display/Article/1942959/rear-admiral-todd-wiemers/,"Sep 8, 2019",2.8086964221074595e-07
Admiral Linda L. Fagan > United States Coast Guard > Display,https://www.uscg.mil/Biographies/Display/Article/3048180/admiral-linda-l-fagan/,"Jun 1, 2022",2.8086964221074595e-07
Vice Admiral Rick Cheeseman > United States Navy > BioDisplay,https://www.navy.mil/Leadership/Flag-Officer-Biographies/BioDisplay/Article/2236435/vice-admiral-rick-cheeseman/,"Dec 15, 2023",2.8086964221074595e-07
Rear Admiral William (Bill) G. Dwyer > United States Coast Guard > Display,https://www.uscg.mil/Biographies/Display/Article/3467017/rear-admiral-william-bill-g-dwyer/,"Jul 22, 2023",2.8086964221074595e-07
Rear Admiral Kristin Acquavella > United States Navy > BioDisplay,https://www.navy.mil/Leadership/Flag-Officer-Biographies/BioDisplay/Article/2766006/rear-admiral-kristin-acquavella/,"Jun 10, 2022",2.8086964221074595e-07
Rear Admiral Dana Thomas > United States Coast Guard > Display,https://www.uscg.mil/Biographies/Display/Article/1898004/rear-admiral-dana-thomas/,"Jul 9, 2019",2.8086964221074595e-07
Rear Admiral Brendan C. McPherson > United States Coast Guard > Display,https://www.uscg.mil/Biographies/Display/Article/1910408/rear-admiral-brendan-c-mcpherson/,"Jul 19, 2019",2.8086964221074595e-07
Rear Admiral Andrew M. Sugimoto > United States Coast Guard > Display,https://www.uscg.mil/Biographies/Display/Article/1910978/rear-admiral-andrew-m-sugimoto/,"Jul 19, 2019",2.8086964221074595e-07
Vice Admiral Paul F. Thomas > United States Coast Guard > Display,https://www.uscg.mil/Biographies/Display/Article/1391317/vice-admiral-paul-f-thomas/,"Jul 2, 2021",2.8086964221074595e-07
Rear Admiral John W. Mauger > United States Coast Guard > Display,https://www.uscg.mil/Biographies/Display/Article/1579000/rear-admiral-john-w-mauger/,"Jul 19, 2018",2.8086964221074595e-07
Rear Admiral Miriam L. Lafferty > United States Coast Guard > Display,https://www.uscg.mil/Biographies/Display/Article/2478280/rear-admiral-miriam-l-lafferty/,"Apr 29, 2021",2.8086964221074595e-07
Rear Admiral Michael S. Richman > United States Navy > BioDisplay,https://www.navy.mil/Leadership/Flag-Officer-Biographies/BioDisplay/Article/3207350/rear-admiral-michael-s-richman/,"Nov 14, 2023",2.8086964221074595e-07
Rear Admiral Jon P. Hickey > United States Coast Guard > Display,https://www.uscg.mil/Biographies/Display/Article/2261382/rear-admiral-jon-p-hickey/,"Sep 7, 2023",2.8086964221074595e-07
Rear Admiral Joshua Lasky > United States Navy > BioDisplay,https://www.navy.mil/Leadership/Flag-Officer-Biographies/BioDisplay/Article/3625696/rear-admiral-joshua-lasky/,"Dec 22, 2023",2.8086964221074595e-07
"Admiral Linda Fagan Sworn In As Commandant of U.S. Coast Guard, Becomes First Woman Leader of Any Branch of ...",https://www.commerce.senate.gov/2022/6/admiral-linda-fagan-sworn-in-as-commandant-of-u-s-coast-guard-becomes-first-woman-leader-of-any-branch-of-u-s-armed-forces,"Jun 1, 2022",0.0002018115046666935
Rear Admiral Frank Schaefer > United States Coast Guard > Display,https://www.uscg.mil/Biographies/Display/Article/3127654/rear-admiral-frank-schaefer/,"Aug 15, 2022",2.8086964221074595e-07
Rear Admiral Jeffrey J. Kilian > U.S. Pacific Fleet > Leaders — U.S. Pacific Fleet,https://www.cpf.navy.mil/Leaders/Article/3275002/rear-admiral-jeffrey-j-kilian/,"Jan 23, 2023",2.8086964221074595e-07
Rear Admiral Michael J. Johnston > United States Coast Guard > Display,https://www.uscg.mil/Biographies/Display/Article/1391216/rear-admiral-michael-j-johnston/,"Jun 18, 2018",2.8086964221074595e-07
Rear Admiral Gregory N. Todd > United States Navy > Search,https://www.navy.mil/Leadership/Flag-Officer-Biographies/Search/Article/2236425/rear-admiral-gregory-n-todd/,"Jun 13, 2022",2.8086964221074595e-07
Rear Admiral Matthew Case > United States Navy > BioDisplay,https://www.navy.mil/Leadership/Flag-Officer-Biographies/BioDisplay/Article/3077408/rear-admiral-matthew-case/,"Oct 4, 2023",2.8086964221074595e-07
Rear Admiral Kristin Acquavella > U.S. Pacific Fleet > Leaders — U.S. Pacific Fleet,https://www.cpf.navy.mil/Leaders/Article/3064800/rear-admiral-kristin-acquavella/,"Jun 15, 2022",2.8086964221074595e-07
Rear Admiral Matthew C. Paradise > United States Navy > Search,https://www.navy.mil/Leadership/Flag-Officer-Biographies/Search/Article/3087776/rear-admiral-matthew-c-paradise/,"Jul 11, 2022",2.8086964221074595e-07
Rear Admiral Luke A. Frost > United States Navy > Search,https://www.navy.mil/Leadership/Flag-Officer-Biographies/Search/Article/3176233/rear-admiral-luke-a-frost/,"Sep 30, 2022",2.8086964221074595e-07
Rear Admiral Kavon Hakimzadeh > United States Navy > Search,https://www.navy.mil/Leadership/Flag-Officer-Biographies/Search/Article/3112038/rear-admiral-kavon-hakimzadeh/,"Aug 4, 2022",2.8086964221074595e-07
Rear Admiral Shannon Gilreath > United States Coast Guard > Display,https://www.uscg.mil/Biographies/Display/Article/2411649/rear-admiral-shannon-gilreath/,"Nov 18, 2020",2.8086964221074595e-07
Rear Admiral Brad Rosen > United States Navy > Search,https://www.navy.mil/Leadership/Flag-Officer-Biographies/Search/Article/3066526/rear-admiral-brad-rosen/,"Jun 16, 2022",2.8086964221074595e-07
"Rear Admiral Christopher J. Tomney, USCG (Ret.)",https://www.dhs.gov/person/rear-admiral-christopher-j-tomney-uscg-ret,"Feb 8, 2023",6.500396807496145e-07
Rear Admiral John D. Saccomando > United States Navy > Search,https://www.navy.mil/Leadership/Flag-Officer-Biographies/Search/Article/3184357/rear-admiral-john-d-saccomando/,"Oct 11, 2022",2.8086964221074595e-07
Rear Admiral Charles P. Kirol > United States Navy > Search,https://www.navy.mil/Leadership/Flag-Officer-Biographies/Search/Article/3185566/rear-admiral-charles-p-kirol/,"Oct 12, 2022",2.8086964221074595e-07
Rear Admiral Anthony E. “Tony” Rossi > United States Navy > BioDisplay,https://www.navy.mil/Leadership/Flag-Officer-Biographies/BioDisplay/Article/2662934/rear-admiral-anthony-e-tony-rossi/,"Sep 24, 2021",2.8086964221074595e-07
Rear Admiral Joaquin J. Martinez de Pinillos > United States Navy > Search,https://www.navy.mil/Leadership/Flag-Officer-Biographies/Search/Article/3179119/rear-admiral-joaquin-j-martinez-de-pinillos/,"Oct 4, 2022",2.8086964221074595e-07
Vice Admiral Stephen T. Koehler,https://www.jcs.mil/Leadership/Article-View/Article/2399679/vice-admiral-stephen-t-koehler/,"Jul 27, 2022",8.753497127145238e-07
"Rear Admiral Stephen ""Josh"" Jackson > United States Navy > Search",https://www.navy.mil/Leadership/Flag-Officer-Biographies/Search/Article/3145627/rear-admiral-stephen-josh-jackson/,"Aug 31, 2022",2.8086964221074595e-07
Rear Admiral Ronald J. Piret > United States Navy > BioDisplay,https://www.navy.mil/Leadership/Flag-Officer-Biographies/BioDisplay/Article/2932023/rear-admiral-ronald-j-piret/,"May 24, 2023",2.8086964221074595e-07
Rear Admiral Dean VanderLey > United States Navy > BioDisplay,https://www.navy.mil/Leadership/Flag-Officer-Biographies/BioDisplay/Article/2236485/rear-admiral-dean-vanderley/,"Aug 30, 2022",2.8086964221074595e-07
Rear Admiral Aaron C. Rugh > United States Navy > Search,https://www.navy.mil/Leadership/Flag-Officer-Biographies/Search/Article/3126651/rear-admiral-aaron-c-rugh/,"Aug 12, 2022",2.8086964221074595e-07
Mike Mullen: I Cannot Remain Silent,https://www.theatlantic.com/ideas/archive/2020/06/american-cities-are-not-battlespaces/612553/,"Jun 2, 2020",0.0009180568740703166
Rear Admiral Tracy Hines > United States Navy > BioDisplay,https://www.navy.mil/Leadership/Flag-Officer-Biographies/BioDisplay/Article/3080414/rear-admiral-tracy-hines/,"Oct 21, 2022",2.8086964221074595e-07
Admiral Philip S. Davidson > U.S,https://www.defense.gov/About/Biographies/Biography/Article/1575920/admiral-philip-s-davidson/,"Sep 23, 2021",4.1017173657564854e-07
Rear Admiral Jeffrey Czerewko > United States Navy > Search,https://www.navy.mil/Leadership/Flag-Officer-Biographies/Search/Article/2236459/rear-admiral-jeffrey-czerewko/,"Feb 17, 2022",2.8086964221074595e-07
Rear Admiral Robert Nowakowski > United States Navy > Search,https://www.navy.mil/Leadership/Flag-Officer-Biographies/Search/Article/2236504/rear-admiral-robert-nowakowski/,"Mar 28, 2022",2.8086964221074595e-07
Rear Admiral Eric Ruttenberg > United States Navy > Search,https://www.navy.mil/Leadership/Flag-Officer-Biographies/Search/Article/2236445/rear-admiral-eric-ruttenberg/,"Feb 4, 2022",2.8086964221074595e-07
Rear Admiral Kavon Hakimzadeh > United States Navy > Search,https://www.navy.mil/Leadership/Flag-Officer-Biographies/Search/Article/3112038/rear-admiral-kavon-hakimzadeh/,"Aug 4, 2022",2.8086964221074595e-07
"Rear Admiral Leonard C. ""Butch"" Dollaga > United States Navy > Search",https://www.navy.mil/Leadership/Flag-Officer-Biographies/Search/Article/2236422/rear-admiral-leonard-c-butch-dollaga/,"Feb 18, 2022",2.8086964221074595e-07
Rear Admiral Shannon Gilreath > United States Coast Guard > Display,https://www.uscg.mil/Biographies/Display/Article/2411649/rear-admiral-shannon-gilreath/,"Nov 18, 2020",2.8086964221074595e-07
Rear Admiral Daniel P. Martin > United States Navy > Search,https://www.navy.mil/Leadership/Flag-Officer-Biographies/Search/Article/2400199/rear-admiral-daniel-p-martin/,"Feb 7, 2022",2.8086964221074595e-07
"Rear Admiral Ralph R.""Russ"" Smith > United States Navy > Search",https://www.navy.mil/Leadership/Flag-Officer-Biographies/Search/Article/2677351/rear-admiral-ralph-rruss-smith/,"Feb 4, 2022",2.8086964221074595e-07
Rear Admiral Brad Rosen > United States Navy > Search,https://www.navy.mil/Leadership/Flag-Officer-Biographies/Search/Article/3066526/rear-admiral-brad-rosen/,"Jun 16, 2022",2.8086964221074595e-07
"Rear Admiral William L. ""Wilbur"" Angermann > United States Navy > BioDisplay",https://www.navy.mil/Leadership/Flag-Officer-Biographies/BioDisplay/Article/2395869/rear-admiral-william-l-wilbur-angermann/,"Nov 18, 2021",2.8086964221074595e-07
Rear Admiral Thomas Moreau > United States Navy > Search,https://www.navy.mil/Leadership/Flag-Officer-Biographies/Search/Article/2236381/rear-admiral-thomas-moreau/,"Feb 22, 2022",2.8086964221074595e-07
"Rear Admiral Christopher J. Tomney, USCG (Ret.)",https://www.dhs.gov/person/rear-admiral-christopher-j-tomney-uscg-ret,"Feb 8, 2023",6.500396807496145e-07
Rear Admiral Eric Ver Hage > United States Navy > Search,https://www.navy.mil/Leadership/Flag-Officer-Biographies/Search/Article/2236464/rear-admiral-eric-ver-hage/,"Feb 4, 2022",2.8086964221074595e-07
Rear Admiral John D. Saccomando > United States Navy > Search,https://www.navy.mil/Leadership/Flag-Officer-Biographies/Search/Article/3184357/rear-admiral-john-d-saccomando/,"Oct 11, 2022",2.8086964221074595e-07
Rear Admiral Alexis T. Walker > United States Navy > Search,https://www.navy.mil/Leadership/Flag-Officer-Biographies/Search/Article/2978782/rear-admiral-alexis-t-walker/,"Mar 25, 2022",2.8086964221074595e-07
Rear Admiral Paul Schlise > United States Navy > Search,https://www.navy.mil/Leadership/Flag-Officer-Biographies/Search/Article/2236377/rear-admiral-paul-schlise/,"Mar 29, 2022",2.8086964221074595e-07
Rear Admiral Charles P. Kirol > United States Navy > Search,https://www.navy.mil/Leadership/Flag-Officer-Biographies/Search/Article/3185566/rear-admiral-charles-p-kirol/,"Oct 12, 2022",2.8086964221074595e-07
Rear Admiral Jeffrey S. Spivey > United States Navy > Search,https://www.navy.mil/Leadership/Flag-Officer-Biographies/Search/Article/2405074/rear-admiral-jeffrey-s-spivey/,"Feb 27, 2022",2.8086964221074595e-07
Rear Admiral Joaquin J. Martinez de Pinillos > United States Navy > Search,https://www.navy.mil/Leadership/Flag-Officer-Biographies/Search/Article/3179119/rear-admiral-joaquin-j-martinez-de-pinillos/,"Oct 4, 2022",2.8086964221074595e-07
Vice Admiral Stephen T. Koehler,https://www.jcs.mil/Leadership/Article-View/Article/2399679/vice-admiral-stephen-t-koehler/,"Jul 27, 2022",8.753497127145238e-07
"Rear Admiral Stephen ""Josh"" Jackson > United States Navy > Search",https://www.navy.mil/Leadership/Flag-Officer-Biographies/Search/Article/3145627/rear-admiral-stephen-josh-jackson/,"Aug 31, 2022",2.8086964221074595e-07
Rear Admiral Patrick J. Hannifin > United States Navy > Search,https://www.navy.mil/Leadership/Flag-Officer-Biographies/Search/Article/2640967/rear-admiral-patrick-j-hannifin/,"Feb 22, 2022",2.8086964221074595e-07
Rear Admiral Ronald J. Piret > United States Navy > BioDisplay,https://www.navy.mil/Leadership/Flag-Officer-Biographies/BioDisplay/Article/2932023/rear-admiral-ronald-j-piret/,"May 24, 2023",2.8086964221074595e-07
Rear Admiral Dean VanderLey > United States Navy > BioDisplay,https://www.navy.mil/Leadership/Flag-Officer-Biographies/BioDisplay/Article/2236485/rear-admiral-dean-vanderley/,"Aug 30, 2022",2.8086964221074595e-07
Rear Admiral Peter Gumataotao,https://www.navy.mil/DesktopModules/ArticleCS/Print.aspx?PortalId=1&ModuleId=692&Article=2236054,"Aug 15, 2020",7.357220397352648e-07
Rear Admiral Joseph B. Hornbuckle > United States Navy > Search,https://www.navy.mil/Leadership/Flag-Officer-Biographies/Search/Article/2606390/rear-admiral-joseph-b-hornbuckle/,"Feb 7, 2022",2.8086964221074595e-07
Rear Admiral Aaron C. Rugh > United States Navy > Search,https://www.navy.mil/Leadership/Flag-Officer-Biographies/Search/Article/3126651/rear-admiral-aaron-c-rugh/,"Aug 12, 2022",2.8086964221074595e-07
Rear Admiral Scott M. Brown > United States Navy > Search,https://www.navy.mil/Leadership/Flag-Officer-Biographies/Search/Article/2283387/rear-admiral-scott-m-brown/,"Feb 25, 2022",2.8086964221074595e-07
Rear Admiral Tracy Hines > United States Navy > BioDisplay,https://www.navy.mil/Leadership/Flag-Officer-Biographies/BioDisplay/Article/3080414/rear-admiral-tracy-hines/,"Oct 21, 2022",2.8086964221074595e-07
Admiral Philip S. Davidson > U.S,https://www.defense.gov/About/Biographies/Biography/Article/1575920/admiral-philip-s-davidson/,"Sep 23, 2021",4.1017173657564854e-07
Admiral James Foggo III,https://www.navy.mil/DesktopModules/ArticleCS/Print.aspx?PortalId=1&ModuleId=692&Article=2236071,"Aug 15, 2020",6.741880042682169e-06
Rear Admiral Thomas R. “TR” Buchanan > United States Navy > Search,https://www.navy.mil/Leadership/Flag-Officer-Biographies/Search/Article/2709418/rear-admiral-thomas-r-tr-buchanan/,"Mar 3, 2022",2.8086964221074595e-07
Admiral James A. Winnefeld Jr. > U.S,https://www.defense.gov/about/biographies/biography/article/602783/,"Jul 15, 2023",1.4394973959497293e-06
Rear Admiral Christian Becker,https://www.navy.mil/DesktopModules/ArticleCS/Print.aspx?PortalId=1&ModuleId=692&Article=2236198,"Aug 11, 2020",4.062875632371288e-06
Rear Admiral Jonathan Rucker > United States Navy > BioDisplay,https://www.navy.mil/Leadership/Flag-Officer-Biographies/BioDisplay/Article/3052230/rear-admiral-jonathan-rucker/,"Jun 3, 2022",2.8086964221074595e-07
Rear Admiral Michael Vernazza > U.S. Pacific Fleet > Leaders — U.S. Pacific Fleet,https://www.cpf.navy.mil/Leaders/Article/3171765/rear-admiral-michael-vernazza/,"Sep 27, 2022",2.8086964221074595e-07
Rear Admiral Timothy Gallaudet,https://www.navy.mil/DesktopModules/ArticleCS/Print.aspx?PortalId=1&ModuleId=692&Article=2236233,"Aug 15, 2020",5.577830393121985e-07
"About > The Joint Staff > Chairman > Admiral William James Crowe, Jr.",https://www.jcs.mil/About/The-Joint-Staff/Chairman/Admiral-William-James-Crowe-Jr/,"Jan 4, 2019",4.5673468207496626e-07
Vice Admiral Bradley > United States Navy > BioDisplay,https://www.navy.mil/Leadership/Flag-Officer-Biographies/BioDisplay/Article/2287703/vice-admiral-bradley/,"Jan 4, 2023",2.8086964221074595e-07
Admiral Samuel Paparo,https://www.navy.mil/DesktopModules/ArticleCS/Print.aspx?PortalId=1&ModuleId=708&Article=2236378,"Nov 5, 2022",3.8418116332650243e-07
Vice Admiral Robert Gaucher > United States Navy > Search,https://www.navy.mil/Leadership/Flag-Officer-Biographies/Search/Article/2236472/vice-admiral-robert-gaucher/,"Dec 29, 2023",2.8086964221074595e-07
Rear Admiral Will Pennington > United States Navy > Search,https://www.navy.mil/Leadership/Flag-Officer-Biographies/Search/Article/2236443/rear-admiral-will-pennington/,"Jan 29, 2022",2.8086964221074595e-07
The Admiral Becomes a Captain,https://cnu.edu/news/2023/02/02-cnu-sixth-president/,"Feb 2, 2023",0.05726940929889679
Admiral Christopher W. Grady > U.S,https://www.defense.gov/About/Biographies/Biography/Article/2879914/admiral-christopher-w-grady/,"Dec 20, 2021",1.2954031944900635e-06
Rear Admiral Chase D. Patrick > United States Navy > Search,https://www.navy.mil/Leadership/Flag-Officer-Biographies/Search/Article/3128047/rear-admiral-chase-d-patrick/,"Aug 15, 2022",2.8086964221074595e-07
dmhq,https://www.c6f.navy.mil/About-Us/Our-Leadership/RDML-Chase-D-Patrick/,"Jun 27, 2022",4.3251012016298773e-07
Rear Admiral Tracy Farrill,https://www.health.mil/About-MHS/Biographies/RADM-Tracy-Farrill,"Nov 21, 2023",0.0001232399808941409
Admiral Kurt W. Tidd > U.S,https://www.defense.gov/About/Biographies/Biography/Article/643347/admiral-kurt-w-tidd/,"Sep 22, 2021",2.8086964221074595e-07
"Rear Admiral Joseph ""Doug"" Noble Jr. > United States Navy > Search",https://www.navy.mil/Leadership/Flag-Officer-Biographies/Search/Article/2236444/rear-admiral-joseph-doug-noble-jr/,"Feb 3, 2022",2.8086964221074595e-07
Rear Admiral Peter G. Vasely > United States Navy > Search,https://www.navy.mil/Leadership/Flag-Officer-Biographies/Search/Article/3555176/rear-admiral-peter-g-vasely/,"Oct 12, 2023",2.8086964221074595e-07
Rear Admiral Douglas McAneny,https://www.navy.mil/DesktopModules/ArticleCS/Print.aspx?PortalId=1&ModuleId=692&Article=2361419,"Sep 27, 2020",1.8651413711268106e-06
Medal of Honor Monday: Navy Vice Adm. James Stockdale,https://www.defense.gov/News/Feature-Stories/Story/article/2097870/medal-of-honor-monday-navy-vice-adm-james-stockdale/,"Mar 2, 2020",5.213227268541232e-06
USCG Commandant's Home Page,https://www.uscg.mil/alwaysready/,"Jun 1, 2018",0.9703889489173889
Vice Admiral Carol Pottenger > United States Navy > BioDisplay,https://www.navy.mil/Leadership/Flag-Officer-Biographies/BioDisplay/Article/2378785/vice-admiral-carol-pottenger/,"Oct 9, 2020",2.8086964221074595e-07
Rear Admiral Christina Alvarado > United States Navy > BioDisplay,https://www.navy.mil/Leadership/Flag-Officer-Biographies/BioDisplay/Article/2236183/rear-admiral-christina-alvarado/,"Dec 9, 2021",2.8086964221074595e-07
Rear Admiral Bruce Gillingham > United States Navy > Search,https://www.navy.mil/Leadership/Flag-Officer-Biographies/Search/Article/2236222/rear-admiral-bruce-gillingham/,"Feb 3, 2022",2.8086964221074595e-07
Rear Admiral Steven B. Kantrowitz > United States Navy > BioDisplay,https://www.navy.mil/Leadership/Flag-Officer-Biographies/BioDisplay/Article/2383449/rear-admiral-steven-b-kantrowitz/,"Oct 15, 2022",2.8086964221074595e-07
Rear Admiral Brendan C. McPherson > United States Coast Guard > Biographies,https://www.uscg.mil/Biographies/Article/1910408/rear-admiral-brendan-c-mcpherson/,"Mar 20, 2022",2.2189837181940675e-05
Rear Admiral Katherine Gregory > United States Navy > BioDisplay,https://www.navy.mil/Leadership/Flag-Officer-Biographies/BioDisplay/Article/2236086/rear-admiral-katherine-gregory/,"Jan 12, 2022",2.8086964221074595e-07
Admiral Craig S. Faller > U.S,https://www.defense.gov/About/Biographies/Biography/Article/1763126/admiral-craig-s-faller/,"Sep 23, 2021",2.5492422537354287e-06
Rear Admiral Bob Little > United States Coast Guard > Display,https://www.uscg.mil/Biographies/Display/Article/3533223/rear-admiral-bob-little/,"Nov 29, 2023",2.8086964221074595e-07
Rear Admiral William Greene,https://www.navsea.navy.mil/Media/Biographies/Article-View/Article/3501687/rear-admiral-william-greene/,"Sep 8, 2023",2.8086964221074595e-07
Rear Admiral Richard S. Lofgren > United States Navy > Search,https://www.navy.mil/Leadership/Flag-Officer-Biographies/Search/Article/3623198/rear-admiral-richard-s-lofgren/,"Dec 21, 2023",2.8086964221074595e-07
Michael Gilday > U.S,https://www.defense.gov/About/Biographies/Biography/Article/2143463/michael-gilday/,"Sep 24, 2021",4.865159439759736e-07
Vice Admiral John Wade > United States Navy > BioDisplay,https://www.navy.mil/Leadership/Flag-Officer-Biographies/BioDisplay/Article/2236324/vice-admiral-john-wade/,"Jul 11, 2023",2.8086964221074595e-07
Rear Admiral Michael S. Wosje > United States Navy > BioDisplay,https://www.navy.mil/Leadership/Flag-Officer-Biographies/BioDisplay/Article/3114021/rear-admiral-michael-s-wosje/,"Aug 2, 2022",2.8086964221074595e-07
Rear Admiral Robert E. Wirth > United States Navy > BioDisplay,https://www.navy.mil/Leadership/Flag-Officer-Biographies/BioDisplay/Article/3052178/rear-admiral-robert-e-wirth/,"Jun 3, 2022",2.8086964221074595e-07
Admiral Paul F. Zukunft > U.S,https://www.defense.gov/About/Biographies/Biography/Article/602791/admiral-paul-f-zukunft/,"Sep 24, 2021",5.786466772406129e-07
Admiral Craig S. Faller > U.S,https://www.defense.gov/About/Biographies/Biography/Article/1763126/admiral-craig-s-faller/,"Sep 23, 2021",2.5492422537354287e-06
Vice Admiral Justin D. McCarthy > United States Navy > BioDisplay,https://www.navy.mil/Leadership/Flag-Officer-Biographies/BioDisplay/Article/2985087/vice-admiral-justin-d-mccarthy/,"Mar 31, 2022",2.8086964221074595e-07
Vice Admiral Dave Kriete > United States Navy > BioDisplay,https://www.navy.mil/Leadership/Flag-Officer-Biographies/BioDisplay/Article/2236113/vice-admiral-dave-kriete/,"Jan 21, 2022",2.8086964221074595e-07
"Vice Admiral Discusses Potential of AI in Missile Defense Testing, Operations",https://www.defense.gov/News/News-Stories/Article/Article/2730215/vice-admiral-discusses-potential-of-ai-in-missile-defense-testing-operations/,"Aug 12, 2021",0.13404862582683563
"Admiral Sir Tony Radakin, Chief of the Defence Staff of the United Kingdom",https://www.nato.int/cps/en/natohq/who_is_who_190094.htm,"Dec 9, 2021",1.1768310059778742e-06
Rear Admiral David M. Buzzetti > United States Navy > BioDisplay,https://www.navy.mil/Leadership/Flag-Officer-Biographies/BioDisplay/Article/3216401/rear-admiral-david-m-buzzetti/,"Nov 14, 2022",2.8086964221074595e-07
"Vice admiral Mitko Petev, Military Representative for Bulgaria",https://www.nato.int/cps/en/natohq/who_is_who_168395.htm,"Aug 19, 2019",4.955979306942027e-07
"Admiral Giuseppe Cavo Dragone, Chief of Defence of Italy",https://www.nato.int/cps/en/natohq/who_is_who_188502.htm,"Nov 12, 2021",4.3774298319476657e-07
Rear Admiral Michael Platt,https://www.dhs.gov/person/rear-admiral-michael-platt,"Apr 3, 2023",5.413227768258366e-07
Rear Admiral Philip E. Sobeck > United States Navy > BioDisplay,https://www.navy.mil/Leadership/Flag-Officer-Biographies/BioDisplay/Article/2236434/rear-admiral-philip-e-sobeck/,"Sep 22, 2023",2.8086964221074595e-07
Admiral Robert P. Burke > U.S,https://www.defense.gov/About/Biographies/Biography/Article/2048757/admiral-robert-p-burke/,"Jun 17, 2022",2.694286195037421e-06
"Vice Admiral Craig A. ""Clap"" Clapperton > United States Navy > BioDisplay",https://www.navy.mil/Leadership/Flag-Officer-Biographies/BioDisplay/Article/2236452/vice-admiral-craig-a-clap-clapperton/,"Dec 20, 2023",2.8086964221074595e-07
Rear Admiral Robert Ryland Percy III > United States Navy > BioDisplay,https://www.navy.mil/Leadership/Flag-Officer-Biographies/BioDisplay/Article/3019791/rear-admiral-robert-ryland-percy-iii/,"May 9, 2022",2.8086964221074595e-07
Commandant's Letter to the Workforce > United States Coast Guard > My Coast Guard News,https://www.mycg.uscg.mil/News/Article/3505881/commandants-letter-to-the-workforce/,"Aug 28, 2023",0.4778226315975189
"Admiral Linda Fagan, First Woman Nominee to Lead U.S. Coast Guard, Appears Before Commerce Committee",https://www.commerce.senate.gov/2022/4/admiral-linda-fagan-first-woman-nominee-to-lead-u-s-coast-guard-appears-before-commerce-committee,"Apr 28, 2022",5.292442801874131e-05
"Vice Admiral Bernard J. ""Barry"" McCullough > United States Navy > BioDisplay",https://www.navy.mil/Leadership/Flag-Officer-Biographies/BioDisplay/Article/3019749/vice-admiral-bernard-j-barry-mccullough/,"May 5, 2022",2.8086964221074595e-07
Rear Admiral Thomas Wall > United States Navy > BioDisplay,https://www.navy.mil/Leadership/Flag-Officer-Biographies/BioDisplay/Article/2236502/rear-admiral-thomas-wall/,"May 28, 2023",2.8086964221074595e-07
"Admiral John C. Harvey, Jr. > United States Navy > BioDisplay",https://www.navy.mil/Leadership/Flag-Officer-Biographies/BioDisplay/Article/2966765/admiral-john-c-harvey-jr/,"May 5, 2022",2.8086964221074595e-07
How Admiral Bill McRaven faced Osama Bin Laden and his own commander in chief,https://www.hks.harvard.edu/faculty-research/policy-topics/public-leadership-management/how-admiral-bill-mcraven-faced-osama,"Mar 9, 2021",4.5861834223615006e-06
Rear Admiral Jennifer S. Couture > United States Navy > BioDisplay,https://www.navy.mil/Leadership/Flag-Officer-Biographies/BioDisplay/Article/2640526/rear-admiral-jennifer-s-couture/,"Aug 8, 2023",2.8086964221074595e-07
Vice Admiral Brendan McLane > United States Navy > BioDisplay,https://www.navy.mil/Leadership/Flag-Officer-Biographies/BioDisplay/Article/2236426/vice-admiral-brendan-mclane/,"Dec 21, 2023",2.8086964221074595e-07
"Rear Admiral James Arden ""Jamie"" Barnett, Jr. > United States Navy > BioDisplay",https://www.navy.mil/Leadership/Flag-Officer-Biographies/BioDisplay/Article/3271542/rear-admiral-james-arden-jamie-barnett-jr/,"Jan 19, 2023",2.8086964221074595e-07
"Rear Admiral Nick Wheeler, Director NATO Digital Staff",https://www.nato.int/cps/en/natohq/who_is_who_212145.htm?,"Aug 30, 2023",1.1910534567505238e-06
Rear Admiral Donald Y. Sze > United States Navy > BioDisplay,https://www.navy.mil/Leadership/Flag-Officer-Biographies/BioDisplay/Article/2366746/rear-admiral-donald-y-sze/,"Dec 19, 2023",2.8086964221074595e-07
Rear Admiral Michael Donnelly > United States Navy > BioDisplay,https://www.navy.mil/Leadership/Flag-Officer-Biographies/BioDisplay/Article/2236469/rear-admiral-michael-donnelly/,"Dec 8, 2023",2.8086964221074595e-07
Rear Admiral Brad Rosen > United States Navy > BioDisplay,https://www.navy.mil/Leadership/Flag-Officer-Biographies/BioDisplay/Article/3066526/rear-admiral-brad-rosen/,"Jun 16, 2022",2.8086964221074595e-07
Rear Admiral Paul Soderberg > United States Navy > BioDisplay,https://www.navy.mil/Leadership/Flag-Officer-Biographies/BioDisplay/Article/2977046/rear-admiral-paul-soderberg/,"Apr 12, 2022",2.8086964221074595e-07
Rear Admiral Mark Fung > United States Navy > BioDisplay,https://www.navy.mil/Leadership/Flag-Officer-Biographies/BioDisplay/Article/2236186/rear-admiral-mark-fung/,"Jan 11, 2022",2.8086964221074595e-07
"Visit to Australia by Commander Indo-Pacific Command, Admiral John C. Aquilino",https://www.pacom.mil/Media/Speeches-Testimony/Article/2979287/visit-to-australia-by-commander-indo-pacific-command-admiral-john-c-aquilino/,"Mar 25, 2022",0.9973320960998535
U.S. Navy Admiral Craig Faller of U.S. SOUTHCOM discusses defense partnership and security cooperation in Brazil,https://br.usembassy.gov/u-s-navy-admiral-craig-faller-of-u-s-southcom-discusses-defense-partnership-and-security-cooperation-in-brazil/,"Feb 11, 2019",1.685569623077754e-05
"The Cold, Cold War: Rear Admiral Richard Byrd, Antarctic Expeditions, and the Evolution of America's Strategic Interest ...",https://www.thearcticinstitute.org/cold-cold-war-rear-admiral-richard-byrd-antarctic-expeditions-evolution-americas-strategic-interest-polar-regions/,"Nov 2, 2021",0.1439330279827118
"Military Representative for Canada, Vice Admiral Scott Bishop",https://www.nato.int/cps/en/natohq/who_is_who_185673.htm,"Jul 1, 2021",7.467806995009596e-07
Admiral John C. Aquilino > U.S,https://www.defense.gov/About/Biographies/Biography/Article/2906049/admiral-john-c-aquilino/,"Jun 17, 2022",5.886158191970026e-07
Rear Admiral Carey H. Cash > United States Navy > BioDisplay,https://www.navy.mil/Leadership/Flag-Officer-Biographies/BioDisplay/Article/3048744/rear-admiral-carey-h-cash/,"Jul 14, 2022",2.8086964221074595e-07
Admiral Rob Bauer begins his tenure as Chair of the NATO Military Committee,https://www.nato.int/cps/en/natohq/news_185480.htm?selectedLocale=en,"Jun 25, 2021",0.0001617877569515258
Rear Admiral Jon Bayless > United States Navy > BioDisplay,https://www.navy.mil/Leadership/Flag-Officer-Biographies/BioDisplay/Article/3505005/rear-admiral-jon-bayless/,"Aug 25, 2023",2.8086964221074595e-07
"Rear Admiral Robert E. Cowley, III > United States Navy > BioDisplay",https://www.navy.mil/Leadership/Flag-Officer-Biographies/BioDisplay/Article/3004029/rear-admiral-robert-e-cowley-iii/,"May 5, 2022",2.8086964221074595e-07
Admiral Charles A. Richard > U.S,https://www.defense.gov/About/Biographies/Biography/Article/2048726/admiral-charles-a-richard/,"Sep 25, 2021",6.552998570441559e-07
Vice Admiral Jon A. Hill > U.S,https://www.defense.gov/About/Biographies/Biography/Article/1864196/vice-admiral-jon-a-hill/,"Sep 22, 2021",2.775934717647033e-06
Death of Elon benefactor Rear Admiral Edward “Ted” Walker Jr.,https://www.elon.edu/u/news/2021/12/16/death-of-elon-benefactor-rear-admiral-edward-ted-walker-jr/,"Dec 16, 2021",7.08549669070635e-06
Rear Admiral Tracy Hines > United States Navy > Display Past Woman Bio,https://www.navy.mil/Women-In-the-Navy/Past/Display-Past-Woman-Bio/Article/3345789/rear-admiral-tracy-hines/,"Mar 31, 2023",2.8086964221074595e-07
Rear Admiral Ronne Froman > United States Navy > Display Past Woman Bio,https://www.navy.mil/Women-In-the-Navy/Past/Display-Past-Woman-Bio/Article/3345765/rear-admiral-ronne-froman/,"Mar 30, 2023",2.8086964221074595e-07
"Juneteenth Represents Hope, Possibilities, Vice Admiral Says > U.S",https://www.defense.gov/News/News-Stories/Article/Article/1219187/juneteenth-represents-hope-possibilities-vice-admiral-says/,"Jun 19, 2017",0.0001604677818249911
Rear Admiral Jacquelyn McClelland > United States Navy > BioDisplay,https://www.navy.mil/Leadership/Flag-Officer-Biographies/BioDisplay/Article/2236393/rear-admiral-jacquelyn-mcclelland/,"Apr 13, 2023",2.8086964221074595e-07
Vice Admiral Thomas E. Ishee > United States Navy > BioDisplay,https://www.navy.mil/Leadership/Flag-Officer-Biographies/BioDisplay/Article/2159255/vice-admiral-thomas-e-ishee/,"Dec 27, 2023",2.8086964221074595e-07
Rear Admiral Nicholas Homan > United States Navy > BioDisplay,https://www.navy.mil/Leadership/Flag-Officer-Biographies/BioDisplay/Article/2236468/rear-admiral-nicholas-homan/,"Dec 9, 2022",2.8086964221074595e-07
Rear Admiral Chase D. Patrick > United States Navy > BioDisplay,https://www.navy.mil/Leadership/Flag-Officer-Biographies/BioDisplay/Article/3128047/rear-admiral-chase-d-patrick/,"Aug 15, 2022",2.8086964221074595e-07
"Trident Juncture 2018 Press Conference with Admiral James G. Foggo, Commander of Allied Joint Force Command in ...",https://www.nato.int/cps/en/natohq/opinions_159119.htm,"Oct 10, 2018",2.217437759099994e-05
Meet Rear Admiral Harley Nygren: First director of the NOAA Commissioned Officer Corps,https://www.noaa.gov/heritage/stories/meet-rear-admiral-harley-nygren-first-director-of-noaa-commissioned-officer-corps,"Jun 8, 2020",2.9447210181388073e-07
Lori Admiral,https://www.nature.org/en-us/about-us/who-we-are/our-people/lori-admiral/,"Oct 31, 2022",2.88917581201531e-05
"Remarks of Admiral John M. Richardson, Chief of Naval Operations",https://id.usembassy.gov/remarks-of-admiral-john-m-richardson-chief-of-naval-operations/,"Nov 1, 2018",1.685569623077754e-05
Vice Admiral Nancy A. Norton > U.S,https://www.defense.gov/About/Biographies/Biography/Article/2148654/vice-admiral-nancy-a-norton/,"Dec 18, 2021",2.5206229565810645e-06
Admiral Schofield - Orlando Magic Small Forward,https://www.espn.com/nba/player/_/id/3918423/admiral-schofield,"Jun 21, 2019",2.757243964879308e-05
Rear Admiral Ronald Fritzemeier > United States Navy > BioDisplay,https://www.navy.mil/Leadership/Flag-Officer-Biographies/BioDisplay/Article/2236340/rear-admiral-ronald-fritzemeier/,"Oct 15, 2021",2.8086964221074595e-07
Admiral Ray named next Tyler Chair in Leadership Studies at CGA,https://www.mycg.uscg.mil/News/Article/2736620/admiral-ray-named-next-tyler-chair-in-leadership-studies-at-cga/,"Aug 19, 2021",2.610159572213888e-05
"Director, Joint Interagency Task Force West (JIATF West) > U.S. Indo-Pacific Command > Article View",https://www.pacom.mil/Leadership/Biographies/Article-View/Article/2669139/director-joint-interagency-task-force-west-jiatf-west/,"Jun 26, 2021",2.8086964221074595e-07
"'If you want peace, prepare for war' - Speech by Admiral Rob Bauer, Chair of the NATO Military Committee, for the ...",https://www.nato.int/cps/en/natohq/opinions_212156.htm?selectedLocale=en,"Dec 30, 2023",3.3928570246644085e-06
Rear Admiral Larry Watkins > United States Navy > BioDisplay,https://www.navy.mil/Leadership/Flag-Officer-Biographies/BioDisplay/Article/2236496/rear-admiral-larry-watkins/,"Oct 30, 2023",2.8086964221074595e-07
Rear Admiral Frances Shea Buckley > United States Navy > Display Past Woman Bio,https://www.navy.mil/Women-In-the-Navy/Past/Display-Past-Woman-Bio/Article/3345722/rear-admiral-frances-shea-buckley/,"Mar 31, 2023",2.8086964221074595e-07
Rear Admiral Robert Hennegan,https://www.navy.mil/DesktopModules/ArticleCS/Print.aspx?PortalId=1&ModuleId=692&Article=2354353,"Oct 13, 2020",1.2543844150059158e-06
"Military Representative for Canada, Vice Admiral Scott Bishop",https://www.nato.int/cps/en/natohq/who_is_who_185673.htm,"Jul 1, 2021",7.467806995009596e-07
Rear Admiral Russell Penniman,https://www.navy.mil/DesktopModules/ArticleCS/Print.aspx?PortalId=1&ModuleId=692&Article=2367827,"Oct 4, 2020",2.7200181307307503e-07
Admiral John C. Aquilino > U.S,https://www.defense.gov/About/Biographies/Biography/Article/2906049/admiral-john-c-aquilino/,"Jun 17, 2022",5.886158191970026e-07
Rear Admiral Jon Bayless > United States Navy > BioDisplay,https://www.navy.mil/Leadership/Flag-Officer-Biographies/BioDisplay/Article/3505005/rear-admiral-jon-bayless/,"Aug 25, 2023",2.8086964221074595e-07
Admiral Charles A. Richard > U.S,https://www.defense.gov/About/Biographies/Biography/Article/2048726/admiral-charles-a-richard/,"Sep 25, 2021",6.552998570441559e-07
Rear Admiral Brett Heimbigner,https://www.navy.mil/DesktopModules/ArticleCS/Print.aspx?PortalId=1&ModuleId=692&Article=2236107,"Aug 15, 2020",2.2969295514485566e-06
Vice Admiral Jon A. Hill > U.S,https://www.defense.gov/About/Biographies/Biography/Article/1864196/vice-admiral-jon-a-hill/,"Sep 22, 2021",2.775934717647033e-06
Death of Elon benefactor Rear Admiral Edward “Ted” Walker Jr.,https://www.elon.edu/u/news/2021/12/16/death-of-elon-benefactor-rear-admiral-edward-ted-walker-jr/,"Dec 16, 2021",7.08549669070635e-06
Rear Admiral Tracy Hines > United States Navy > Display Past Woman Bio,https://www.navy.mil/Women-In-the-Navy/Past/Display-Past-Woman-Bio/Article/3345789/rear-admiral-tracy-hines/,"Mar 31, 2023",2.8086964221074595e-07
Rear Admiral Thomas R. “TR” Buchanan > United States Navy > BioDisplay,https://www.navy.mil/Leadership/Flag-Officer-Biographies/BioDisplay/Article/2709418/rear-admiral-thomas-r-tr-buchanan/,"Mar 7, 2022",2.8086964221074595e-07
"Vice Admiral Adam M. Robinson, Jr. > United States Navy > BioDisplay",https://www.navy.mil/Leadership/Flag-Officer-Biographies/BioDisplay/Article/2379017/vice-admiral-adam-m-robinson-jr/,"Feb 9, 2022",2.8086964221074595e-07
Rear Admiral Nicholas Homan > United States Navy > BioDisplay,https://www.navy.mil/Leadership/Flag-Officer-Biographies/BioDisplay/Article/2236468/rear-admiral-nicholas-homan/,"Dec 9, 2022",2.8086964221074595e-07
Meet Rear Admiral Harley Nygren: First director of the NOAA Commissioned Officer Corps,https://www.noaa.gov/heritage/stories/meet-rear-admiral-harley-nygren-first-director-of-noaa-commissioned-officer-corps,"Jun 8, 2020",2.9447210181388073e-07
Rear Admiral Ronne Froman > United States Navy > Display Past Woman Bio,https://www.navy.mil/Women-In-the-Navy/Past/Display-Past-Woman-Bio/Article/3345765/rear-admiral-ronne-froman/,"Mar 30, 2023",2.8086964221074595e-07
Lori Admiral,https://www.nature.org/en-us/about-us/who-we-are/our-people/lori-admiral/,"Oct 31, 2022",2.88917581201531e-05
"Remarks of Admiral John M. Richardson, Chief of Naval Operations",https://id.usembassy.gov/remarks-of-admiral-john-m-richardson-chief-of-naval-operations/,"Nov 1, 2018",1.685569623077754e-05
Vice Admiral Nancy A. Norton > U.S,https://www.defense.gov/About/Biographies/Biography/Article/2148654/vice-admiral-nancy-a-norton/,"Dec 18, 2021",2.5206229565810645e-06
Admiral Schofield - Orlando Magic Small Forward,https://www.espn.com/nba/player/_/id/3918423/admiral-schofield,"Jun 21, 2019",2.757243964879308e-05
"Director, Joint Interagency Task Force West (JIATF West) > U.S. Indo-Pacific Command > Article View",https://www.pacom.mil/Leadership/Biographies/Article-View/Article/2669139/director-joint-interagency-task-force-west-jiatf-west/,"Jun 26, 2021",2.8086964221074595e-07
"'If you want peace, prepare for war' - Speech by Admiral Rob Bauer, Chair of the NATO Military Committee, for the ...",https://www.nato.int/cps/en/natohq/opinions_212156.htm?selectedLocale=en,"Dec 30, 2023",3.3928570246644085e-06
Rear Admiral Frances Shea Buckley > United States Navy > Display Past Woman Bio,https://www.navy.mil/Women-In-the-Navy/Past/Display-Past-Woman-Bio/Article/3345722/rear-admiral-frances-shea-buckley/,"Mar 31, 2023",2.8086964221074595e-07
Rear Admiral Mark R. Myers > United States Navy > Search,https://www.navy.mil/Leadership/Flag-Officer-Biographies/Search/Article/3217665/rear-admiral-mark-r-myers/,"Nov 14, 2022",2.8086964221074595e-07
"Chair of the NATO Military Committee, Admiral Rob Bauer attends 10th edition of the Warsaw Security Forum in Poland",https://www.nato.int/cps/en/natohq/news_219000.htm?selectedLocale=en,"Oct 4, 2023",0.0001925059041241184
"Governor, First Lady welcome U.S. Surgeon General Vice Admiral Jerome Adams to Main Street ND Summit | North ...",https://www.governor.nd.gov/news/governor-first-lady-welcome-us-surgeon-general-vice-admiral-jerome-adams-main-street-nd-summit,"Oct 30, 2019",6.06124012847431e-05
Rear Admiral Paula Campbell Brown > United States Navy > Display Past Woman Bio,https://www.navy.mil/Women-In-the-Navy/Past/Display-Past-Woman-Bio/Article/3345720/rear-admiral-paula-campbell-brown/,"Mar 30, 2023",2.8086964221074595e-07
Evelyn Fields: A trailblazer,https://www.noaa.gov/heritage/stories/evelyn-fields-trailblazer,"Feb 1, 2023",1.279644379792444e-06
Rear Admiral Jeffrey S. Scheidt > U.S,https://www.defense.gov/About/Biographies/Biography/Article/3103667/rear-admiral-jeffrey-s-scheidt/,"Jul 28, 2022",1.221142497342953e-06
"Admiral John Aquilino, Commander, U.S. Pacific Fleet, visited Thailand",https://th.usembassy.gov/admiral-john-aquilino-commander-pacific-fleet-visited-thailand/,"Aug 9, 2018",1.685569623077754e-05
"Fifth Fleet Admiral Transits Strait of Hormuz on Warship with UK, French Commanders",https://www.navy.mil/Press-Office/News-Stories/Article/3400824/fifth-fleet-admiral-transits-strait-of-hormuz-on-warship-with-uk-french-command/,"May 19, 2023",2.8086964221074595e-07
Vice Admiral Jan Tighe Nominated to Join GM's Board of Directors,https://news.gm.com/newsroom.detail.html/Pages/news/us/en/2023/apr/0428-tighe.html,"Apr 28, 2023",0.0006041792221367359
What Are Vanguard's Admiral Shares?,https://www.investopedia.com/ask/answers/102715/what-are-vanguards-admiral-shares.asp,"Mar 25, 2017",3.3108838124462636e-06
"Admiral Phil Davidson Interview, Halifax International Security Forum",https://www.pacom.mil/Media/Speeches-Testimony/Article/2028432/admiral-phil-davidson-interview-halifax-international-security-forum/,"Nov 27, 2019",0.0020635034888982773
Sailor Donates Admiral Joseph “Jocko” Clark Memorabilia to Cherokee Nation,https://www.navy.mil/Press-Office/News-Stories/Article/2844604/sailor-donates-admiral-joseph-jocko-clark-memorabilia-to-cherokee-nation/,"Nov 16, 2021",2.8086964221074595e-07
"Admiral Samuel Paparo, Commander of the U.S. Pacific Fleet, to visit Thailand August 18-21, 2022",https://th.usembassy.gov/admiral-samuel-paparo-commander-of-the-u-s-pacific-fleet-to-visit-thailand-august-18-21-2022/,"Aug 17, 2022",1.685569623077754e-05
Remarks by Admiral John C. Aquilino at the Ministry of Public Health Cold Storage mRNA Vaccine Refrigerator ...,https://th.usembassy.gov/remarks-by-admiral-john-c-aquilino-at-the-ministry-of-public-health-cold-storage-mrna-vaccine-refrigerator-donation-event-october-12-2021/,"Oct 12, 2021",1.685569623077754e-05
Rear Adm. Pamela Miller > United States Navy > BioDisplay,https://www.navy.mil/Leadership/Flag-Officer-Biographies/BioDisplay/Article/2236501/rear-adm-pamela-miller/,"Mar 9, 2023",2.8086964221074595e-07
Rachel Levine: Transgender official sworn in as four-star admiral,https://www.bbc.com/news/world-us-canada-58974627,"Oct 19, 2021",0.08129094541072845
"Admiral Harry B. Harris, Jr., Commander of U.S. Pacific Command visited Thailand",https://th.usembassy.gov/admiral-harris-commander-uspacom-visited-thailand/,"Feb 14, 2017",1.685569623077754e-05
UK’s First Sea Lord on the Royal Navy,https://www.csis.org/events/uks-first-sea-lord-royal-navy,"Oct 17, 2023",7.1164031396619976e-06
"The Future of AUKUS with Admiral Harry Harris Jr., USN (Ret.)",https://www.csis.org/events/future-aukus-admiral-harry-harris-jr-usn-ret,"Mar 30, 2023",1.4248425941332243e-06
"Trailblazing Admiral, Hall of Fame Female Diver Retires After Conquering 'Fear of the Sea' - USNI News",https://news.usni.org/2021/07/20/trailblazing-admiral-hall-of-fame-female-diver-retires-after-conquering-fear-of-the-sea,"Jul 20, 2021",1.5198270375549328e-05
"Prime Minister Kishida received a courtesy call by Admiral John C. Aquilino, Commander, U.S. Indo-Pacific Command",https://www.mofa.go.jp/na/st/page6e_000392.html,"Sep 27, 2023",1.9803801478701644e-06
"Foreign Minister Kamikawa received a courtesy call by Admiral John C. Aquilino, Commander, U.S. Indo-Pacific ...",https://www.mofa.go.jp/press/release/press6e_000497.html,"Sep 27, 2023",3.0147714369377354e-06
Biden nominates Navy admiral to run National Geospatial Intelligence Agency,https://spacenews.com/biden-nominates-navy-admiral-to-run-national-geospatial-intelligence-agency/,"Jan 10, 2022",1.894488264042593e-06
"Rear Admiral Mark Buzby, USN, Ret. Sworn In as Maritime Administrator | US Department of Transportation",https://www.transportation.gov/briefing-room/marad0417,"Aug 16, 2017",0.00011554727825568989
In and after the Navy: Rear Admiral Gretchen Herbert '84,https://www.rochester.edu/adv/alumni-news-media/2023/07/05/in-and-after-the-navy-rear-admiral-gretchen-herbert-84/,"Jul 5, 2023",8.750773122301325e-05
US Navy admiral sentenced to 18 months in 'Fat Leonard' bribery scandal,https://www.navytimes.com/news/your-navy/2017/05/17/us-navy-admiral-sentenced-to-18-months-in-fat-leonard-bribery-scandal/,"May 17, 2017",0.0014343307120725513
John F. Kirby > U.S,https://www.defense.gov/About/Biographies/Biography/article/2509734/john-f-kirby/,"Sep 22, 2022",9.239562928087253e-07
A Guide to Star Trek's Bad Admirals,https://www.startrek.com/news/a-guide-to-star-treks-bad-admirals,"Nov 12, 2022",9.191283606924117e-05
U.S. Navy Rear Admiral Swap Visits NASA Ames Research Facilities,https://www.nasa.gov/image-article/u-s-navy-rear-admiral-swap-visits-nasa-ames-research-facilities/,"Aug 19, 2022",4.6045479393796995e-05
PACOM Commander Admiral Harry Harris at His Meeting with PLA General Fang,https://www.pacom.mil/Media/News/News-Article-View/Article/627731/pacom-commander-admiral-harry-harris-at-his-meeting-with-pla-general-fang/,"Nov 4, 2015",0.4195597767829895
First indictment in Investigation Admiral: 12 suspects and 15 companies charged with massive VAT fraud | European ...,https://www.eppo.europa.eu/en/media/news/first-indictment-investigation-admiral-12-suspects-and-15-companies-charged-massive-vat,"Dec 6, 2023",0.0001543079415569082
"’Everyone is a leader at some level,’ retired Rear Admiral Tom Kearney tells Picatinny audience",https://www.army.mil/article/268265/everyone_is_a_leader_at_some_level_retired_rear_admiral_tom_kearney_tells_picatinny_audience,"Jul 11, 2023",2.5030915367096895e-06
Emerging Challenges in the OSCE Region: Vice Admiral James Foggo at the High-Level Military Doctrine Seminar,https://osce.usmission.gov/high-level-military-doctrine-seminar-emerging-challenges-in-the-osce-region/,"Feb 16, 2016",1.685569623077754e-05
Russian aircraft carrier Admiral Kuznetsov damaged by crane,https://www.bbc.com/news/world-europe-46030113,"Oct 30, 2018",0.0001929597492562607
Grace Murray Hopper (1906-1992): A legacy of innovation and service,https://news.yale.edu/2017/02/10/grace-murray-hopper-1906-1992-legacy-innovation-and-service,"Feb 10, 2017",2.0870857042609714e-06
"Trump Nominates Current White House Physician, Navy Admiral as Next Veterans Affairs Secretary - USNI News",https://news.usni.org/2018/03/28/trump-nominates-current-white-house-physician-navy-admiral-next-veterans-affairs-secretary,"Mar 28, 2018",1.9244987925048918e-05
Ukraine says it killed Russian Admiral Viktor Sokolov. Russia says he’s alive.,https://www.washingtonpost.com/world/2023/09/26/sokolov-crimea-admiral-russia-ukraine/,"Sep 26, 2023",0.003638018388301134
U.S. Admiral: China Can 'Keep Pouring Money' Into Anti-Ship Ballistic Missiles - USNI News,https://news.usni.org/2021/01/27/u-s-admiral-china-can-keep-pouring-money-into-anti-ship-ballistic-missiles,"Jan 27, 2021",8.479194548272062e-06
$799 a month: Inside downtown Portland's 1909 Admiral Apartments,https://www.oregonlive.com/life-and-culture/erry-2018/08/eb71e67a1e5989/799-a-month-inside-downtown-po.html,"Aug 24, 2018",2.0089219106012024e-06
"Admiral Carlisle Trost as CNO | Naval History Magazine - December 2020 Volume 34, Number 6",https://www.usni.org/magazines/naval-history-magazine/2020/december/admiral-carlisle-trost-cno,"Nov 3, 2020",5.714716735383263e-07
A conversation with Admiral Nimitz Foundation CEO General Michael Hagee USMC (Ret.),https://www.kcbx.org/podcast/journeys-of-discovery-with-tom-wilmer/2023-03-02/a-conversation-with-admiral-nimitz-foundation-ceo-general-michael-hagee-usmc-ret,"Mar 2, 2023",4.875152626482304e-06
How data-driven decisions can transform consumer lending,https://www.ft.com/partnercontent/aws-and-intel/how-data-driven-decisions-can-transform-consumer-lending.html,"Jan 23, 2023",0.00030668891849927604
Red admiral butterfly population soars 400% in UK as winters warm,https://www.theguardian.com/environment/2023/aug/03/red-admiral-butterfly-population-uk-sightings-winters-warm-climate,"Aug 3, 2023",0.0001598807575646788
"British Embassy Washington Welcomes New Defence Attaché, Rear Admiral Tim Woods",https://www.gov.uk/government/news/british-embassy-washington-welcomes-new-defence-attache-rear-admiral-tim-woods,"Jan 25, 2023",1.014337976812385e-05
Admiral seals connected car agreement with Redtail Telematics,https://www.ft.com/content/c7c8cc46-1a92-11e5-8201-cbdb03d71480,"Jun 29, 2015",3.8700050026818644e-06
"First Sea Lord, Admiral Sir Ben Key DSEI 2023 Keynote",https://www.gov.uk/government/speeches/first-sea-lord-admiral-sir-ben-key-dsei-2023-keynote,"Sep 13, 2023",0.0016728080809116364
Admiral Sir Tony Radakin KCB ADC,https://www.gov.uk/government/people/tony-radakin,"Jun 19, 2019",8.069971499935491e-07
Chief of the Defence Staff Admiral Sir Tony Radakin RUSI Lecture 2023,https://www.gov.uk/government/speeches/chief-of-the-defence-staff-admiral-sir-tony-radakin-rusi-lecture-2023,"Dec 13, 2023",0.001957243774086237
2020 Alexander Dalrymple Award presented to Vice Admiral Dr Harjo Susmoro,https://www.gov.uk/government/news/2020-alexander-dalrymple-award-presented-to-vice-admiral-dr-harjo-susmoro,"Sep 6, 2022",0.014932672493159771
Vice Admiral Phil Hally CB MBE,https://www.gov.uk/government/people/phil-hally,"Mar 10, 2023",5.90851277593174e-06
Fire Damage to Russian Aircraft Carrier Admiral Kuznetsov Estimated at 350 mln Rubles,https://www.navalnews.com/naval-news/2020/08/fire-damage-to-russian-aircraft-carrier-admiral-kuznetsov-estimated-at-350-mln-rubles/,"Aug 24, 2020",2.1523293980862945e-05
Admiral Michael Rogers,https://www.npc.org.au/speaker/2022/1044-admiral-michael-rogers,"Jul 4, 2022",0.004369793925434351
Vice Admiral Andy Kyte CB FCILT,https://www.gov.uk/government/people/andy-kyte,"Sep 25, 2023",9.201791044688434e-07
UKHO confirms Rear Admiral Rhett Hatcher as National Hydrographer & Deputy Chief Executive,https://www.gov.uk/government/news/ukho-confirms-rear-admiral-rhett-hatcher-as-national-hydrographer-deputy-chief-executive,"Jul 26, 2021",0.13323284685611725
Vice Admiral appointed NATO Deputy Supreme Allied Commander Europe,https://www.gov.uk/government/news/vice-admiral-appointed-nato-deputy-supreme-allied-commander-europe,"Nov 18, 2022",0.01343722827732563
Vice Admiral Sir Chris Gardner KBE appointed as new SDA Chief Executive Officer,https://www.gov.uk/government/news/vice-admiral-sir-chris-gardner-kbe-appointed-as-new-sda-chief-executive-officer--2,"Aug 10, 2022",0.00023918783699627966
Vice Admiral Sir Ben Key KCB CBE has been appointed to First Sea Lord and Chief of the Naval Staff,https://www.gov.uk/government/news/vice-admiral-sir-ben-key-kcb-cbe-has-been-appointed-to-first-sea-lord-and-chief-of-the-naval-staff,"Oct 15, 2021",0.9999798536300659
Rear Admiral Andy Kyte CB announced as the next Chief of Defence Logistics and Support,https://www.gov.uk/government/news/rear-admiral-andy-kyte-cb-announced-as-the-next-chief-of-defence-logistics-and-support,"Nov 24, 2022",4.1688017518026754e-05
Rear-Admiral Craig Baines tapped to lead Canada's navy,https://www.cbc.ca/news/politics/navy-canadian-forces-craig-baines-1.5862150,"Jan 5, 2021",1.9353283278178424e-05
Rear Admiral Alberto Soto Valenzuela,https://www.armada.cl/chilean-navy/admiralty-board/rear-admirals/rear-admiral-alberto-soto-valenzuela,"Sep 10, 2021",5.095602091387263e-07
"Vice Admiral Sir Tim Laurence, KCVO, CB appointed as Chair to the Science Museum Group",https://www.gov.uk/government/news/vice-admiral-sir-tim-laurence-kcvo-cb-appointed-as-chair-to-the-science-museum-group,"Dec 1, 2023",3.3520308306833613e-07
The journey from specialist dementia nurse to Admiral Nurse,https://www.nursingtimes.net/from-our-sponsors/the-journey-from-specialist-dementia-nurse-to-admiral-nurse-07-06-2022/,"Jun 7, 2022",2.5098990590777248e-05
MINDEF Singapore,https://www.mindef.gov.sg/web/portal/mindef/about-us/leadership-biographies/biographies-detail/saf-leadership/chief-of-defence-force,"May 9, 2018",4.634138804249233e-06
Green Appeal,https://www.admiral.com/magazine/guides/money/green-appeal,"Aug 17, 2022",0.5351777672767639
How to make an old home more energy efficient,https://www.admiral.com/home-insurance/energy-efficient-homes,"Oct 24, 2019",0.00020677197608165443
Admiral's £115m deal with pet and home insurance firm More Than,https://www.bbc.co.uk/news/uk-wales-67652754,"Dec 7, 2023",1.3916936723035178e-06
"60 Seconds with Vice-Admiral Ron Lloyd, Commander of the Royal Canadian Navy",https://www.canada.ca/en/department-national-defence/corporate/video/60-seconds-with/vice-admiral-ron-lloyd-commander-of-the-royal-canadian-navy.html,"Jul 6, 2018",0.5726675391197205
Admiral Sir Tony Radakin KCB ADC appointed new Chief of the Defence Staff,https://www.gov.uk/government/news/admiral-sir-tony-radakin-kcb-adc-appointed-new-chief-of-the-defence-staff,"Oct 7, 2021",0.9985634684562683
Account Types - comparison of our trading accounts,https://admiralmarkets.com/start-trading/account-types,"Jan 13, 2017",2.218613190052565e-06
"Rear Admiral Philip Spedding, DSC AM, RAN (rtd)",https://www.wa.gov.au/government/people/philip-spedding,"Oct 2, 2023",0.0004497058398555964
No claims bonus: how it gives you a discount,https://www.admiral.com/magazine/guides/car-insurance/how-the-no-claims-bonus-works,"Jan 16, 2018",0.00010851604747585952
RSA completes personal lines exit with sale of UK operations to Admiral,https://www.insurancetimes.co.uk/news/rsa-completes-personal-lines-exit-with-sale-of-uk-operations-to-admiral/1447318.article,"Dec 7, 2023",5.637911272060592e-06
"Vice Admiral G Ashok Kumar, AVSM, VSM assumes charge as Vice Chief of the Naval Staff",https://pib.gov.in/Pressreleaseshare.aspx?PRID=1561875,"Aug 25, 2019",7.074180530253216e-07
Start Investing in Stocks and ETFs with Admirals,https://admiralmarkets.com/start-trading/admiral-invest-stocks-and-etfs,"Aug 29, 2018",2.6940555471810512e-05
UK Hydrographic Office appoints Rear Admiral Tim Lowe CBE as Acting Chief Executive,https://www.gov.uk/government/news/uk-hydrographic-office-appoints-rear-admiral-tim-lowe-cbe-as-acting-chief-executive,"Dec 10, 2018",0.01648157276213169
Admiral Muskwe: Exeter City sign striker from Luton Town on season-long loan,https://www.bbc.co.uk/sport/football/66684565,"Sep 1, 2023",3.954660496674478e-05
Learner Driver Insurance - Cheap Car Insurance For Learners,https://www.admiral.com/learner-driver-insurance,"Oct 1, 2017",0.012857113964855671
Temporary Car Insurance & Short Term Car Insurance,https://www.admiral.com/car-insurance/temporary-car-insurance,"Jul 23, 2020",2.023526576522272e-05
Win Admiral on DVD,https://moviesgamesandtech.com/2015/08/02/win-admiral-on-dvd/,"Aug 2, 2015",0.0003414079546928406
