title,link,date,sentiment_score
Alliance Trust strikes deal with Elliott Advisors,https://www.theguardian.com/business/2015/apr/28/alliance-trust-strikes-a-deal-with-elliott-advisors,"Apr 28, 2015",0.000433218025136739
"Trust Me, I'm a Museum – American Alliance of Museums",https://www.aam-us.org/2015/02/03/trust-me-im-a-museum/,"Feb 3, 2015",2.041300149357994e-06
Alliance Trust confirms approach by Jacob Rothschild,https://www.ft.com/content/c8779024-25a8-11e6-8b18-91555f2f4fde,"May 30, 2016",3.8700050026818644e-06
Land Trust Alliance lauds Hutson for legislative push,https://www.sbc.edu/live/news/2553-land-trust-alliance-lauds-hutson-for-legislative,"Feb 18, 2016",0.0002670586109161377
Introducing the Alliance for Resource Equity,https://edtrust.org/the-equity-line/introducing-the-alliance-for-resource-equity/,"Feb 24, 2020",0.022384516894817352
Akamai and Deloitte Announce Strategic Alliance to Deliver Zero Trust Segmentation and Managed Incident Response,https://www.prnewswire.com/news-releases/akamai-and-deloitte-announce-strategic-alliance-to-deliver-zero-trust-segmentation-and-managed-incident-response-301982930.html,"Nov 9, 2023",0.9999160766601562
Katherine Garrett-Cox to step down from Alliance Trust board,https://www.theguardian.com/business/2015/oct/01/katherine-garrett-cox-steps-down-alliance-trust-board,"Oct 1, 2015",0.0011221783934161067
Ceding Authority and Seeding Trust – American Alliance of Museums,https://www.aam-us.org/2019/07/01/ceding-authority-and-seeding-trust/,"Jul 1, 2019",2.3578404579893686e-05
Alliance Trust: not worth saving,https://www.ft.com/content/c48fc0cc-2737-11e6-8b18-91555f2f4fde,"May 31, 2016",3.8700050026818644e-06
Alliance Trust confirms RIT made approach about £5bn merger,https://www.theguardian.com/business/2016/may/30/alliance-rit-proposal-jacob-rothschild,"May 30, 2016",2.5664089662313927e-06
"TrendsWatch 2019: Truth, Trust, and Fake News – American Alliance of Museums",https://www.aam-us.org/2019/04/17/trendswatch-2019-truth-trust-and-fake-news/,"Apr 17, 2019",9.966287325369194e-05
Alliance Trust takes least embarrassing option over board appointments,https://www.theguardian.com/business/nils-pratley-on-finance/2015/apr/28/alliance-trust-takes-least-embarrassing-option-over-board-appointments,"Apr 28, 2015",9.973064152291045e-06
Alliance Trust chairwoman to step down,https://www.theguardian.com/business/2015/nov/27/alliance-trust-chairwoman-to-step-down,"Nov 27, 2015",0.017742134630680084
Alliance Trust chairman says all-male board will change,https://www.theguardian.com/business/2016/mar/04/alliance-trust-chair-lord-smith-all-male-board-change,"Mar 4, 2016",4.727366558654467e-06
Alliance Trust's Garrett-Cox to leave in March,https://www.theguardian.com/business/2016/feb/15/alliance-trust-katherine-garrett-cox-to-leave-in-march,"Feb 15, 2016",1.7124013538705185e-05
Exploring Museums and Trust 2021 – American Alliance of Museums,https://www.aam-us.org/2021/10/05/exploring-museums-and-trust-2021/,"Oct 5, 2021",1.782982872100547e-05
What Does it Mean to Trust a Museum?,https://www.aam-us.org/2022/03/01/what-does-it-mean-to-trust-a-museum/,"Mar 1, 2022",9.061982382263523e-07
Katherine Garrett-Cox to leave Alliance Trust,https://www.bbc.com/news/uk-scotland-tayside-central-35578159,"Feb 15, 2016",9.92221976048313e-06
Katherine Garrett-Cox to leave Alliance Trust after losing battle,https://www.ft.com/content/7863bbd0-d3c8-11e5-829b-8564e7528e54,"Feb 15, 2016",3.8700050026818644e-06
Launching the UK Trust and Safety Alliance,https://news.airbnb.com/en-uk/launching-the-uk-trust-and-safety-alliance/,"Jul 19, 2021",0.009393971413373947
Alliance Trust's Founder and CEO on what sets her company apart — and what it has to offer,https://www.canadianlawyermag.com/news/general/alliance-trusts-founder-and-ceo-on-what-sets-her-company-apart-and-what-it-has-to-offer/361853,"Nov 18, 2021",0.0003383849689271301
Alliance Trust announces stock picker changes,https://quoteddata.com/2021/04/alliance-trust-announces-stock-picker/,"Apr 16, 2021",2.614037111925427e-05
Alliance Trust - Coming into its own,https://quoteddata.com/research/alliance-trust-coming-qd/,"Nov 16, 2023",0.16980452835559845
CrowdStrike and Cloud Security Alliance Enable Pervasive Zero Trust,https://www.crowdstrike.com/blog/crowdstrike-and-cloud-security-alliance-enable-pervasive-zero-trust/,"Mar 9, 2022",0.02502100169658661
Spectra Alliance's Strategic Approach to Zero Trust Adoption,https://www.crowdstrike.com/blog/spectra-alliances-strategic-approach-to-zero-trust-adoption/,"Aug 6, 2021",0.9997872710227966
Interactive Investor buys Alliance Trust Savings,https://quoteddata.com/2018/10/interactive-investor-buys-alliance-trust-savings/,"Oct 22, 2018",0.9972919821739197
Alliance Trust plc (ATST) Ordinary 2.5p Shares share price | ATST,https://www.hl.co.uk/shares/shares-search-results/a/alliance-trust-plc-ordinary-2.5p-shares,"Jul 22, 2018",0.00015865269233472645
Alliance Trust - Coming into its own,https://quoteddata.com/research/alliance-trust-coming-in/,"Nov 16, 2023",0.7656196355819702
Japan specialist Dalton Investments appointed as stock picker for Alliance Trust,https://www.scottishfinancialnews.com/articles/japan-specialist-dalton-investments-appointed-as-stock-picker-for-alliance-trust,"Jul 24, 2023",0.005067352671176195
Total triumph for activists at Alliance as Forseke calls it quits,https://www.independent.co.uk/news/business/news/total-triumph-for-activists-at-alliance-trust-as-karin-forseke-calls-it-quits-a6752386.html,"Nov 28, 2015",0.00047750791418366134
Renault weighs reducing Nissan stake through a trust,https://asia.nikkei.com/Business/Nissan-Renault-alliance/Renault-weighs-reducing-Nissan-stake-through-a-trust,"Nov 17, 2022",7.218027167255059e-05
Arizona 'In God We Trust' license plate funds Alliance Defending Freedom,https://www.azcentral.com/story/news/politics/arizona/2019/02/09/arizona-in-god-we-trust-license-plate-funds-alliance-defending-freedom/2779900002/,"Feb 9, 2019",3.521965118125081e-05
Rothschild's RIT makes move for Alliance Trust,https://www.telegraph.co.uk/business/2016/05/29/rothschilds-rit-makes-move-for-alliance-trust/,"May 29, 2016",3.8831945857964456e-05
"Elliott is 'destructive', warns Alliance Trust chairman Karin Forseke",https://www.telegraph.co.uk/finance/newsbysector/banksandfinance/11543745/Elliott-is-destructive-warns-Alliance-Trust-chairman-Karin-Forseke.html,"Apr 16, 2015",4.9884645704878494e-05
Katherine Garrett-Cox | World Economic Forum,https://www.weforum.org/people/katherine-garrett-cox/,"Apr 12, 2016",1.9144410998706007e-06
"Passive ETFs are cheap, but stockpickers cannot be ignored",https://www.ft.com/content/9690cfb9-df9d-4bd3-a569-e09c78797936,"Apr 25, 2023",0.5587427020072937
WTW's fund selector on what he wants from managers,https://www.ftadviser.com/investments/2023/10/13/wtw-s-fund-selector-on-what-he-wants-from-managers/,"Oct 13, 2023",2.951125850358949e-07
IC Interviews: Alliance Trust fund selector Craig Baker,https://www.investorschronicle.co.uk/podcasts/2023/09/05/ic-interviews-investment-officer-craig-baker/,"Sep 5, 2023",1.0998880497936625e-05
Alliance Trust chairman Karin Forseke steps down after board shake-up,https://www.telegraph.co.uk/finance/newsbysector/banksandfinance/12020255/Alliance-Trust-chairman-Karin-Forseke-steps-down-after-board-shake-up.html,"Nov 27, 2015",0.9999984502792358
The best funds to hold alongside Alliance Trust,https://www.trustnet.com/news/13367808/the-best-funds-to-hold-alongside-alliance-trust,"Mar 20, 2023",0.2475852519273758
'In Milk Tea We Trust': How a Thai-Chinese Meme War Led to a New (Online) Pan-Asia Alliance,https://thediplomat.com/2020/04/in-milk-tea-we-trust-how-a-thai-chinese-meme-war-led-to-a-new-online-pan-asia-alliance/,"Apr 18, 2020",5.154480732016964e-06
Alliance Trust can learn lessons from former Ignis chief,https://www.ftadviser.com/2015/09/28/opinion/dan-jones/alliance-trust-can-learn-lessons-from-former-ignis-chief-uUb026irOJWXreuYF7lPXI/article.html,"Sep 28, 2015",5.5587154434988406e-08
Rothschild investment fund confirms bid talks with Alliance Trust,https://www.telegraph.co.uk/business/2016/05/31/rothschild-investment-fund-confirms-bid-talks-with-alliance-trus/,"May 31, 2016",8.831198647385463e-05
Alliance Trust – a fund for all seasons?,https://www.investorschronicle.co.uk/news/2022/08/18/alliance-trust-a-fund-for-all-seasons/,"Aug 18, 2022",0.0006492831744253635
Garrett-Cox off-loads shares as Alliance Trust targets £6m of 2016 savings,https://www.scottishfinancialnews.com/article/garrett-cox-off-loads-shares-as-alliance-trust-targets-6m-of-2016-savings,"Dec 16, 2015",0.00010435291187604889
Liontrust sustainable manager to reunite with Alliance Trust boss at boutique,https://portfolio-adviser.com/liontrust-sustainable-manager-to-reunite-with-alliance-trust-boss-at-boutique/,"Nov 9, 2020",0.9987037181854248
Elliot investor fund sells its share of Alliance Trust,https://www.bbc.co.uk/news/uk-scotland-scotland-business-38769498,"Jan 27, 2017",0.9997912049293518
Katherine Garrett-Cox leaves Alliance Trust board amid historical shake up at troubled investment trust - CityAM,https://www.cityam.com/katherine-garrett-cox-leaves-alliance-trust-board-amid-historical-shake-troubled-investment/,"Oct 1, 2015",0.003848524298518896
Ex-director Tim Ingram piles pressure on Alliance Trust chief executive - CityAM,https://www.cityam.com/ex-director-piles-pressure-alliance-trust-chief-executive/,"Mar 30, 2015",0.7335851192474365
Alliance Trust: April 2023 investment trust update,https://www.hl.co.uk/shares/investment-trusts/investment-trust-research/alliance-trust-april-2023-investment-trust-update,"Apr 23, 2023",0.0021135560236871243
Alliance Trust's share price rises after Katherine Garrett-Cox departure confirmed - CityAM,https://www.cityam.com/alliance-trusts-share-price-rises-after-katherine-garrett-cox-departure-confirmed/,"Feb 15, 2016",0.999355137348175
All change at Alliance Trust,https://masterinvestor.co.uk/funds-and-investment-trusts/all-change-at-alliance-trust/,"Oct 15, 2015",0.0020432514138519764
Alliance Trust sells Alliance Trust Savings arm in £40m deal,https://www.insider.co.uk/news/alliance-trust-savings-interactive-investor-13456921,"Oct 22, 2018",0.0038174677174538374
Man in charge of Alliance Trust's billions recalls stock market collapse,https://www.thecourier.co.uk/fp/business-environment/business/2022061/man-in-charge-of-alliance-trusts-billions-recalls-stock-market-collapse/,"Mar 5, 2021",0.02636687457561493
Fund Battle: Alliance Trust vs F&C Investment Trust,https://www.ii.co.uk/analysis-commentary/fund-battle-alliance-trust-vs-fc-investment-trust-ii529268,"Sep 26, 2023",8.136874384945258e-06
Keep your eye on the old beasts of investment,https://www.thetimes.com/business-money/money/article/keep-your-eye-on-the-old-beasts-of-investment-fjqlq7c6k,"Aug 13, 2022",0.0006264456897042692
'Generalist' investment trusts: life in the old dogs yet?,https://www.investorschronicle.co.uk/news/2022/09/23/generalist-investment-trusts-life-in-the-old-dog-yet/,"Sep 23, 2022",1.3599338672065642e-05
EXCLUSIVE: Dundee firm Alliance Trust Savings censured after whistleblower's 'spying' concerns,https://www.thecourier.co.uk/fp/news/dundee/1321856/exclusive-dundee-firm-alliance-trust-savings-censured-after-whistleblowers-spying-concerns/,"May 18, 2020",2.349580063309986e-05
Financial services veteran appointed to Direct Line board,https://www.insider.co.uk/appointments/financial-services-veteran-appointed-direct-12107618,"Mar 1, 2018",0.9483180642127991
Allianz Life Insurance and Pensions Alliance Trust launch partnership,https://www.myjoyonline.com/allianz-life-insurance-and-pensions-alliance-trust-launch-partnership/,"Aug 16, 2021",0.32555288076400757
The latest articles written by James Baxter-Derrington - Page 1,https://www.investmentweek.co.uk/author/b1cb999a-95d5-45b8-9ea3-50364e677412/james-baxter-derrington,"Oct 21, 2019",1.8436670643495745e-06
DAILY BRIEFING: Jacob Rothschild abandons plans for £5bn merger between RIT Capital Partners and Alliance Trus,https://www.thisismoney.co.uk/money/markets/article-3629888/DAILY-BRIEFING-Jacob-Rothschild-abandons-plans-5bn-merger-RIT-Capital-Partners-Alliance-Trust.html,"Jun 7, 2016",0.11040696501731873
Katherine Garrett-Cox: My £1.3m pay gets more attention because I'm,https://www.standard.co.uk/business/business-news/katherine-garrettcox-my-ps1-3m-pay-gets-more-attention-because-i-m-not-a-man-10250044.html,"May 14, 2015",1.3046295862295665e-05
Battle of the big three multi-manager trusts: who comes out on top?,https://www.ii.co.uk/analysis-commentary/battle-big-three-multi-manager-trusts-who-comes-out-top-ii524378,"Jun 22, 2022",6.573744030902162e-05
ii agrees sale of ATS advisory and partnership business,https://www.ii.co.uk/analysis-commentary/ii-agrees-sale-ats-advisory-and-partnership-business-ii509572,"Oct 28, 2019",0.9999885559082031
Is it time to invest in one of these dividend hero trusts?,https://www.thisismoney.co.uk/money/investing/article-11381011/Is-time-invest-one-dividend-hero-trusts.html,"Nov 3, 2022",0.9416284561157227
Gousto delivers Garrett-Cox as chair as meal-kit provider races towards float,https://news.sky.com/story/gousto-delivers-garrett-cox-as-chair-as-meal-kit-provider-races-towards-float-12299216,"May 7, 2021",0.012994644232094288
Alliance Trust Savings Review UK for 2024,https://investingreviews.co.uk/reviews/alliance-trust-savings/,"Sep 8, 2023",1.1700172763084993e-05
