title,link,date,sentiment_score
Who we are and what we do,https://www.aviva.com/about-us/who-we-are-and-what-we-do/,"Nov 17, 2017",0.9995251893997192
Climate-related financial disclosure,https://www.aviva.com/sustainability/reporting/climate-related-financial-disclosure/,"May 5, 2021",5.533494459086796e-06
Aviva achieves validation of its science-based emission targets,https://www.aviva.com/newsroom/news-releases/2022/12/aviva-achieves-validation-of-its-science-based-emission-targets/,"Dec 23, 2022",0.003688241820782423
Aviva to acquire Succession Wealth,https://www.aviva.com/newsroom/news-releases/2022/03/aviva-to-acquires-succession-wealth/,"Mar 2, 2022",0.9999997615814209
Shareholder services,https://www.aviva.com/investors/shareholder-services/,"Nov 30, 2017",0.0011207184288650751
Aviva to acquire AIG's UK protection business,https://www.aviva.com/newsroom/news-releases/2023/09/aviva-to-acquire-aig-uk-protection-business/,"Sep 25, 2023",1.0
Climate ready Index,https://www.aviva.com/sustainability/climateready/,"Nov 7, 2022",0.002797364490106702
"Aviva Plc Insurance Strategy and Market Analysis, Claims, Business Lines, Competitive Landscape, Trends ...",https://www.globaldata.com/store/report/aviva-plc-insurance-strategy-analysis/,"Dec 8, 2022",0.9999886751174927
Corebridge Financial to Sell UK Life Insurance Business to Aviva plc,https://finance.yahoo.com/news/corebridge-financial-sell-uk-life-060700026.html,"Sep 24, 2023",0.9996151924133301
Aviva appoints Charlotte Jones as Chief Financial Officer*,https://www.aviva.com/newsroom/news-releases/2022/04/aviva-appoints-charlotte-jones-as-chief-financial-officer/,"Apr 4, 2022",0.00021389695757534355
Trading update – first quarter 2023,https://www.aviva.com/investors/q1-2023-update/,"May 24, 2023",1.0
Aviva Foundation,https://www.aviva.com/sustainability/aviva-foundation/,"Jan 17, 2023",0.0001335768902208656
Dame Amanda Blanc,https://www.aviva.com/about-us/leader-profiles/amanda-blanc/,"Jan 3, 2020",0.23775801062583923
Voting results of 2022 Annual General Meeting,https://www.aviva.com/newsroom/news-releases/2022/05/voting-results-of-2022-annual-general-meeting/,"May 9, 2022",1.0049361662822776e-06
Aviva to exit Taiwan,https://www.aviva.com/newsroom/news-releases/2017/10/aviva-to-exit-taiwan/,"Oct 13, 2017",0.1738395243883133
Gender divisions in work life beyond the pandemic,https://www.aviva.com/newsroom/news-releases/2021/07/gender-divisions-in-work-life-beyond-the-pandemic/,"Jul 12, 2021",0.0011923835845664144
Aviva makes new investments in innovation,https://www.aviva.com/newsroom/news-releases/2021/01/aviva-makes-new-investments-in-innovation/,"Jan 21, 2021",0.9999250173568726
Work-life balance overtakes salary post-pandemic,https://www.aviva.com/newsroom/news-releases/2022/08/work-life-balance-overtakes-salary-post-pandemic/,"Aug 24, 2022",0.008806987665593624
AM Best withdraws credit ratings of Aviva plc and subsidiaries,https://www.theinsurer.com/news/am-best-withdraws-credit-ratings-of-aviva-plc-and-subsidiaries/,"Jun 16, 2023",0.0002872368786484003
Shareholder update - June 2022,https://www.aviva.com/investors/shareholder-updates/2022-june/,"Jun 28, 2022",2.5739835109561682e-05
Aviva at COP15,https://www.aviva.com/sustainability/COP15/,"Dec 12, 2022",0.003186299931257963
UK businesses at climate change crossroads,https://www.aviva.com/newsroom/news-releases/2023/10/uk-businesses-at-climate-change-crossroads/,"Oct 29, 2023",0.00018345194985158741
Aviva appoints Maurice Tulloch as Chief Executive Officer,https://www.aviva.com/newsroom/news-releases/2019/03/aviva-appoints-maurice-tulloch-as-chief-executive-officer/,"Mar 4, 2019",0.9850362539291382
Aviva plc invests $10 million in Female Innovators Lab Fund,https://www.aviva.com/newsroom/news-releases/2022/09/aviva-plc-invests-10-million-in-female-innovators-lab-fund/,"Sep 26, 2022",0.1315564662218094
Voting results of 2021 Annual General Meeting,https://www.aviva.com/newsroom/news-releases/2021/05/voting-results-of-2021-annual-general-meeting/,"May 6, 2021",3.627359603797231e-07
"Peculiar claims, famous firsts and celebrated customers",https://www.aviva.com/newsroom/news-releases/2022/01/peculiar-claims-famous-firsts-and-celebrated-customers/,"Jan 24, 2022",5.355318535293918e-06
In focus: Canada,https://www.aviva.com/investors/in-focus-canada/,"Jul 6, 2021",2.345389293623157e-05
Aviva becomes the majority shareholder in its India joint venture,https://www.aviva.com/newsroom/news-releases/2022/09/aviva-becomes-the-majority-shareholder-in-its-India-joint-venture/,"Sep 28, 2022",0.9691436290740967
Aviva completes the acquisition of Succession Wealth,https://www.aviva.com/newsroom/news-releases/2022/08/aviva-completes-the-acquisition-of-succession-wealth/,"Aug 11, 2022",0.9997972846031189
From ashes to algorithms: how partnerships shape the future,https://www.aviva.com/newsroom/perspectives/2023/08/from-ashes-to-algorithms-how-partnerships-shape-the-future/,"Aug 9, 2023",0.0001148857845691964
Aviva colleagues named in HERoes Role Model Lists,https://www.aviva.com/newsroom/news-releases/2022/09/aviva-colleagues-named-in-heroes-role-model-lists/,"Sep 8, 2022",0.0012846585595980287
Shareholder update - June 2023,https://www.aviva.com/investors/shareholder-updates/2023-june/,"Jun 9, 2023",2.1429781554616056e-05
Aviva confirms acquisition of Azur's high-net-worth business,https://www.aviva.com/newsroom/news-releases/2022/08/aviva-confirms-acquisition-of-azurs-high-net-worth-business/,"Aug 2, 2022",0.9999997615814209
Director Declaration,https://www.aviva.com/newsroom/news-releases/2022/08/director-declaration/,"Aug 2, 2022",2.722549470490776e-05
Aviva secures £120m buy-in with NTL 1999 Pension Scheme,https://www.aviva.com/newsroom/news-releases/2023/07/aviva-secures-120-million-buy-in-with-ntl-1999-pension-scheme/,"Jul 20, 2023",0.33810505270957947
Our plan to be Net Zero by 2040,https://www.aviva.com/newsroom/news-releases/2021/03/aviva-becomes-the-first-major-insurer-worldwide-to-target-Net-Zero-carbon-by-2040/,"Mar 1, 2021",0.0005889175808988512
About the Archive,https://www.aviva.com/about-us/our-heritage/about-archive/,"Feb 27, 2020",0.00014194464893080294
Aviva urges residents to take care during Bonfire Night celebrations,https://www.aviva.com/newsroom/news-releases/2023/11/aviva-urges-residents-to-take-care-during-bonfire-night-celebrations/,"Nov 1, 2023",0.003563105594366789
Tracy Garrad,https://www.aviva.com/about-us/leader-profiles/tracy-garrad/,"Oct 18, 2023",4.223247378831729e-05
Behind the doors of the Bridgertons' neighbours,https://www.aviva.com/newsroom/news-releases/2022/05/behind-the-doors-of-bridgertons-neighbours/,"May 3, 2022",3.739799296909041e-07
Appointment of Pippa Lambert as Non-Executive Director of Aviva plc,https://www.aviva.com/newsroom/news-releases/2020/12/appointment-of-pippa-lambert-as-non-executive-director-of-aviva-plc/,"Dec 9, 2020",0.13524140417575836
Aviva completes sale of Aviva Vietnam,https://www.aviva.com/newsroom/news-releases/2021/12/aviva-completes-sale-of-aviva-vietnam/,"Dec 29, 2021",0.0004565520794130862
Aviva to exit Singlife joint venture,https://www.aviva.com/newsroom/news-releases/2023/09/aviva-to-exit-singlife-joint-venture/,"Sep 13, 2023",0.0015589511021971703
Danielle Harmer,https://www.aviva.com/about-us/leader-profiles/danielle-harmer/,"Feb 17, 2020",0.008894598111510277
Gender Pension Gap widens from the age of thirty-five,https://www.aviva.com/newsroom/news-releases/2022/03/gender-pension-gap-widens-from-the-age-of-thirty-five/,"Mar 8, 2022",0.00023224861070048064
Onboarding process for start-ups,https://www.aviva.com/about-us/the-fintech-pledge/,"Jan 2, 2022",0.9999939203262329
Younger employees more likely to talk about money worries,https://www.aviva.com/newsroom/news-releases/2022/06/younger-employees-more-likely-to-talk-about-money-worries/,"Jul 4, 2022",0.00014678313164040446
Shareholder update - December 2023,https://www.aviva.com/investors/shareholder-updates/2023-december/,"Dec 13, 2023",2.2965385142015293e-05
IFRS 17 transition update,https://www.aviva.com/investors/ifrs-17-transition-update/,"Jul 19, 2023",0.01242448203265667
Aviva invests £50m into sustainability focused venture capital funds,https://www.aviva.com/newsroom/news-releases/2021/12/aviva-invests-50-million-into-sustainability-focused-venture-capital-funds/,"Dec 20, 2021",0.9999097585678101
Almost half of people don't report coronavirus scams,https://www.aviva.com/newsroom/news-releases/2020/07/almost-half-of-people-dont-report-coronavirus-scams/,"Jul 22, 2020",4.56135967397131e-05
Women in Finance Climate Action Group,https://www.aviva.com/sustainability/women-in-finance/,"Nov 5, 2021",0.003932927269488573
Over-65s top poll of climate-conscious behaviours,https://www.aviva.com/newsroom/news-releases/2023/10/over-65s-top-poll-of-climate-conscious-behaviours/,"Oct 29, 2023",7.67025449022185e-06
Residents in the dark about risks posed by flooding,https://www.aviva.com/newsroom/news-releases/2023/10/residents-in-the-dark-about-risks-posed-by-flooding/,"Oct 16, 2023",0.00012300907110329717
Shareholder updates,https://www.aviva.com/investors/shareholder-updates/,"Nov 17, 2017",7.85084193921648e-06
Aviva's equal parental leave remains popular during Covid-19 pandemic,https://www.aviva.com/newsroom/news-releases/2021/04/avivas-equal-parental-leave-remains-popular-during-covid-19-pandemic/,"Apr 26, 2021",4.777165304403752e-05
Aviva completes sale of Aviva Italia for £284m,https://www.aviva.com/newsroom/news-releases/2021/10/aviva-completes-sale-of-aviva-italia-for-284m/,"Oct 1, 2021",1.284737322748697e-06
John Cummings,https://www.aviva.com/about-us/leader-profiles/john-cummings/,"Jan 21, 2022",0.017728609964251518
Dame Amanda Blanc | Who we are | Home,https://www.bp.com/en/global/corporate/who-we-are/board-and-executive-management/the-board/amanda-blanc.html,"Sep 1, 2022",5.534821320907213e-05
Preventing frozen and burst pipes this winter,https://www.aviva.com/newsroom/news-releases/2023/11/preventing-frozen-and-burst-pipes-this-winter/,"Nov 27, 2023",0.00021580778411589563
Insurance claims fraud up by 13% in 2021,https://www.aviva.com/newsroom/news-releases/2022/05/insurance-claims-fraud-up-by-13percent-in-2021/,"May 25, 2022",0.6739622950553894
Social media and Brand,https://www.aviva.com/newsroom/photography-and-social-media/,"Feb 3, 2023",0.07849203050136566
Aviva completes £400m bulk annuity deal with Deutsche Bank,https://www.aviva.com/newsroom/news-releases/2023/04/aviva-completes-400-million-pound-bulk-annuity-deal-with-deutsche-bank/,"Apr 4, 2023",0.25535792112350464
Aviva appoints James Hillman as Chief Risk Officer*,https://www.aviva.com/newsroom/news-releases/2023/05/aviva-appoints-james-hillman-as-chief-risk-officer/,"May 31, 2023",0.029811862856149673
30 years to reach gender equality in senior management,https://www.aviva.com/newsroom/news-releases/2022/03/30-years-to-reach-gender-equality-in-senior-management/,"Mar 7, 2022",0.015322582796216011
Publication of IFRS 17 presentation,https://www.aviva.com/investors/publication-of-IFRS-17-presentation/,"Dec 9, 2022",7.535441909567453e-06
Trading update – third quarter 2023,https://www.aviva.com/investors/q3-2023-update/,"Nov 16, 2023",0.6714926362037659
Aviva plc investor update,https://www.aviva.com/newsroom/news-releases/2019/06/aviva-plc-investor-update/,"Jun 6, 2019",0.9999841451644897
Aviva looking to enter Lloyd's insurance market,https://www.businessinsurance.com/article/20230818/STORY/912359309/Aviva-looking-to-enter-Lloyds-insurance-market,"Aug 18, 2023",0.0002858957159332931
"Aviva Boosts Shareholder Returns, Buys Succession Wealth",https://www.bloomberg.com/news/articles/2022-03-02/aviva-boosting-shareholder-returns-to-6-3-billion-after-revamp,"Mar 2, 2022",3.857173942378722e-05
Aviva snaps up key hire for top risk function,https://www.insurancebusinessmag.com/uk/news/breaking-news/aviva-snaps-up-key-hire-for-top-risk-function-447788.aspx,"Jun 1, 2023",1.054860058502527e-05
Aviva shares leap on speculation of takeover by foreign buyer,https://www.theguardian.com/business/2023/oct/06/aviva-shares-takeover-speculation-insurer-uk,"Oct 6, 2023",0.000294455821858719
"Aviva, Direct Line face IT threat to UK motor insurance dominance",https://www.spglobal.com/marketintelligence/en/news-insights/trending/oSA3pBNeYJ_lQHhSMH8kfA2,"Nov 23, 2016",0.10672376304864883
Aviva buys AIG's UK protection business for £460 million,https://www.insurancebusinessmag.com/uk/news/breaking-news/aviva-buys-aigs-uk-protection-business-for-460-million-460787.aspx,"Sep 25, 2023",4.7236339014489204e-05
Aviva commits extra £150m to Aviva Ventures to invest in early-stage businesses,https://fintech.global/2023/04/24/aviva-commits-extra-150m-to-aviva-ventures-to-invest-in-early-stage-businesses/,"Apr 24, 2023",0.9999750852584839
Aviva Investors | Asset manager | Reference Hub,https://hub.ipe.com/asset-manager/aviva-investors/415007.supplier,"Dec 12, 2019",0.9927242398262024
Aviva chief says UK should 'stop talking ourselves down' as companies shun London listings,https://www.ft.com/content/026b942c-8b7b-4777-9ebb-204ed9d9808c,"Mar 9, 2023",3.8700050026818644e-06
Aviva Plc becomes majority shareholder in its India joint venture,https://www.livemint.com/companies/news/aviva-plc-becomes-majority-shareholder-in-its-india-joint-venture-11664527039729.html,"Sep 30, 2022",0.20131579041481018
Amanda Blanc takes over from Maurice Tulloch as Aviva CEO,https://www.reinsurancene.ws/amanda-blanc-takes-over-from-maurice-tulloch-as-aviva-ceo/,"Jul 6, 2020",0.14129331707954407
Tom Stoddard to step down as CFO of Aviva,https://www.reinsurancene.ws/tom-stoddard-to-step-down-as-cfo-of-aviva/,"Jun 5, 2019",0.8982140421867371
Aviva Canada CEO reflects on results; future plans,https://www.insurancebusinessmag.com/ca/news/breaking-news/aviva-canada-ceo-reflects-on-results-future-plans-250196.aspx,"Mar 23, 2021",0.004335860256105661
Cevian builds stake in Aviva to press for cost cuts and £5bn payout,https://www.ft.com/content/59d76a4b-436e-4bb8-9d4d-211bc920842a,"Jun 8, 2021",3.8700050026818644e-06
Singlife to merge with Aviva Singapore,https://coverager.com/singlife-to-merge-with-aviva-singapore/,"Sep 12, 2020",1.8510924064685241e-06
"Aviva Director and CEO of UK Insurance, Andy Briggs to step down",https://www.reinsurancene.ws/aviva-director-and-ceo-of-uk-insurance-andy-briggs-to-step-down/,"Apr 24, 2019",4.455681846593507e-06
Aviva completes Hong Kong divestment | Insurance Business Asia,https://www.insurancebusinessmag.com/asia/news/breaking-news/aviva-completes-hong-kong-divestment-241845.aspx,"Dec 14, 2020",0.004540658555924892
Aviva Investors names global head of ESG,https://www.theasset.com/article/48845/aviva-investors-names-global-head-of-esg,"Mar 21, 2023",0.00031498612952418625
Former British Airways boss to exit Aviva's board,https://www.insurancebusinessmag.com/uk/news/breaking-news/former-british-airways-boss-to-exit-avivas-board-162995.aspx,"Mar 25, 2019",8.875338153302437e-08
Aviva Wins Celent Model Insurer Award for Data and Analytics Transformation by TCS,https://www.tcs.com/who-we-are/newsroom/press-release/aviva-wins-celent-model-insurer-award-for-data-and-analytics-transformation-by-tcs,"Jul 31, 2023",0.9999569654464722
Former British Airways boss to leave Aviva's board,https://www.insurancebusinessmag.com/au/news/breaking-news/former-british-airways-boss-to-leave-avivas-board-162999.aspx,"Mar 25, 2019",8.875338153302437e-08
Aviva agrees £5bn takeover of Friends Life,https://www.ft.com/content/46260564-79f2-11e4-8958-00144feabdc0,"Dec 2, 2014",3.8700050026818644e-06
Aviva,https://www.brunswickgroup.com/aviva-i23931/,"Jan 31, 2023",0.9965115189552307
Deals signal: Aviva sweeps up Barclays home insurance division,https://www.lifeinsuranceinternational.com/news/deals-signal-aviva-sweeps-up-barclays-home-insurance-division/,"Aug 3, 2023",3.1521292839897797e-05
Aviva explores using shareholder money to fund infrastructure projects,https://www.ft.com/content/e25b60fd-1a75-41e4-957a-d8de06eb2e8d,"Jun 4, 2022",3.8700050026818644e-06
Maurice Tulloch appointed CEO of Aviva plc,https://www.canadianunderwriter.ca/appointments/maurice-tulloch-appointed-ceo-of-aviva-plc-1004160367/,"Mar 4, 2019",1.24906557630311e-06
Aviva chief hints at pulling insurer out of international markets,https://www.ft.com/content/c72c8b3e-c893-49f1-bdfa-7fce9c9e9189,"Aug 6, 2020",3.8700050026818644e-06
AVIVA-COFCO eyes China's fast-growing health insurance sector,https://www.chinadaily.com.cn/a/202106/01/WS60b5e174a31024ad0bac2d5d.html,"Jun 1, 2021",0.3627781271934509
Aviva's strengths give it a competitive advantage,https://www.lifeinsuranceinternational.com/comment/avivas-strengths-give-it-a-competitive-advantage-according-to-socotras-survey/,"Jul 6, 2023",0.9999914169311523
‘Unacceptable’: Aviva CEO hits back at shareholder sexism,https://www.theguardian.com/inequality/2022/may/11/used-to-it-aviva-ceo-responds-after-sexist-comments-at-agm,"May 11, 2022",7.91239071986638e-05
"VR, Metaverse Insurance Claims Jump 31 Percent",https://www.xrtoday.com/mixed-reality/vr-metaverse-insurance-claims-jump-31-percent/,"Feb 14, 2022",0.0036276935134083033
Aviva Plc raises equity holding in Aviva Life India to 74%,https://www.thehindubusinessline.com/markets/aviva-plc-raises-equity-holding-in-aviva-life-india-to-74/article65954975.ece,"Sep 30, 2022",0.07643948495388031
Aviva surges on takeover speculation,https://www.sharecast.com/news/news-and-announcements/aviva-surges-on-takeover-speculation--14892352.html,"Oct 6, 2023",0.9969426989555359
Aviva posts 13% spike in General Insurance GWP in 9M 2023 results,https://www.insurancebusinessmag.com/uk/news/breaking-news/aviva-posts-13-spike-in-general-insurance-gwp-in-9m-2023-results-466861.aspx,"Nov 16, 2023",1.0
Aviva's private health cover sales jump 25% as NHS struggles with backlog,https://www.ft.com/content/cc23bc47-84b3-4ff1-b81f-3a137e699f76,"May 24, 2023",3.308161467430182e-05
Aviva confirms new CEO | Insurance Business Asia,https://www.insurancebusinessmag.com/asia/news/breaking-news/aviva-confirms-new-ceo-160570.aspx,"Mar 4, 2019",5.89385126659181e-06
"Aviva to cut 1,800 jobs worldwide",https://www.bbc.com/news/business-48538964,"Jun 6, 2019",0.009622995741665363
Aviva lifts capital return to £4.75bn - Insurance,https://www.ft.com/content/159d8cd1-9c0d-4ba7-8ae7-292f7cc0bf92,"Mar 2, 2022",3.8700050026818644e-06
Aviva has exposed the rotten truth about 'diversity',https://www.telegraph.co.uk/news/2023/12/14/aviva-has-exposed-the-rotten-truth-about-diversity/,"Dec 14, 2023",2.699867138744594e-07
Aviva concludes divestment plan with latest deal wrap,https://www.insurancebusinessmag.com/uk/news/mergers-acquisitions/aviva-concludes-divestment-plan-with-latest-deal-wrap-321007.aspx,"Jan 5, 2022",1.8806092612067005e-06
Aviva completes Italian exit | Insurance Business UK,https://www.insurancebusinessmag.com/uk/news/mergers-acquisitions/aviva-completes-italian-exit-318534.aspx,"Dec 2, 2021",0.9999983310699463
What's behind Aviva Canada's 2023 Q1 growth,https://www.canadianunderwriter.ca/insurance/whats-behind-aviva-canadas-2023-q1-growth-1004234812/,"Jun 12, 2023",0.9999899864196777
Aviva to purchase AIG's UK life insurance unit for £460m,https://www.lifeinsuranceinternational.com/news/aviva-purchase-aig-life/,"Sep 25, 2023",1.8274840840604156e-05
Aviva to receive £80m additional proceeds from Singlife stake sale,https://www.lifeinsuranceinternational.com/news/aviva-singlife-stake-sale-proceeds/,"Dec 28, 2023",2.9488819563994184e-06
"M&G Swings to Loss in 'Challenging' 2022, Aviva Hikes Dividend",https://www.morningstar.co.uk/uk/news/232667/mg-swings-to-loss-in-challenging-2022-aviva-hikes-dividend.aspx,"Mar 9, 2023",0.0038449643179774284
Aviva welcomes Jason Storah and Tracy Garrad in pivotal CEO roles,https://fintech.global/2023/08/31/aviva-welcomes-jason-storah-and-tracy-garrad-in-pivotal-ceo-roles/,"Aug 31, 2023",0.9991499185562134
Aviva appoints Erica Arnold as COO | Insurance Business UK,https://www.insurancebusinessmag.com/uk/news/breaking-news/aviva-appoints-erica-arnold-as-coo-176921.aspx,"Sep 3, 2019",0.5069535374641418
Aviva chief pays price for muddled strategic message,https://www.ft.com/content/247cea16-cbd5-11e8-9fe5-24ad351828ab,"Oct 9, 2018",3.8700050026818644e-06
"Aviva has acted to sack male employees for inappropriate behaviour, says boss",https://www.theguardian.com/inequality/2023/dec/13/aviva-has-acted-to-sack-male-employees-for-inappropriate-behaviour-says-boss-amanda-blanc-sexism-in-the-city-inquiry,"Dec 13, 2023",0.0005092923529446125
Aviva acquires AIG's UK protection business for £460m,https://fintech.global/2023/09/25/aviva-acquires-aigs-uk-protection-business-for-460m/,"Sep 25, 2023",1.0
Aviva Plc raises stake to 49% in Indian venture,https://www.business-standard.com/article/finance/aviva-plc-raises-stake-to-49-in-indian-venture-116050300588_1.html,"May 4, 2016",0.0005118878907524049
Women in finance: Aviva CEO slams sexist comments at AGM,https://www.personneltoday.com/hr/women-in-finance-aviva/,"May 11, 2022",5.843604412802961e-06
Aviva Canada's operating profit down 10.9 per cent,https://insurance-portal.ca/article/aviva-canadas-operating-profit-down-109-per-cent/,"Aug 19, 2022",0.42279526591300964
Done deal: Aviva completes revised sale of Friends Provident International,https://www.insurancebusinessmag.com/uk/news/breaking-news/done-deal-aviva-completes-revised-sale-of-friends-provident-international-228142.aspx,"Jul 17, 2020",0.00011773363803513348
Aviva partners with Wild + Pine to remove carbon through afforestation project Français,https://www.newswire.ca/news-releases/aviva-partners-with-wild-pine-to-remove-carbon-through-afforestation-project-892607879.html,"Dec 6, 2023",0.019653689116239548
Aviva chief warns of worsening sexism after 'appalling' AGM comments,https://www.ft.com/content/01b723f1-1a7b-4096-86be-95148eb8aca0,"May 11, 2022",3.8700050026818644e-06
"Aviva completes sale – new owner names CEO, chair",https://www.insurancebusinessmag.com/uk/news/mergers-acquisitions/aviva-completes-sale--new-owner-names-ceo-chair-311888.aspx,"Oct 1, 2021",0.9989458918571472
Aviva completes £850m buy-in with Arcadia Group Pension Schemes,https://www.aviva.com/newsroom/news-releases/2023/02/aviva-completes-850-million-pound-buy-in-with-arcadia-group-pension-schemes/,"Feb 10, 2023",0.9999485015869141
Our Brian: “Design for the edges of experience”,https://www.aviva.com/newsroom/perspectives/2021/12/our-brian-design-for-the-edges-of-experience/,"Dec 14, 2021",5.490857802215032e-06
Aviva appoints Amanda Blanc as Chief Executive Officer,https://www.aviva.com/newsroom/news-releases/2020/07/aviva-appoints-amanda-blanc-as-chief-executive-officer/,"Jul 6, 2020",0.0008236657595261931
Stephen Doherty,https://www.aviva.com/about-us/leader-profiles/stephen-doherty/,"Apr 1, 2021",2.007539251280832e-06
Our Freya: “How did it take 26 years?”,https://www.aviva.com/newsroom/perspectives/2022/06/our-freya-how-did-it-take-26-years/,"Jun 21, 2022",0.0012083248002454638
"Cass Dean's Lecture with Mark Wilson, Aviva plc",https://www.bayes.city.ac.uk/news-and-events/news/2016/april/mark-wilson-deans-lecture,"Apr 4, 2016",0.8249618411064148
Aviva UK taps Majesco again for insurance technology,https://www.lifeinsuranceinternational.com/news/aviva-uk-taps-majesco/,"Mar 17, 2023",0.0003846808394882828
Aviva completes £400m buy-in with Interserve Pension Scheme,https://www.aviva.com/newsroom/news-releases/2023/01/aviva-completes-400-million-buy-in-with-interserve-pension-scheme/,"Jan 12, 2023",0.0003389519115444273
Aviva completes sale of Hong Kong joint venture,https://www.aviva.com/newsroom/news-releases/2020/12/aviva-completes-sale-of-hong-kong-joint-venture/,"Dec 10, 2020",0.0002569354837760329
Chetan Singh appointed MD Annuities and Equity Release business,https://www.aviva.com/newsroom/news-releases/2021/03/chetan-singh-appointed-md-annuities-and-equity-release-business/,"Mar 29, 2021",0.9999982118606567
Aviva completes sale of majority shareholding in Aviva Singapore,https://www.aviva.com/newsroom/news-releases/2020/11/aviva-completes-sale-of-majority-shareholding-in-aviva-singapore/,"Nov 30, 2020",5.475767466123216e-06
Retirement: the longest holiday you’ll ever plan,https://www.aviva.com/newsroom/perspectives/podcasts/retirement-the-longest-holiday-you-will-ever-plan/,"Nov 22, 2023",8.479302778141573e-05
Sustainable claims,https://www.aviva.com/sustainability/our-stories/sustainable-claims/,"May 5, 2021",0.9999351501464844
Dash for dash cams,https://www.aviva.com/newsroom/news-releases/2018/07/dash-for-dash-cam/,"Jul 2, 2018",0.993145227432251
Remembrance,https://www.aviva.com/about-us/our-heritage/remembrance/,"Nov 10, 2020",0.000576748454477638
Aviva pushes into insuring offshore wind and ‘hybrid’ buildings,https://www.ft.com/content/9db8d185-e0df-4fbf-9b91-b781a0e5182a,"Jan 15, 2023",3.8700050026818644e-06
Two thirds of UK adults feel green guilt,https://www.aviva.com/newsroom/news-releases/2022/03/two-thirds-of-uk-adults-feel-green-guilt/,"Mar 28, 2022",7.831610673747491e-06
Volunteering,https://www.aviva.com/careers/volunteering/,"Jul 7, 2021",0.8781445026397705
"In focus: Annuities, Equity Release & Asset Origination",https://www.aviva.com/investors/in-focus-annuities-equity-release-and-asset-origination/,"Jun 29, 2022",1.0224104698863812e-05
Aviva announces deal to buy Barclays home insurance portfolio,https://www.aviva.com/newsroom/news-releases/2023/07/aviva-announces-deal-to-buy-barclays-home-insurance-portfolio/,"Jul 24, 2023",0.9998970031738281
Takeup of equal parental leave at Aviva remains high after four years,https://www.aviva.com/newsroom/news-releases/2022/06/takeup-of-equal-parental-leave-at-aviva-remains-high-after-four-years/,"Jun 13, 2022",0.13566240668296814
Aviva Master Trust adopts integrated ESG default strategy,https://www.aviva.com/newsroom/news-releases/2020/12/aviva-master-trust-adopts-integrated-esg-default-strategy/,"Dec 2, 2020",0.0022122652735561132
Wellbeing special: living and working with autism,https://www.aviva.com/newsroom/perspectives/podcasts/wellbeing-special-living-and-working-with-autism/,"Apr 1, 2022",3.0160057576722465e-05
Brits lose 43 nights' sleep a year over decisions,https://www.aviva.com/newsroom/news-releases/2021/09/brits-lose-43-nights-sleep-a-year-over-decisions/,"Sep 13, 2021",7.34238665245357e-06
Aviva completes £900m bulk annuity deal with Thomas Cook,https://www.aviva.com/newsroom/news-releases/2023/05/aviva-completes-900-million-pound-bulk-annuity-deal-with-thomas-cook/,"May 5, 2023",0.9737789630889893
UK’s first-time parents fail to financially protect their families,https://www.aviva.com/newsroom/news-releases/2020/01/uk-first-time-parents-fail-to-financially-protect-their-families/,"Jan 20, 2020",1.1983804597548442e-06
Three in five Brits feel stressed about later life planning,https://www.aviva.com/newsroom/news-releases/2022/11/three-in-five-brits-feel-stressed-about-later-life-planning/,"Nov 7, 2022",1.932875966303982e-05
The Billion Dollar Man,https://www.aviva.com/newsroom/perspectives/2023/01/the-billion-dollar-man/,"Jan 3, 2023",4.553591861622408e-05
Jason Storah,https://www.aviva.com/about-us/leader-profiles/jason-storah/,"Aug 6, 2020",2.793470912365592e-06
Aviva plc and General Accident plc preference shares,https://www.aviva.com/newsroom/news-releases/2020/10/aviva-plc-and-general-accident-plc-preference-shares/,"Oct 26, 2020",2.0676743588410318e-05
Aviva to sell its entire shareholding in Aviva Vita,https://www.aviva.com/newsroom/news-releases/2020/11/aviva-to-sell-its-entire-shareholding-in-aviva-vita/,"Nov 23, 2020",0.13732469081878662
Aviva announces exit from Indonesia (“Aviva Indonesia”),https://www.aviva.com/newsroom/news-releases/2020/03/aviva-announces-exit-from-indonesia/,"Mar 6, 2020",2.5683248168206774e-05
Shareholder update - December 2022,https://www.aviva.com/investors/shareholder-updates/2022-december/,"Dec 7, 2022",2.0435702026588842e-05
Digital JV in Hong Kong receives approval,https://www.aviva.com/newsroom/news-releases/2018/02/avivas-digital-jv-in-hong-kong-receives-approval/,"Feb 13, 2018",7.110502338036895e-05
Aviva announces exit from Turkey,https://www.aviva.com/newsroom/news-releases/2021/02/aviva-announces-exit-from-turkey/,"Feb 24, 2021",0.0005403538816608489
From zero to Aviva Zero: an innovation story,https://www.aviva.com/newsroom/perspectives/2023/02/from-zero-to-zero-an-innovation-story/,"Feb 22, 2023",0.08109503239393234
Wellbeing special: dealing with loneliness,https://www.aviva.com/newsroom/perspectives/podcasts/wellbeing-special-dealing-with-loneliness/,"Dec 22, 2021",0.0016091776778921485
Hot tub claims almost tripled in 2020,https://www.aviva.com/newsroom/news-releases/2021/03/hot-tub-claims-almost-tripled-in-2020/,"Mar 18, 2021",0.0013856395380571485
72% of pension savers consider ESG factors important when investing,https://www.aviva.com/newsroom/news-releases/2021/08/72-percent-of-consumers-with-pensions-consider-esg-factors-important-when-investing/,"Aug 20, 2021",0.825169563293457
Dormant assets scheme,https://www.aviva.com/sustainability/our-stories/dormant-assets-scheme/,"May 5, 2021",0.0004630689509212971
Aviva pledges to reduce plastic,https://www.aviva.com/newsroom/news-releases/2018/06/aviva-pledges-to-cut-plastic/,"Jun 5, 2018",1.643894393055234e-05
Aviva completes sale of its entire shareholding in Aviva Vita,https://www.aviva.com/newsroom/news-releases/2021/04/aviva-completes-sale-of-its-entire-shareholding-in-aviva-vita/,"Apr 1, 2021",1.5018747035355773e-05
Patrick Flynn appointed as an Independent Non-Executive Director,https://www.aviva.com/newsroom/news-releases/2019/07/aviva-appoints-patrick-flynn-as-an-independent-non-executive-director/,"Jul 16, 2019",0.00014087595627643168
Our OUTstanding Role Models,https://www.aviva.com/newsroom/news-releases/2021/01/our-outstanding-role-models/,"Jan 19, 2021",0.9995988011360168
Could robots lead to a better tomorrow?,https://www.aviva.com/newsroom/perspectives/podcasts/could-robots-lead-to-a-better-tomorrow/,"Mar 29, 2021",0.0008709933026693761
Parenting in the pandemic is really weird,https://www.aviva.com/newsroom/perspectives/2021/04/parenting-in-the-pandemic-is-really-weird/,"Apr 26, 2021",4.581620032695355e-06
Aviva is one of the first Living Pension employers,https://www.aviva.com/newsroom/news-releases/2023/03/aviva-is-one-of-the-first-living-pension-employers/,"Mar 21, 2023",0.0004342348256614059
In focus: Health & Protection,https://www.aviva.com/investors/in-focus-health-and-protection/,"Nov 23, 2021",1.7608295820537023e-05
Pension freedoms boom,https://www.aviva.com/newsroom/news-releases/2019/04/pension-freedoms-boom/,"Apr 30, 2019",0.660450279712677
We paid 98% of all claims in 2017,https://www.aviva.com/newsroom/news-releases/2018/10/we-paid-98-percent-of-all-claims-in-2017/,"Oct 15, 2018",0.0071539245545864105
Aviva appoints George Culmer as Senior Independent Director,https://www.aviva.com/newsroom/news-releases/2019/12/aviva-appoints-george-culmer-as-senior-independent-director/,"Dec 20, 2019",0.0005495812511071563
Economic pressures weigh heavy on UK business confidence as the risk of underinsurance rises,https://www.aviva.com/newsroom/news-releases/2023/01/aviva-risk-insights-report/,"Jan 20, 2023",0.00011826994159491733
Aviva to sell Italian joint venture to Banco BPM,https://www.aviva.com/newsroom/news-releases/2017/08/aviva-to-sell-italian-joint-venture-to-banco-bpm-17816/,"Aug 25, 2017",2.1991658286424354e-05
In focus: UK General Insurance Personal Lines,https://www.aviva.com/investors/in-focus-uk-general-insurance-personal-lines/,"Jan 25, 2023",1.2780036740878131e-05
In focus: UK General Insurance Commercial Lines,https://www.aviva.com/investors/in-focus-uk-general-insurance-commercial-lines/,"Jan 7, 2022",2.05179640033748e-05
Aviva shares leap on speculation of takeover by foreign buyer,https://www.theguardian.com/business/2023/oct/06/aviva-shares-takeover-speculation-insurer-uk,"Oct 6, 2023",0.000294455821858719
Aviva and Bowls England announce multi year partnership,https://www.aviva.com/newsroom/news-releases/2023/02/aviva-and-bowls-england-announce-multi-year-partnership/,"Feb 23, 2023",0.9999872446060181
Aviva launches specialised insurance for renewable energy,https://www.aviva.com/newsroom/news-releases/2019/11/aviva-strengthens-support-for-renewable-energy-with-the-launch-of-specialised-insurance/,"Nov 25, 2019",0.002195450710132718
Aviva appoints Cheryl Toner as Chief Customer and Marketing Officer,https://www.aviva.com/newsroom/news-releases/2021/04/aviva-appoints-cheryl-toner-as-chief-customer-and-marketing-officer/,"Apr 13, 2021",0.6891835927963257
22 million UK workers seek change,https://www.aviva.com/newsroom/news-releases/2021/11/22-million-UK-workers-seek-change/,"Nov 9, 2021",0.0005552328075282276
Aviva launches new workplace menopause support,https://www.aviva.com/newsroom/news-releases/2020/10/aviva-launches-new-workplace-menopause-support/,"Oct 15, 2020",0.024035001173615456
With big investment comes big responsibility,https://www.aviva.com/newsroom/perspectives/2022/08/with-big-investment-comes-big-responsibility/,"Aug 5, 2022",0.956436276435852
Aviva reports 16% rise in application fraud over same period in 2021,https://www.aviva.com/newsroom/news-releases/2022/12/aviva-reports-16-percent-rise-in-application-fraud-over-same-period-in-2021/,"Dec 7, 2022",0.0013187251752242446
Aviva launches interactive wellbeing app,https://www.aviva.com/newsroom/news-releases/2017/11/Aviva-launches-interactive-wellbeing-app/,"Nov 8, 2017",0.9912675023078918
Aviva launches climate transition equity fund for workplace pension schemes,https://www.aviva.com/newsroom/news-releases/2021/03/aviva-launches-climate-transition-equity-fund-for-workplace-pension-schemes/,"Mar 31, 2021",0.07453734427690506
Our Zelda: “I don't think anyone chooses to go into insurance”,https://www.aviva.com/newsroom/perspectives/2021/10/our-zelda-I-dont-think-anyone-chooses-to-go-into-insurance/,"Oct 27, 2021",2.7792350010713562e-05
Resignation of Group CFO Jason Windsor,https://www.aviva.com/newsroom/news-releases/2022/01/resignation-of-group-cfo-jason-windsor/,"Jan 13, 2022",0.0006798463873565197
Women of the Year Kindness Award,https://www.aviva.com/newsroom/news-releases/2021/10/women-of-the-year-kindness-award/,"Oct 13, 2021",0.9988572597503662
Support for Solvency 2 reforms,https://www.aviva.com/newsroom/news-releases/2022/11/support-for-solvency-2-reforms/,"Nov 17, 2022",0.9998928308486938
Equal parental leave shows men are eager to share childcare,https://www.aviva.com/newsroom/news-releases/2018/11/avivas-paid-parental-leave-shows-men-are-eager-to-share-childcare-duties/,"Nov 20, 2018",8.676013749209233e-06
£875 million buy-in with the Aviva Staff Pension Scheme,https://www.aviva.com/newsroom/news-releases/2020/11/875-million-buy-in-with-the-aviva-staff-pension-scheme/,"Nov 27, 2020",0.012887009419500828
Aviva appoints Adam Winslow as CEO of International,https://www.aviva.com/newsroom/news-releases/2020/12/aviva-appoints-adam-winslow-as-ceo-of-international/,"Dec 4, 2020",0.05933186411857605
Aviva sells Italian JV to Banco BPM,https://www.aviva.com/newsroom/news-releases/2017/09/aviva-sells-italian-jv-to-banco-bpm-17829/,"Sep 29, 2017",1.0490686690900475e-05
Over half of Brits delay essential winter home maintenance jobs,https://www.aviva.com/newsroom/news-releases/2023/10/over-half-of-brits-delay-essential-winter-home-maintenance-jobs/,"Oct 2, 2023",5.273777787806466e-06
Shareholder update - October 2022,https://www.aviva.com/investors/shareholder-updates/2022-october/,"Oct 14, 2022",3.759537503356114e-05
"Alexa, ask Aviva what's the value of my pension",https://www.aviva.com/newsroom/news-releases/2018/08/alexa-ask-aviva-whats-the-value-of-my-pension/,"Aug 21, 2018",0.0013847453519701958
"Our Natasha: “If you try, you will never fail”",https://www.aviva.com/newsroom/perspectives/2022/04/our-natasha-If-you-try-you-will-never-fail/,"Apr 25, 2022",0.001706991228275001
Aviva Plc becomes majority shareholder in its India joint venture,https://www.livemint.com/companies/news/aviva-plc-becomes-majority-shareholder-in-its-india-joint-venture-11664527039729.html,"Sep 30, 2022",0.20131579041481018
Aviva Perth office to go off-grid following turbine approval,https://www.aviva.com/newsroom/news-releases/2022/10/aviva-perth-office-to-go-off-grid-following-turbine-approval/,"Oct 14, 2022",0.003298410912975669
Aviva makes top 50 employers for women,https://www.aviva.com/newsroom/news-releases/2021/04/aviva-makes-top-50-employers-for-women/,"Apr 29, 2021",0.8441735506057739
COVID-19: The man who sent everyone home,https://www.aviva.com/newsroom/perspectives/podcasts/covid-19-the-man-who-sent-everyone-home/,"Feb 12, 2021",4.2670717448345385e-06
Our Kofi: “How could you be so… human?”,https://www.aviva.com/newsroom/perspectives/2022/06/our-kofi-how-could-you-be-so-human/,"Jun 6, 2022",2.9110895411577076e-05
Simply thank you for my son's birthday gifts,https://www.aviva.com/about-us/customer-stories/simply-thank-you-for-my-sons-birthday-gifts/,"Jul 30, 2019",0.000196928609511815
Aviva’s acquisition of Friends First gets regulatory approval,https://www.aviva.com/newsroom/news-releases/2018/06/avivas-acquisition-of-friends-first-gets-regulatory-approval/,"Jun 1, 2018",0.012440654449164867
Aviva announces £900m bulk annuity deal with Kingfisher Pension Scheme,https://www.aviva.com/newsroom/news-releases/2021/07/aviva-announces-900m-bulk-annuity-deal-with-Kingfisher-Pension-Scheme/,"Jul 22, 2021",0.9961385130882263
Danny Harmer named HERoes Executive Role Model,https://www.aviva.com/newsroom/news-releases/2021/09/danny-harmer-named-HERoes-executive-role-model/,"Sep 9, 2021",0.5199670195579529
Title sponsorship of Aviva Stadium extended to 2025,https://www.aviva.com/newsroom/news-releases/2018/01/Title-sponsorship-of-Aviva-Stadium-extended-to-2025/,"Jan 17, 2018",0.9967349171638489
Aviva Services Excellence Centre Poland,https://www.aviva.com/careers/aviva-services-excellence-centre-poland/,"Feb 15, 2023",0.0001090855585061945
Women of the Year Kindness Award,https://www.aviva.com/newsroom/news-releases/2021/10/women-of-the-year-kindness-award/,"Oct 13, 2021",0.9988572597503662
"Remove auto-enrolment thresholds, says Aviva",https://www.aviva.com/newsroom/news-releases/2022/01/remove-auto-enrolment-thresholds-says-aviva/,"Jan 5, 2022",9.083015902433544e-05
Aviva and Now Healthcare Group to offer digital GP service,https://www.aviva.com/newsroom/news-releases/2018/04/aviva-and-now-healthcare-group-to-offer-digital-gp-service/,"Apr 27, 2018",0.025892525911331177
Aviva sells Italian JV to Banco BPM,https://www.aviva.com/newsroom/news-releases/2017/09/aviva-sells-italian-jv-to-banco-bpm-17829/,"Sep 29, 2017",1.0490686690900475e-05
Something missing?,https://www.aviva.com/newsroom/perspectives/2022/04/something-missing/,"Apr 26, 2022",7.163180725910934e-06
Title sponsorship of Aviva Stadium extended to 2025,https://www.aviva.com/newsroom/news-releases/2018/01/Title-sponsorship-of-Aviva-Stadium-extended-to-2025/,"Jan 17, 2018",0.9967349171638489
Danny Harmer named HERoes Executive Role Model,https://www.aviva.com/newsroom/news-releases/2021/09/danny-harmer-named-HERoes-executive-role-model/,"Sep 9, 2021",0.5199670195579529
Aviva to acquire majority shareholding in Neos Ventures,https://www.aviva.com/newsroom/news-releases/2018/11/aviva-to-acquire-majority-shareholding-in-neos-ventures/,"Nov 21, 2018",0.2221474051475525
Aviva announces £900m bulk annuity deal with Kingfisher Pension Scheme,https://www.aviva.com/newsroom/news-releases/2021/07/aviva-announces-900m-bulk-annuity-deal-with-Kingfisher-Pension-Scheme/,"Jul 22, 2021",0.9961385130882263
Aviva appoints Michele Golunska as MD of Wealth and Advice*,https://www.aviva.com/newsroom/news-releases/2022/07/aviva-appoints-michele-golunska-as-md-of-wealth-and-advice/,"Jul 28, 2022",0.9869557619094849
Aviva enters into new Macmillan partnership,https://www.aviva.com/newsroom/news-releases/2021/02/aviva-enters-into-new-macmillan-partnership/,"Feb 15, 2021",0.8830779194831848
Free smartphone dash cam for UK drivers,https://www.aviva.com/newsroom/news-releases/2018/07/free-smartphone-dashcam-for-uk-drivers/,"Jul 2, 2018",0.5106547474861145
Landmark whiplash reforms set to transform compensation culture,https://www.aviva.com/newsroom/news-releases/2021/05/landmark-whiplash-reforms-set-to-transform-compensation-culture/,"May 31, 2021",0.498426616191864
Tokyo 2020: a games to remember,https://www.aviva.com/newsroom/perspectives/2021/08/tokyo-2020-a-games-to-remember/,"Aug 24, 2021",4.092849849257618e-06
One in seven motorists say anxiety affects their driving,https://www.aviva.com/newsroom/news-releases/2023/06/one-in-seven-motorists-say-anxiety-affects-their-driving/,"Jun 14, 2023",3.3624576190049993e-06
Solus opens new vehicle repair centre in Newport,https://www.aviva.com/newsroom/news-releases/2023/12/Solus-opens-new-vehicle-repair-centre-in-Newport/,"Dec 5, 2023",7.579727389384061e-05
Meet Anna,https://www.aviva.com/newsroom/perspectives/2021/11/our-anna-somebody-claimed-for-a-pickled-egg-that-went-missing/,"Nov 24, 2021",0.00801562238484621
UK homes are host to £46 billion of hobby equipment,https://www.aviva.com/newsroom/news-releases/2023/04/uk-homes-are-host-to-46-billion-of-hobby-equipment/,"Apr 11, 2023",1.2036533689752105e-06
Aviva makes top 50 employers for women,https://www.aviva.com/newsroom/news-releases/2021/04/aviva-makes-top-50-employers-for-women/,"Apr 29, 2021",0.8441735506057739
"Rob Barker appointed MD, UK Savings & Retirement",https://www.aviva.com/newsroom/news-releases/2021/04/rob-barker-appointed-md-uk-savings-and-retirement/,"Apr 14, 2021",0.9999977350234985
"Ramping up: repairs, renovations and recycling",https://www.aviva.com/newsroom/news-releases/2022/05/ramping-up-repairs-renovations-and-recycling/,"May 30, 2022",3.0199007596820593e-06
Aviva issues warning as battery chargers lead to fires,https://www.aviva.com/newsroom/news-releases/2021/12/aviva-issues-warning-as-battery-chargers-lead-to-fires/,"Dec 7, 2021",0.005260839592665434
Aviva announces ability to automate bulk transfers,https://www.aviva.com/newsroom/news-releases/2018/02/aviva-automates-bulk-transfers/,"Feb 6, 2018",0.9981702566146851
Bringing rainforests back to the UK,https://www.aviva.com/newsroom/perspectives/2023/06/bringing-rainforests-back-to-the-uk/,"Jun 22, 2023",4.596541839418933e-05
Poor health prompts retirement,https://www.aviva.com/newsroom/news-releases/2018/09/poor-health-prompts-retirement-4-million-over-50s-workers-expect-health-problems-to-be-the-main-reason-they-stop-working/,"Sep 19, 2018",0.0002112013753503561
Aviva appoints Danielle Harmer as Chief People Officer,https://www.aviva.com/newsroom/news-releases/2019/10/aviva-appoints-danielle-harmer-as-chief-people-officer/,"Oct 29, 2019",0.9989668130874634
Josi and Danny make the OUTstanding Role Models Lists,https://www.aviva.com/newsroom/news-releases/2022/11/josi-and-danny-make-the-outstanding-role-models-lists/,"Nov 9, 2022",0.0003651344741228968
The 12 claims of Christmas,https://www.aviva.com/newsroom/news-releases/2020/11/the-12-claims-of-christmas/,"Nov 30, 2020",0.0003255232295487076
Meet Philip,https://www.aviva.com/newsroom/perspectives/2022/03/our-philip-an-indescribable-feeling/,"Mar 17, 2022",1.0741916867118562e-06
SMEs are leaving themselves exposed to cyber attacks Aviva research shows,https://www.aviva.com/newsroom/news-releases/2021/06/smes-are-leaving-themselves-exposed-to-cyber-attacks-aviva-research-shows/,"Jun 9, 2021",0.0022648980375379324
New private medical insurance service launched for corporate clients,https://www.aviva.com/newsroom/news-releases/2019/04/new-private-medical-insurance-service-launched-for-corporate-clients/,"Apr 29, 2019",0.9957001209259033
UK adults missing out on 11 hours sleep each week,https://www.aviva.com/newsroom/news-releases/2018/10/uk-adults-missing-out-on-11-hours-sleep-each-week/,"Oct 25, 2018",0.0008377122576348484
Meet Ed,https://www.aviva.com/newsroom/perspectives/2022/04/our-ed-when-everything-you-imagined-becomes-reality/,"Apr 19, 2022",1.0371745702286717e-05
Do we really need a car?,https://www.aviva.com/newsroom/perspectives/2022/04/do-we-really-need-a-car/,"Apr 12, 2022",0.015226155519485474
Aviva launches scam reporting service,https://www.aviva.com/newsroom/news-releases/2020/05/aviva-launches-scam-reporting-service-to-help-protect-consumers-from-financial-crime/,"May 12, 2020",0.008948126807808876
Digital life insurer set to disrupt Hong Kong insurance,https://www.aviva.com/newsroom/news-releases/2018/09/digital-life-insurer-set-to-disrupt-hong-kong-insurance/,"Sep 12, 2018",0.010587403550744057
"After lockdown, do we still love our homes?",https://www.aviva.com/newsroom/perspectives/2021/10/after-lockdown-do-we-still-love-our-homes/,"Oct 14, 2021",6.140665391285438e-06
"Sun, sea... and the threat of a holiday nightmare",https://www.aviva.com/newsroom/news-releases/2018/07/sun-sea-news-release/,"Jul 20, 2018",3.5090047276753467e-06
Aviva and TSB extend home and travel partnership until 2028,https://www.aviva.com/newsroom/news-releases/2022/06/aviva-and-tsb-extend-home-and-travel-partnership-until-2028/,"Jun 16, 2022",0.9999980926513672
Aviva gives employees wellbeing leave,https://www.aviva.com/newsroom/news-releases/2021/01/aviva-gives-employees-wellbeing-leave/,"Jan 21, 2021",0.00019238947425037622
How to make an epic TV advert,https://www.aviva.com/newsroom/perspectives/podcasts/how-to-make-an-epic-tv-advert/,"Aug 6, 2021",0.0005395902553573251
Aviva rolls out lower cost Quotemehappy.com Essentials car insurance,https://www.aviva.com/newsroom/news-releases/2022/10/aviva-rolls-out-lower-cost-quote-me-happy-essentials-car-insurance/,"Oct 5, 2022",0.00020251484238542616
Aviva Ireland: home insurance claims rise by 4.5%,https://www.aviva.com/newsroom/news-releases/2021/03/aviva-ireland-home-insurance-claims-rise-by-4-5/,"Mar 23, 2021",0.03971761837601662
Aviva calls on government for 'blueprint' of pension savings support,https://www.aviva.com/newsroom/news-releases/2023/06/aviva-calls-on-government-for-blueprint-of-pension-savings-support/,"Jun 19, 2023",2.166923695767764e-05
Aviva agrees £5bn takeover of Friends Life,https://www.ft.com/content/46260564-79f2-11e4-8958-00144feabdc0,"Dec 2, 2014",3.8700050026818644e-06
Aviva,https://www.brunswickgroup.com/aviva-i23931/,"Jan 31, 2023",0.9965115189552307
Aviva research shows nearly two in three employees are 'just getting by financially',https://www.aviva.com/newsroom/news-releases/2021/12/aviva-research-shows-nearly-two-in-three-employees-are-just-getting-by-financially/,"Dec 1, 2021",0.9373576045036316
Aviva to make strategic investment in Wealthify,https://www.aviva.com/newsroom/news-releases/2017/10/investment-in-wealthify/,"Oct 5, 2017",0.9992632269859314
Aviva invests £10m in start-ups and extends innovation partnership with Founders Factory,https://www.aviva.com/newsroom/news-releases/2021/09/aviva-invests-10m-start-ups-extends-partnership-founders-factory/,"Sep 30, 2021",0.9993294477462769
Maurice Tulloch appointed CEO of Aviva plc,https://www.canadianunderwriter.ca/appointments/maurice-tulloch-appointed-ceo-of-aviva-plc-1004160367/,"Mar 4, 2019",1.24906557630311e-06
Perth Solar Project,https://www.aviva.com/sustainability/our-stories/lighting-up-scotland/,"May 5, 2021",0.28692349791526794
10 'safer driver' occupations revealed by Aviva Drive app,https://www.aviva.com/newsroom/news-releases/2016/01/uk-10-safer-driver-occupations-revealed-by-aviva-drive-app-17574/,"Jan 11, 2016",0.0005259825265966356
Aviva agrees five-year extension to partnership with Connells Group,https://www.aviva.com/newsroom/news-releases/2021/08/Aviva-agrees-five-year-extension-to-exclusive-protection-insurance-partnership-with-connells-group/,"Aug 11, 2021",0.9999995231628418
UK government appoints Kirsty Cooper industry champion for dormant assets,https://www.aviva.com/newsroom/news-releases/2018/06/government-appoints-kirsty-cooper-as-industry-champion-for-dormant-assets/,"Jun 4, 2018",4.648645244742511e-06
Corporate mental health cover extended to all addictions,https://www.aviva.com/newsroom/news-releases/2019/07/corporate-mental-health-cover-extended-to-all-addictions/,"Jul 15, 2019",0.015288314782083035
Aviva leaders named in Cranfield's Women to Watch,https://www.aviva.com/newsroom/news-releases/2021/10/aviva-leaders-named-in-cranfields-women-to-watch/,"Oct 7, 2021",0.051849380135536194
Flexible working: what workers want,https://www.aviva.com/newsroom/perspectives/podcasts/flexible-working/,"Jun 7, 2023",3.2106865546666086e-05
Aviva Plc raises equity holding in Aviva Life India to 74%,https://www.thehindubusinessline.com/markets/aviva-plc-raises-equity-holding-in-aviva-life-india-to-74/article65954975.ece,"Sep 30, 2022",0.07643948495388031
Aviva surges on takeover speculation,https://www.sharecast.com/news/news-and-announcements/aviva-surges-on-takeover-speculation--14892352.html,"Oct 6, 2023",0.9969426989555359
Aviva announces £190m bulk annuity deal,https://www.aviva.com/newsroom/news-releases/2021/05/aviva-announces-190m-bulk-annuity-deal-with-wyeth-group-pension-and-life-assurance-scheme-1997/,"May 27, 2021",0.1477958858013153
Smooth Managed Fund launched,https://www.aviva.com/newsroom/news-releases/2017/12/smf-launch/,"Dec 11, 2017",0.014637059532105923
Lighting up Scotland with solar,https://www.aviva.com/newsroom/perspectives/2020/11/lighting-up-scotland-with-solar/,"Nov 16, 2020",0.032530296593904495
"Aviva to cut 1,800 jobs worldwide",https://www.bbc.com/news/business-48538964,"Jun 6, 2019",0.009622995741665363
Aviva has exposed the rotten truth about 'diversity',https://www.telegraph.co.uk/news/2023/12/14/aviva-has-exposed-the-rotten-truth-about-diversity/,"Dec 14, 2023",0.9879024624824524
Aviva opens one of the UK's largest solar and energy storage initiatives,https://www.aviva.com/newsroom/news-releases/2020/11/aviva-opens-one-of-the-uks-largest-solar-initiatives/,"Nov 16, 2020",0.0002673623675946146
Aviva director joins TheCityUK Next Generation Leadership Council,https://www.aviva.com/newsroom/news-releases/2020/10/aviva-director-joins-next-generation-leadership-council/,"Oct 27, 2020",0.000514685467351228
What's behind Aviva Canada's 2023 Q1 growth,https://www.canadianunderwriter.ca/insurance/whats-behind-aviva-canadas-2023-q1-growth-1004234812/,"Jun 12, 2023",0.9999899864196777
Aviva completes Italian exit | Insurance Business UK,https://www.insurancebusinessmag.com/uk/news/mergers-acquisitions/aviva-completes-italian-exit-318534.aspx,"Dec 2, 2021",0.9999983310699463
Aviva returns £128m in total to UK private medical insurance customers with a final COVID-19 Pledge payment,https://www.aviva.com/newsroom/news-releases/2023/05/aviva-returns-128-million-pounds-in-total-to-uk-private-medical-insurance-customers-with-a-final-covid-19-pledge-payment/,"May 5, 2023",0.000242357884417288
"M&G Swings to Loss in 'Challenging' 2022, Aviva Hikes Dividend",https://www.morningstar.co.uk/uk/news/232667/mg-swings-to-loss-in-challenging-2022-aviva-hikes-dividend.aspx,"Mar 9, 2023",0.0038449643179774284
Meet Debbie,https://www.aviva.com/newsroom/perspectives/2022/01/our-debbie-who-advocates-for-you/,"Jan 11, 2022",0.001154051860794425
Aviva Plc raises stake to 49% in Indian venture,https://www.business-standard.com/article/finance/aviva-plc-raises-stake-to-49-in-indian-venture-116050300588_1.html,"May 4, 2016",0.0005118878907524049
One in five businesses have been victims of cyber attack in the last year,https://www.aviva.com/newsroom/news-releases/2023/12/One-in-five-businesses-have-been-victims-of-cyber-attack-in-the-last-year/,"Dec 6, 2023",0.002984630176797509
Aviva Master Trust appoints two new Trustees,https://www.aviva.com/newsroom/news-releases/2020/05/aviva-master-trust-appoints-two-new-trustees/,"May 27, 2020",0.04620502516627312
Aviva launches young driver car insurance with Quotemehappy Connect,https://www.aviva.com/newsroom/news-releases/2022/12/aviva-launches-young-driver-car-insurance-with-quotemehappy-connect/,"Dec 19, 2022",0.010342950001358986
Aviva announces new chair of IGC,https://www.aviva.com/newsroom/news-releases/2018/06/aviva-announces-new-chair-of-igc/,"Jun 21, 2018",0.08884119987487793
Cold callers flouting the law,https://www.aviva.com/newsroom/news-releases/2019/11/cold-callers-flouting-the-law/,"Nov 6, 2019",5.752899596700445e-05
Aviva plc 2023 interim results announcement,https://ifamagazine.com/aviva-plc-2023-interim-results-announcement/,"Aug 16, 2023",1.0
Aviva Master Trust receives authorisation,https://www.aviva.com/newsroom/news-releases/2019/08/aviva-master-trust-receives-authorisation/,"Aug 27, 2019",0.9999775886535645
Lifting the lid on the UK's 'healthy' school lunchboxes,https://www.aviva.com/newsroom/news-releases/2018/08/lifting-the-lid-on-the-uks-healthy-school-lunchboxes/,"Aug 29, 2018",7.03840044025128e-07
7 out of 10 UK adults are puzzled by financial jargon,https://www.aviva.com/newsroom/news-releases/2022/12/7-out-of-10-UK-adults-are-puzzled-by-financial-jargon/,"Dec 28, 2022",1.5867419733694987e-06
Daniel and Danny: our OUTstanding role models,https://www.aviva.com/newsroom/news-releases/2021/11/daniel-and-danny-our-outstanding-role-models/,"Nov 10, 2021",0.7093545198440552
Aviva chief Mark Wilson spins off in unexpected directions,https://www.ft.com/content/0069b82c-2dea-11e8-9b4b-bc4b9f08f381,"Mar 22, 2018",3.8700050026818644e-06
