title,link,date,sentiment_score
Barclays,https://www.tanium.com/customers/barclays/,"Mar 2, 2018",0.9455224275588989
"Our journey to net zero: reduce, reuse… Re:Dish!",https://www.ib.barclays/news-and-events/our-journey-to-net-zero.html,"Sep 14, 2023",0.9436630010604858
"‘Wired to make money’: Barclays' private bankers serve ultra-rich, as watchdogs sound alarms",https://www.icij.org/investigations/fincen-files/wired-to-make-money-barclays-private-bankers-serve-ultra-rich-as-watchdogs-sound-alarms/,"Sep 23, 2020",0.00011236024147365242
Amazon teams up with Barclays to enable customers to pay in instalments in the UK,https://home.barclays/news/press-releases/2021/12/amazon-teams-up-with-barclays-to-enable-customers-to-pay-in-inst/,"Dec 17, 2021",4.970663212588988e-05
Bringing in-demand tech skills to more New Yorkers | Barclays CIB,https://www.ib.barclays/news-and-events/bringing-in-demand-tech-skills-to-more-new-yorkers.html,"Oct 28, 2021",0.267804890871048
Barclays appoints Ingrid Hengster as Country CEO for Germany and as a Global Chairman of Investment Banking,https://home.barclays/news/press-releases/2021/07/barclays-appoints-ingrid-hengster-as-country-ceo-for-germany-and/,"Jul 22, 2021",0.0034200986847281456
Card spending grew just 4.1 per cent in 2023 as Barclays reveals the top 10 consumer trends of 2023,https://home.barclays/news/press-releases/2023/12/card-spending-grew-just-4-1-per-cent-in-2023-as-barclays-reveals/,"Dec 29, 2023",0.49227243661880493
Glasgow campus - one year on,https://home.barclays/news/2023/3/Barclays-Glasgow-campus-one-year-on/,"Mar 2, 2023",0.018162967637181282
"June’s warm weather boosted spending on clothing, pubs and outdoor retailers, yet restaurants continued to struggle as Brits cut back on dining out",https://home.barclays/news/press-releases/2023/07/june-s-warm-weather-boosted-spending-on-clothing--pubs-and-outdo/,"Jul 11, 2023",0.9296000599861145
Barclays appoints Jim Rossman as Global Head of Shareholder Advisory,https://home.barclays/news/press-releases/2022/12/Barclays-appoints-Jim-Rossman/,"Dec 7, 2022",8.154715033015236e-06
Barclays significantly increases sustainable finance as the opportunity to accelerate the transition grows,https://home.barclays/news/press-releases/2022/12/barclays-significantly-increases-sustainable-finance/,"Dec 14, 2022",0.9780588150024414
"Three in five UK businesses are owed money from late payments, fuelling stress and cash flow problems",https://home.barclays/news/press-releases/2022/01/three-in-five-uk-businesses-are-owed-money-from-late-payments--f/,"Jan 17, 2022",0.0002453246561344713
"Retailer support for regulated ‘Buy Now Pay Later’ products could save 876,000 Brits from problem debt",https://home.barclays/news/press-releases/2022/060/retailer-support-for-regulated--buy-now-pay-later--products-coul/,"Jun 23, 2022",7.66405719332397e-05
Homeowners put off energy efficiency upgrades due to misconceptions about cost and installation time,https://home.barclays/news/press-releases/2023/07/homeowners-put-off-energy-efficiency-upgrades-due-to-misconcepti/,"Jul 6, 2023",0.004733583889901638
Barclays warns of 23 per cent surge in student money mules,https://home.barclays/news/press-releases/2023/10/barclays-warns-of-23-per-cent-surge-in-student-money-mules/,"Oct 2, 2023",5.0772637223417405e-06
"Barclays doubles investment in women’s and girls’ football across the FA Women’s Super League, sponsoring the Women’s Championship for the first time and grassroots programmes, whilst committing to Premier League sponsorship for further three years",https://home.barclays/news/press-releases/2021/12/barclays-doubles-investment-in-women-s-and-girls--football-acros/,"Dec 15, 2021",0.0017542922869324684
Racial equity plan,https://www.ib.barclays/news-and-events/meet-the-architects-of-barclays-racial-equity-plan.html,"Aug 24, 2021",0.9353074431419373
The real cost of cancelling: indecisive diners leave restaurant owners forking out almost £90 per no-show,https://home.barclays/insights-old/2023/07/--the-real-cost-of-cancelling--indecisive-diners-leave-restauran/,"Jul 19, 2023",0.04912023991346359
Barclays appoints Angela Liu as CEO of China,https://home.barclays/news/press-releases/2021/10/barclays-appoints-angela-liu-as-ceo-of-china/,"Oct 11, 2021",0.26511213183403015
Barclays appoints James Edmonds as Global Head of Sustainable Project Finance,https://home.barclays/news/press-releases/2023/08/barclays-appoints-james-edmonds-as-global-head-of-sustainable-pr/,"Aug 8, 2023",0.8970062732696533
"Barclays appoints Corinne Grain as MD, Senior Relationship Manager for Continental Europe",https://home.barclays/news/press-releases/2022/03/barclays-appoints-corinne-grain-as-md--senior-relationship-manag/,"Mar 8, 2022",0.006643370259553194
Barclays calls for more robust regulation of BNPL,https://home.barclays/news/press-releases/2022/02/-barclays-calls-for-more-robust-regulation-of-all-buy-now-pay-la/,"Feb 14, 2022",0.00011619101132964715
"Barclays forms new Management Team for Investment Banking, and announces series of promotions",https://home.barclays/news/press-releases/2021/07/barclays-forms-new-management-team-for-investment-banking--and-a/,"Jul 20, 2021",0.9483019709587097
"Barclays appoints Keith Robinson as Chairman of Technology Investment Banking for Europe, the Middle East and Africa",https://home.barclays/news/press-releases/2021/barclays-appoints-keith-robinson-as-chairman-of-technology-inves/,"Aug 2, 2021",0.4247390925884247
"Barclays appoints Denise Wong as Head of Sustainable and Impact Banking, Asia Pacific",https://home.barclays/news/press-releases/2023/10/barclays-appoints-denise-wong-as-head-of-sustainable-and-impact-/,"Oct 26, 2023",5.6967659475049004e-05
Valentine’s Day spending: Brits getting l’amour for less,https://home.barclays/news/press-releases/2023/02/valentine-s-day-spending--brits-getting-l-amour-for-less-/,"Feb 13, 2023",5.153558049642015e-06
Barclays granted license to operate as a foreign ADI in Australia,https://home.barclays/news/press-releases/2021/12/barclays-granted-license-to-operate-as-a-foreign-adi-in-australi/,"Dec 20, 2021",0.9999983310699463
Half of investors admit to making impulsive investment decisions and then regretting it,https://home.barclays/news/press-releases/2021/12/half-of-investors-admit-to-making-impulsive-investment-decisions/,"Dec 14, 2021",0.0003650409635156393
Barclays appoints Adrian Beidas as Co-Head of Advisory for the UK I Barclays,https://home.barclays/news/press-releases/2022/barclays-appoints-adrian-beidas-as-co-head-of-advisory-for-the-u/,"Aug 1, 2022",0.00017603745800442994
Value of contactless payments up nearly 50 per cent in 2022,https://home.barclays/news/press-releases/2023/02/value-of-contactless-payments-up-nearly-50-per-cent-in-2022/,"Feb 17, 2023",0.8154703378677368
"Barclays appoints Davide Sala as Head of Industrials M&A for Europe, Middle East and Africa",https://home.barclays/news/press-releases/2021/090/barclays-appoints-davide-sala-as-head-of-industrials-m-a-for-eur/,"Sep 8, 2021",0.0001406366063747555
"Barclays appoints Bronson Albery as Head of Real Estate Banking for Europe, Middle East and Africa",https://home.barclays/news/press-releases/2021/06/Barclays-appoints-Bronson-Albery/,"Jun 28, 2021",0.7463709712028503
Brendan Jarvis 50 years,https://home.barclays/news/2022/12/Brendan-Jarvis-50-years-at-Barclays/,"Dec 7, 2022",0.0001431299897376448
Barclays appoints Hossein Zaimi as Head of Markets for Asia Pacific,https://home.barclays/news/press-releases/2022/05/barclays-appoints-hossein-zaimi-as-head-of-markets-for-asia-paci0/,"May 12, 2022",0.9997972846031189
"François Baroin appointed Barclays Chairman, France",https://home.barclays/news/press-releases/2022/01/francois-baroin-appointed-barclays-chairman--france/,"Jan 20, 2022",0.9997072815895081
Barclays pilots Greener Home Reward to support energy efficiency-related home improvements,https://home.barclays/news/press-releases/2022/11/barclays-pilots-greener-home-reward-to-support-energy-efficiency/,"Nov 15, 2022",0.22520658373832703
Barclays appoints Ee-Ching Tay as Head of Southeast Asia Banking,https://home.barclays/news/press-releases/2021/06/barclays-appoints-ee-ching-tay-as-head-of-southeast-asia-banking/,"Jun 21, 2021",0.011960499919950962
"Barclays Bank infuses over Rs. 3,000 crore capital to grow India operations",https://home.barclays/news/2021/08/barclays-bank-infuses-over-rs--3-000-crore-capital-to-grow-india/,"Aug 26, 2021",0.999998927116394
Barclays appoints Michael Del Giudice as Chairman of Financial Sponsors Group I Barclays,https://home.barclays/news/press-releases/2023/10/barclays-appoints-michael-del-giudice-as-chairman-of-financial-s/,"Oct 13, 2023",0.8243984580039978
"Recommerce Revolution: reusing, reselling and renting worth almost £7 billion to UK economy as consumers embrace more sustainable shopping habits",https://home.barclays/news/press-releases/2023/10/recommerce-revolution--reusing--reselling-and-renting-worth-almo/,"Oct 19, 2023",0.000355578085873276
Creating opportunities through sport | Impact,https://home.barclays/news/2023/06/Set-for-Success-changing-life-opportunities-for-young-people-through-sport/,"Jun 22, 2023",0.999826967716217
Consumer spending slowed in October amid concerns over rising energy bills and Christmas costs,https://home.barclays/news/press-releases/2023/11/consumer-spending-slowed-in-october-amid-concerns-over-rising-en/,"Nov 7, 2023",0.7311364412307739
Say goodbye to ‘Yours Truly’ - Three quarters of Brits think the younger generation is changing the formality of language in the workplace,https://home.barclays/news/press-releases/2023/09/say-goodbye-to--yours-truly----three-quarters-of-brits-think-the/,"Sep 12, 2023",6.134282011771575e-05
"Consumer spending grew just 4.3 per cent in April, yet summer holiday planning and Eurovision ticket sales boosted travel and entertainment",https://home.barclays/news/press-releases/2023/05/consumer-spending-grew-just-4-3-per-cent-in-april--yet-summer-ho/,"May 9, 2023",0.3358820676803589
Barclays announces new leadership for Global Equities,https://home.barclays/news/press-releases/2023/05/barclays-announces-new-leadership-for-global-equities/,"May 23, 2023",0.9994093179702759
"Barclays appoints Carrie Chen and Raymond Yu as Co-Heads of Investment Banking, Greater China",https://home.barclays/news/press-releases/2022/03/barclays-appoints-carrie-chen-and-raymond-yu-as-co-heads-of-inve/,"Mar 1, 2022",0.9999866485595703
Barclays used blockchain tech to trade derivatives,https://www.cnbc.com/2016/04/19/barclays-used-blockchain-tech-to-trade-derivatives.html,"Apr 19, 2016",5.89334877076908e-06
Barclays unveils state-of-the-art campus in Glasgow,https://home.barclays/news/press-releases/2021/10/barclays-unveils-state-of-the-art-campus-in-glasgow/,"Oct 12, 2021",0.9996131062507629
Barclays appoints Foruhar Madjlessi as Co-Head of Equity Capital Markets EMEA I Barclays,https://home.barclays/news/press-releases/2023/05/barclays-appoints-foruhar-madjlessi-as-co-head-of-equity-capital/,"May 11, 2023",0.9186685681343079
Barclays invests in Sustainable Ventures to help drive UK expansion,https://home.barclays/news/2023/10/barclays-invests-in-sustainable-ventures-to-help-drive-uk-expans/,"Nov 6, 2023",0.9826081395149231
Barclays announces key appointments in Global Macro,https://home.barclays/news/press-releases/2023/06/barclays-announces-key-appointments-in-global-macro/,"Jun 26, 2023",0.00010700982966227457
Barclays appoints two new senior hires into its Financial Sponsors Group I Barclays,https://home.barclays/news/press-releases/2023/09/barclays-appoints-two-new-senior-hires-into-its-financial-sponso/,"Sep 14, 2023",7.563579129055142e-05
Businesses warned to be vigilant when paying bills or switching suppliers as invoice scams make up 55 per cent of money lost to scammers,https://home.barclays/news/press-releases/2022/04/businesses-warned-to-be-vigilant/,"Apr 6, 2022",0.00053914834279567
Small businesses could hire 3.5 million this quarter,https://home.barclays/news/press-releases/2023/08/small-businesses-could-hire-3-5-million-this-quarter/,"Aug 22, 2023",0.9999293088912964
"Barclays appoints Sven Baumann as Head of Investment Banking, Germany, Austria, Switzerland",https://home.barclays/news/press-releases/2022/01/barclays-appoints-sven-baumann-as-head-of-investment-banking--ge/,"Jan 13, 2022",0.000115167313197162
Barclays strengthens strategic partnership with Barrenjoey Capital Partners,https://home.barclays/news/press-releases/2022/05/barclays-strengthens-strategic-partnership-with-barrenjoey-capit/,"May 17, 2022",0.9997270703315735
Supporting our customers during the rising cost of living,https://home.barclays/news/2022/09/supporting-our-customers-during-the-rising-cost-of-living-/,"Sep 28, 2022",0.886439859867096
War and extreme weather threaten fragile food supply chains,https://www.ib.barclays/our-insights/global-food-systems-under-mounting-pressure.html,"Jan 10, 2023",1.3308028428582475e-05
"Barclays appoints Alishba Ali as UK Head of Consumer and TMT Coverage, International Corporate Banking",https://home.barclays/news/press-releases/2023/12/barclays-appoints-alishba-ali-as-uk-head-of-consumer-and-tmt-cov/,"Dec 5, 2023",0.0012225140817463398
Barclays appoints Lee Counselman as a Managing Director in Technology Investment Banking,https://home.barclays/news/press-releases/2023/08/barclays-appoints-lee-counselman-as-a-managing-director-in-techn/,"Aug 14, 2023",0.00021830729383509606
"Barclays appoints Ian Woods as Vice Chairman, Industrials Investment Banking",https://home.barclays/news/press-releases/2023/10/barclays-appoints-ian-woods-as-vice-chairman--industrials-invest/,"Oct 24, 2023",0.00013260765990708023
Q1 2023 Global Outlook: Living with shock and awe,https://www.ib.barclays/our-insights/3-point-perspective/q1-2023-global-outlook.html,"Nov 16, 2022",0.021893896162509918
Daniel Hanna - Global Head of Sustainable Finance | Barclays CIB,https://www.ib.barclays/news-and-events/daniel-hanna-joins-barclays.html,"Sep 7, 2022",0.9999315738677979
Barclays appoints Yuri Shakhmin as a senior Investment Banker in Europe I Barclays,https://home.barclays/news/press-releases/2023/06/barclays-appoints-yuri-shakhmin-as-a-senior-investment-banker-in/,"Jun 16, 2023",0.9999992847442627
"Barclays appoints Pedro Costa as Vice Chairman, Technology, Media, and Telecommunications (TMT) M&A in the Americas",https://home.barclays/news/press-releases/2023/09/barclays-appoints-Pedro-Costa-as-Vice-Chairman/,"Sep 5, 2023",0.009067511186003685
Barclays unit fined $2.5M by FINRA over reporting failures,https://www.complianceweek.com/regulatory-enforcement/barclays-unit-fined-25m-by-finra-over-reporting-failures/32973.article,"Apr 19, 2023",6.482756725745276e-05
Barclays CEO Jes Staley quits after investigation into links with Jeffrey Epstein,https://www.cnn.com/2021/11/01/business/barclays-ceo-jes-staley-epstein/index.html,"Nov 1, 2021",1.399825691805745e-06
Barclays increases transparency of credit card transactions with Mastercard and Ethoca,https://www.mastercard.com/news/europe/en/newsroom/press-releases/en/2023/barclays-increases-transparency-of-credit-card-transactions-with-mastercard-and-ethoca/,"Nov 2, 2023",0.9997778534889221
Leveraging Open Source at Barclays to Enable Lambda Event Filtering with AWS Glue Schema Registry,https://aws.amazon.com/blogs/opensource/leveraging-open-source-at-barclays-to-enable-lambda-event-filtering-with-aws-glue-schema-registry/,"Jul 11, 2023",0.0012898732675239444
Why is Britain's Barclays Bank pulling out of Africa?,https://www.bbc.com/news/business-35695601,"Mar 1, 2016",0.0012850281782448292
Can Barclays move beyond scandal and stagnation?,https://www.ft.com/content/d1996cf6-1819-49ca-9094-05c45dc9038c,"Nov 13, 2023",3.8700050026818644e-06
Barclays down 6.5% after warning of fourth-quarter cost-cutting charges,https://www.cnbc.com/2023/10/24/barclays-narrowly-beats-profit-forecasts-on-strong-consumer-credit-cards-business.html,"Oct 24, 2023",0.9999995231628418
Strategic Asset Allocation 2023 update,https://privatebank.barclays.com/insights/2023/april/strategic-asset-allocation-2023-update/,"Apr 25, 2023",3.414085222175345e-05
Barclays to repay customers hit by £48m Malta timeshare scandal,https://www.ft.com/content/45de31b2-1332-4f95-a7c2-4e5a157babf4,"Jun 18, 2021",3.8700050026818644e-06
Google Pay,https://privatebank.barclays.com/what-we-offer/google-pay/,"May 30, 2023",2.4746252165641636e-05
Travel Rewards Mastercard,https://www.aarp.org/membership/benefits/finance/aarp-travel-rewards-mastercard-from-barclays/,"Aug 9, 2022",4.72654255645466e-06
Barclays sets net zero carbon target for 2050 after investor pressure,https://www.theguardian.com/business/2020/mar/30/barclays-sets-net-zero-carbon-target-for-2050-after-investor-pressure-climate,"Mar 30, 2020",2.1823550923727453e-05
Women's rising wealth,https://privatebank.barclays.com/news-and-insights/womens-rising-wealth/,"Mar 6, 2020",0.2988745868206024
Report: FCA probing Barclays over AML controls,https://www.complianceweek.com/regulatory-enforcement/report-fca-probing-barclays-over-aml-controls/32666.article,"Feb 13, 2023",1.3732865227211732e-05
Barclays and Hawaiian Airlines Introduce Two Free Checked Bags Benefit,https://newsroom.hawaiianairlines.com/releases/barclays-and-hawaiian-airlines-introduce-two-free-checked-bags-benefit,"Oct 3, 2022",0.9999886751174927
Barclays fined £72m over 'elephant deal',https://www.theguardian.com/business/2015/nov/26/barclays-fined-72m-elephant-deal-fca,"Nov 26, 2015",0.0010170497698709369
Barclays chief: the life lessons I have discovered during cancer treatment,https://www.ft.com/content/425a3c92-31e6-4fcc-a080-7cc3fc71b5fc,"Feb 4, 2023",7.557359640486538e-05
Inspired magazine,https://privatebank.barclays.com/insights/2023/july/inspired-magazine/,"Jul 3, 2023",0.9934659600257874
Barclays Moves Call Centre Operations from India to UK,https://www.cxtoday.com/contact-centre/barclays-moves-call-centre-operations-from-india-to-uk/,"May 5, 2021",0.0013476930325850844
“The Politics of Rage” - What’s driving the collapse of the political centre?,https://www.ib.barclays/our-insights/politics-of-rage.html,"Mar 9, 2017",2.9721106329816394e-05
Can global energy reach net zero by 2050? | Barclays CIB,https://www.ib.barclays/our-insights/global-energy-outlook.html,"Oct 30, 2023",0.00999221671372652
Sustainable portfolio management,https://privatebank.barclays.com/what-we-offer/investments/sustainable-portfolio-management/,"Oct 16, 2020",0.4364650249481201
"Barclays, Venkat and the ghost of Edward Bramson",https://www.ft.com/content/089106fe-5f32-4f17-a866-ee58385f43f9,"Jan 29, 2023",3.8700050026818644e-06
My Working Day: Asha Khela,https://home.barclays/news/2018/01/my-working-day-asha-khela/,"Jan 22, 2018",3.9741553337080404e-05
Private Banking Services,https://privatebank.barclays.com/what-we-offer/private-banking/,"May 18, 2018",0.9952096343040466
Barclays is building a retail bank in the US,https://digiday.com/marketing/barclays-building-retail-bank-us/,"Nov 28, 2017",0.006569662131369114
Sustainable and Impact Banking Group | Barclays CIB,https://www.ib.barclays/news-and-events/barclays-creates-new-sustainable-and-impact-banking-group.html,"Oct 29, 2019",0.9939647316932678
Former Barclays CEO Jes Staley banned from UK banking for failing to disclose Epstein ties,https://www.cnn.com/2023/10/12/business/jes-staley-uk-fca-ban/index.html,"Oct 13, 2023",1.2349875760264695e-05
Barclays Appoints John J. Erdmann as Chief Financial Officer for Barclays US Consumer Bank and Barclays Bank Delaware,https://www.businesswire.com/news/home/20230323005617/en/Barclays-Appoints-John-J.-Erdmann-as-Chief-Financial-Officer-for-Barclays-US-Consumer-Bank-and-Barclays-Bank-Delaware,"Mar 23, 2023",0.012108997441828251
Report: Barclays Considers Selling Part of Its UK Payments Business,https://www.pymnts.com/acquisitions/2023/barclays-considers-selling-part-united-kingdom-payments-business/,"Sep 4, 2023",4.25556618210976e-06
Barclays Bank Review August 2024: Stellar APYs but limited account options and no physical locations,https://fortune.com/recommends/banking/barclays-bank-review/,"Sep 1, 2023",3.1373269848700147e-06
Mercury rising: The Future of Fintech,https://www.ib.barclays/our-insights/the-future-of-fintech.html,"Apr 5, 2023",1.964250986929983e-05
"Barclays Bank is reportedly axing up to 2,000 jobs as part of a $1.25 billion cost-cutting plan",https://fortune.com/europe/2023/11/24/barclays-bank-1-billion-cost-cutting-plan-2000-layoffs/,"Nov 24, 2023",0.0030703360680490732
Barclays explores plan to drop thousands of investment banking clients,https://www.ft.com/content/ff5b56d8-51a3-48f6-b7e5-5854abcf219a,"Nov 27, 2023",3.8700050026818644e-06
EV adoption: Impact Series,https://www.ib.barclays/our-insights/will-the-road-to-100-ev-adoption-be-green-cheap-or-easy.html,"Jul 12, 2023",0.7309695482254028
Uber Credit Card from Barclays is relaunching with updated rewards,https://www.cnbc.com/select/uber-credit-card-from-barclays-gets-relaunched-updated-rewards/,"Oct 28, 2019",0.01752042956650257
Barclays shares sink 5% as the bank expects to earn less interest in the U.K.,https://www.cnbc.com/2023/07/27/barclays-earnings-result-q2-2023-.html,"Jul 27, 2023",0.0005447638686746359
Angela Liu: How is China's economy evolving? | Barclays CIB,https://www.ib.barclays/our-insights/barclays-asia-forum-2023/angela-liu.html,"Nov 6, 2023",0.0011650070082396269
"Clean, Lean and Green | Barclays CIB",https://www.ib.barclays/our-insights/clean-lean-and-green.html,"Apr 19, 2023",0.0022735148668289185
Optionality and automation,https://www.ib.barclays/our-insights/optionality-and-automation.html,"Apr 19, 2023",6.517629117297474e-06
Barclays set to cut hundreds in two-pronged effort: reports,https://www.bankingdive.com/news/barclays-job-cuts-400-uk-retail-trading-bottom-performers-venkat-investment-bank/693217/,"Sep 11, 2023",2.6244117634632858e-06
"Time in, not timing, the market counts",https://privatebank.barclays.com/news-and-insights/2019/july/market-perspectives/market-counts/,"Jul 5, 2019",7.25424979464151e-05
Barclays customers in switch threat over tar sands investment,https://www.theguardian.com/business/2018/dec/05/barclays-customers-threaten-leave-en-masse-tar-sands-investment-greenpeace,"Dec 5, 2018",7.461699169653002e-06
Derivatives client clearer of the year: Barclays,https://www.risk.net/awards/7958310/derivatives-client-clearer-of-the-year-barclays,"Nov 28, 2023",0.03700724616646767
Barriers to Giving,https://privatebank.barclays.com/news-and-insights/2019/november/barriers-to-giving/,"Nov 15, 2019",6.1960690800333396e-06
Record pace of activist campaigns | Barclays CIB,https://www.ib.barclays/our-insights/record-pace-of-activist-campaigns-continues-into-2023.html,"Apr 13, 2023",0.9879294633865356
Barclays CD rates August 2024,https://www.usatoday.com/money/blueprint/banking/cds/barclays-cd-rates/,"Sep 28, 2023",0.028596164658665657
Barclays bankers fear cost-cutting job losses after profits fall,https://www.theguardian.com/business/2023/oct/24/barclays-profits-fall-cut-costs,"Oct 24, 2023",0.0011762757785618305
The Green Transition| Barclays CIB,https://www.ib.barclays/our-insights/green-transition-driving-force-behind-a-radical-economic-rethink.html,"Aug 22, 2023",0.0003190470451954752
Reducing Friction in International Payments,https://www.ib.barclays/our-insights/reducing-friction-in-international-payments.html,"Feb 20, 2023",0.5249550342559814
Blow for Barclays as 20% of shareholders reject climate strategy,https://www.theguardian.com/business/2022/may/04/shareholders-and-campaigners-disrupt-barclays-agm-over-climate-promises,"May 4, 2022",0.0005321475910022855
The new most dangerous job(s) at Barclays,https://www.efinancialcareers.com/news/2023/11/barclays-cutting-jobs,"Nov 29, 2023",0.0009706814307719469
Pension funds urge Barclays to stop lending to fossil fuel firms,https://www.theguardian.com/business/2020/jan/08/pension-funds-urge-barclays-to-stop-lending-to-fossil-fuel-firms,"Jan 8, 2020",8.55184844112955e-05
Ex-Barclays boss Jes Staley banned over Epstein scandal,https://www.bbc.com/news/uk-67087758,"Oct 12, 2023",5.699052780983038e-05
"Barclays could axe up to 2,000 jobs in £1bn cost-cutting drive",https://www.theguardian.com/business/2023/nov/24/barclays-could-axe-up-to-2000-jobs-cost-cutting-drive,"Nov 24, 2023",0.0002017717924900353
Interest rate derivatives house of the year: Barclays,https://www.risk.net/awards/7958413/interest-rate-derivatives-house-of-the-year-barclays,"Nov 28, 2023",0.11456982046365738
Barclays seeks climate director after protests over fossil fuel finance,https://www.theguardian.com/business/2023/sep/10/barclays-seeks-climate-director-after-protests-over-fossil-fuel-finance,"Sep 10, 2023",0.00010418790770927444
Barclays staff to share £1.2bn in bonuses despite drop in profits,https://www.theguardian.com/business/2023/feb/15/barclays-staff-bonuses-drop-in-profits,"Feb 15, 2023",0.004101184196770191
About us,https://privatebank.barclays.com/about-us/,"Nov 28, 2018",0.991534948348999
Qatar Holding’s stock sale imperils Barclays’ effort to close valuation gap,https://www.euromoney.com/article/2cjtutgfaof6rpa1knqww/opinion/qatar-holdings-stock-sale-imperils-barclays-effort-to-close-valuation-gap,"Dec 7, 2023",0.00658939266577363
Barclays stops UK clients from sending funds to Binance,https://www.ft.com/content/abc04cc0-ea53-4ecb-8c1e-49c85014fa3f,"Jul 5, 2021",3.8700050026818644e-06
Investment consultants,https://privatebank.barclays.com/who-we-work-with/investment-consultants/,"Apr 28, 2023",0.9998908042907715
India – private clients,https://privatebank.barclays.com/where-we-are-located/india/,"May 19, 2018",0.9999983310699463
Cambridge University reportedly could drop Barclays in favour of greener bank,https://www.theguardian.com/education/2023/dec/16/cambridge-university-reportedly-could-drop-barclays-in-favour-of-greener-bank,"Dec 16, 2023",0.00022004047059454024
Barclays Recognizes 81 New Managing Directors in the Corporate and Investment Bank,https://www.businesswire.com/news/home/20231207074634/en/Barclays-Recognizes-81-New-Managing-Directors-in-the-Corporate-and-Investment-Bank,"Dec 7, 2023",0.45695000886917114
PFS Announces the Acquisition of the Barclays Prepaid Card Portfolio,https://www.businesswire.com/news/home/20190306005297/en/PFS-Announces-the-Acquisition-of-the-Barclays-Prepaid-Card-Portfolio,"Mar 6, 2019",0.46597176790237427
How Barclays and other banks are funding climate change,https://www.greenpeace.org.uk/news/barclays-banks-climate-change-fossil-fuels/,"Mar 2, 2020",8.571599755669013e-05
Barclays shares drop on falling profits and gloomy outlook,https://www.ft.com/content/7f894e37-7001-4a9d-87e4-90d30d1bdd34,"Oct 24, 2023",3.8700050026818644e-06
Qatar slashes stake in Barclays with £510mn share sale,https://www.ft.com/content/b7638550-e1a8-4423-9d00-1656de94a3f2,"Dec 4, 2023",3.8700050026818644e-06
Barclays: the legal fight over a company’s ‘controlling mind’,https://www.ft.com/content/f666b592-5a4b-11ea-abe5-8e03987b7b20,"Mar 8, 2020",3.8700050026818644e-06
National Trust under pressure to ditch Barclays over fossil fuel funding,https://www.ft.com/content/5a7eefa7-5272-4588-a015-11bdac3f5502,"Aug 19, 2023",3.8700050026818644e-06
Barclays CIB appoints new co-heads of Investment Banking,https://www.ib.barclays/news-and-events/Barclays-appoints-new-co-heads-of-Investment-Banking.html,"Jan 24, 2023",4.511114821070805e-05
Barclays risks centuries-old ties with Cambridge university over fossil fuel financing,https://www.ft.com/content/fde5f22e-a4d4-43de-92ed-28c5f850177d,"Dec 15, 2023",3.8700050026818644e-06
UBS and Barclays buck trend with substantial China ETF bets,https://www.ft.com/content/b587f6d6-d12b-4e0c-8803-d46505766fd6,"Oct 19, 2023",9.579260949976742e-05
Barclays more scrutinised than any other UK high street bank,https://www.theguardian.com/business/2015/jul/20/barclays-fca-more-scrutiny-any-other-uk-bank,"Jul 20, 2015",6.462895271397429e-06
UK students launch Barclays ‘career boycott’ over bank’s climate policies,https://www.theguardian.com/business/2023/dec/27/uk-students-launch-barclays-career-boycott-over-banks-climate-policies,"Dec 27, 2023",6.5841122705023736e-06
Charities and not-for-profits,https://privatebank.barclays.com/who-we-work-with/charities-not-for-profit/,"Jul 23, 2019",0.0019429954700171947
National Trust resists pressure to ditch Barclays over environmental concerns,https://www.theguardian.com/uk-news/2023/aug/20/national-trust-resists-pressure-to-ditch-barclays-over-environmental-concerns,"Aug 20, 2023",6.851361104054376e-05
"The Barclay family, the banks and the billion-pound debt",https://www.ft.com/content/322e4bea-40b3-4749-92f4-d5fa78762a14,"Sep 11, 2023",3.8700050026818644e-06
Barclays/Jes Staley: risk-seeking habit lingers on in bank’s structure,https://www.ft.com/content/e9249404-9eb3-4d2f-9896-3c21825522c6,"Oct 12, 2023",3.8700050026818644e-06
Who we work with,https://privatebank.barclays.com/who-we-work-with/,"May 18, 2018",0.04682934284210205
Barclays settles after shuttering Christian charity's account following alleged 'conversion therapy' promotion,https://www.foxbusiness.com/politics/barclays-bank-settles-after-shuttering-christian-charitys-account-for-alleged-conversion-therapy-promotion,"Jun 29, 2023",7.404978532576934e-05
Charities and churches left in financial disarray after Barclays shuts accounts,https://www.theguardian.com/money/2023/dec/04/charities-and-churches-left-in-financial-disarray-after-barclays-shut-accounts,"Dec 4, 2023",1.5677171177230775e-05
Barclays agrees deal to stay at London’s Canary Wharf until 2039,https://www.ft.com/content/fb22d19e-19fa-45e5-9f55-23bd0d4518af,"Dec 21, 2023",3.8700050026818644e-06
Our five-year forecasts and scenarios: strap up for a two-speed recovery,https://privatebank.barclays.com/news-and-insights/2021/november/outlook-2022/five-year-forecasts/,"Nov 15, 2021",0.031018387526273727
Barclays faces trial over Dutch landlord derivatives losses,https://www.ft.com/content/66713ccc-408d-4622-94ca-12fc2e8381d6,"Jun 17, 2023",3.8700050026818644e-06
Barclays warns former staff in bid to stem investment bank exodus,https://www.ft.com/content/401532c6-06f0-4c7a-8d94-8c6e555c8265,"Jun 10, 2023",3.8700050026818644e-06
Barclays investment bank boss ousted in shake-up of top team,https://www.ft.com/content/d5b8e15c-509d-11e9-9c76-bf4a0ce37d49,"Mar 27, 2019",3.8700050026818644e-06
"Barclays Stock Price | BCLYF Stock Quote, News, and History",https://markets.businessinsider.com/stocks/bclyf-stock,"Dec 23, 2020",0.00028559559723362327
Barclays shares slide after earnings reflect fading rate windfall,https://www.ft.com/content/2e22e11f-5366-4b81-a54a-b306e04a3dc8,"Jul 27, 2023",3.8700050026818644e-06
What's gone wrong for Metro Bank and will Barclays save it?,https://www.euronews.com/business/2023/11/28/whats-gone-wrong-for-metro-bank-and-will-barclays-save-it,"Nov 28, 2023",5.341005453374237e-05
First Condos Soon for Sale at Barclays Center Site (Published 2015),https://www.nytimes.com/2015/06/14/realestate/first-condos-soon-for-sale-at-barclays-center-site.html,"Jun 12, 2015",6.563112151525274e-07
Financing and Credit,https://www.apple.com/shop/browse/financing,"Feb 14, 2017",0.00013022928033024073
Barclays reshuffles top ranks with Jes Staley succession in mind,https://www.ft.com/content/5074afb7-9c1f-4bbb-b0cb-c765d4cfe736,"Sep 30, 2020",3.8700050026818644e-06
Barclays steps forward to support communities in Singapore,https://www.ib.barclays/news-and-events/barclays-anniversary-banking-support-communities.html,"Feb 2, 2023",0.012510099448263645
Amanda Staveley loses High Court fight with Barclays over damages,https://www.bbc.com/news/business-56208668,"Feb 26, 2021",0.010986613109707832
UniCredit/Barclays: investors discount boom as bad omen,https://www.ft.com/content/91697b58-1b8b-4f14-a62c-66c1b6c8857d,"Oct 24, 2023",3.8700050026818644e-06
Carbon trading: a new market for investors?,https://privatebank.barclays.com/news-and-insights/2021/may/market-perspectives-may-2021/carbon-trading/,"May 7, 2021",0.04627659171819687
"Barclays plans 2,000 job cuts as part of $1.25 billion cost-cutting plan: Report | Company Business News",https://www.livemint.com/companies/news/barclays-plans-2-000-job-cuts-in-1-25-billion-cost-cutting-plan-report-11700786124571.html,"Nov 24, 2023",0.0002083526342175901
Mortgage support hub,https://privatebank.barclays.com/support-and-information/mortgage-support-hub/,"Jul 13, 2023",7.798144906701054e-06
"The Barclay family, the banks and the billion-pound debt",https://www.ft.com/content/322e4bea-40b3-4749-92f4-d5fa78762a14,"Sep 11, 2023",3.8700050026818644e-06
Barclays/Jes Staley: risk-seeking habit lingers on in bank’s structure,https://www.ft.com/content/e9249404-9eb3-4d2f-9896-3c21825522c6,"Oct 12, 2023",3.8700050026818644e-06
Abisola Barber | Culture,https://home.barclays/news/2020/02/-everyone-is-different---and-that-is-glorious-/,"Feb 28, 2020",1.9795706975855865e-05
Who we work with,https://privatebank.barclays.com/who-we-work-with/,"May 18, 2018",0.04682934284210205
Protestors shame Barclays Bank over Israel’s repression of Palestinians,https://www.counterfire.org/article/protestors-shame-barclays-bank-over-israels-repression-of-palestinians/,"Mar 27, 2023",5.54143753106473e-06
Charities and churches left in financial disarray after Barclays shuts accounts,https://www.theguardian.com/money/2023/dec/04/charities-and-churches-left-in-financial-disarray-after-barclays-shut-accounts,"Dec 4, 2023",1.5677171177230775e-05
Barclays warns former staff in bid to stem investment bank exodus,https://www.ft.com/content/401532c6-06f0-4c7a-8d94-8c6e555c8265,"Jun 10, 2023",3.8700050026818644e-06
Barclays investment bank boss ousted in shake-up of top team,https://www.ft.com/content/d5b8e15c-509d-11e9-9c76-bf4a0ce37d49,"Mar 27, 2019",3.8700050026818644e-06
Raising funds for the people of La Palma,https://www.ib.barclays/news-and-events/raising-funds-for-the-people-of-La-Palma.html,"Aug 31, 2022",0.00031982074142433703
Personalised banking and savings,https://privatebank.barclays.com/what-we-offer/personalised-banking-and-savings/,"Sep 26, 2023",0.00045923326979391277
Barclays’ quarterly profit surges as dealmaking boosts investment bank,https://www.ft.com/content/d7f22c43-3c2b-441c-8774-b2225dafd8f0,"Feb 23, 2022",3.8700050026818644e-06
"Barclays Stock Price | BCLYF Stock Quote, News, and History",https://markets.businessinsider.com/stocks/bclyf-stock,"Dec 23, 2020",0.00028559559723362327
What's gone wrong for Metro Bank and will Barclays save it?,https://www.euronews.com/business/2023/11/28/whats-gone-wrong-for-metro-bank-and-will-barclays-save-it,"Nov 28, 2023",5.341005453374237e-05
Barclays takes £450m hit after overselling products to investors,https://www.independent.co.uk/news/uk/barclays-us-securities-and-exchange-commission-sec-b2045576.html,"Mar 28, 2022",3.2288509828504175e-05
"Barclays invests in Zedify, the UK’s largest e-cargo bike delivery network",https://home.barclays/news/press-releases/2023/03/barclays-invests-in-Zedify/,"Mar 17, 2023",0.9998056292533875
Financing and Credit,https://www.apple.com/shop/browse/financing,"Feb 14, 2017",0.00013022928033024073
Barclays reshuffles top ranks with Jes Staley succession in mind,https://www.ft.com/content/5074afb7-9c1f-4bbb-b0cb-c765d4cfe736,"Sep 30, 2020",3.8700050026818644e-06
Amanda Staveley loses High Court fight with Barclays over damages,https://www.bbc.com/news/business-56208668,"Feb 26, 2021",0.010986613109707832
UniCredit/Barclays: investors discount boom as bad omen,https://www.ft.com/content/91697b58-1b8b-4f14-a62c-66c1b6c8857d,"Oct 24, 2023",3.8700050026818644e-06
Why is Barclays so slow over lost funds?,https://www.theguardian.com/money/2018/nov/09/why-is-barclays-so-slow-over-lost-funds,"Nov 9, 2018",0.0007619749521836638
Atlas Mara weighs up Barclays Africa deal,https://www.ft.com/content/57238402-0b7f-11e6-b0f1-61f222853ff3,"Apr 26, 2016",3.8700050026818644e-06
Barclays creates post-crisis milestone with ‘ringfenced’ bank,https://www.ft.com/content/f068b284-3366-11e8-ac48-10c6fdc22f03,"Apr 2, 2018",3.8700050026818644e-06
Barclays customers locked out of accounts as platform woes continue,https://www.ft.com/content/a008a0c6-0501-11e8-9650-9c0ad2d7c5b5,"Jan 30, 2018",3.8700050026818644e-06
Barclays scraps 'Big Brother' staff tracking system,https://www.bbc.co.uk/news/business-51570401,"Feb 20, 2020",0.00015242888184729964
Barclays boss: Big offices 'may be a thing of the past',https://www.bbc.co.uk/news/business-52467965,"Apr 29, 2020",2.050994680757867e-06
Aviva announces deal to buy Barclays home insurance portfolio,https://www.aviva.com/newsroom/news-releases/2023/07/aviva-announces-deal-to-buy-barclays-home-insurance-portfolio/,"Jul 24, 2023",0.9998970031738281
Barclays shifts billions of pounds to Dublin because of Brexit,https://www.bbc.co.uk/news/business-47060676,"Jan 30, 2019",1.5991598047548905e-05
Barclays unveiled as title sponsor of FA Women’s Super League,https://www.thefa.com/news/2019/mar/20/barclays-fa-wsl-lead-sponsor-200319,"Mar 20, 2019",0.8476229906082153
Barclays Wealth rocked by another senior departure,https://www.ft.com/content/3b82b402-0cc6-11e4-bf1e-00144feabdc0,"Jul 16, 2014",3.8700050026818644e-06
Wimbledon: Stars call on championships to end Barclays sponsorship,https://www.bbc.co.uk/news/business-66084764,"Jul 3, 2023",0.00017414770263712853
Barclays Free Park Tennis,https://www.lta.org.uk/play/free-park-tennis/,"Aug 10, 2023",0.0010636512888595462
Barclays Eagle Labs chosen to help turbocharge next generation of UK tech stars,https://www.gov.uk/government/news/barclays-eagle-labs-chosen-to-help-turbocharge-next-generation-of-uk-tech-stars,"Jan 20, 2023",0.9999785423278809
The bank with the most complaints: what went wrong at Barclays?,https://www.thetimes.com/business-money/money/article/barclays-news-worst-bank-uk-branch-closure-customer-service-complaints-pv06znv0n,"Dec 9, 2023",0.0025938686449080706
"Barclays to cut 900 UK jobs, says Unite union",https://www.bbc.co.uk/news/business-67558402,"Nov 28, 2023",0.996353030204773
Barclays breach leads to apology and refund for PPI customers,https://www.gov.uk/government/news/barclays-breach-leads-to-apology-and-refund-for-ppi-customers,"Apr 28, 2016",0.00010239242692478001
"Barclays plans 2,500 new jobs in Glasgow",https://www.bbc.co.uk/news/uk-scotland-scotland-business-44910560,"Jul 23, 2018",0.29258236289024353
Barclays: Bank to cut 450 jobs as union brands move ‘unnecessary and unjustified’,https://www.cityam.com/barclays-bank-to-cut-450-jobs-as-union-brands-move-unnecessary-and-unjustified/,"Sep 12, 2023",7.96093008830212e-05
Barclays to cut more than 450 jobs despite billion-pound quarterly profits,https://www.standard.co.uk/business/barclays-cut-more-than-450-jobs-layoffs-redundancies-staff-bank-branch-city-unite-union-b1106479.html,"Sep 12, 2023",1.3046295862295665e-05
Who is the outgoing Barclays boss Jes Staley?,https://www.bbc.co.uk/news/business-59118713,"Nov 1, 2021",4.147043910052162e-06
