title,link,date,sentiment_score
"BlackRock World Mining Trust plc (LSE:BRWM) Share Price, History, & News",https://www.fool.co.uk/tickers/lse-brwm/,"Jul 18, 2014",1.4925156222034275e-07
BlackRock World Mining Trust plc (BRWM) Ordinary 5p share price | BRWM,https://www.hl.co.uk/shares/shares-search-results/b/blackrock-world-mining-ordinary-5p,"Jul 22, 2018",0.0001637270033825189
BlackRock World Mining Trust Plc - Directorate Change,https://uk.finance.yahoo.com/news/blackrock-world-mining-trust-plc-100900704.html,"Aug 24, 2023",1.0434140676807147e-05
Should you buy this mining trust? | MoneyWeek,https://moneyweek.com/investments/investment-trusts/should-you-buy-this-mining-trust,"Jul 5, 2023",0.6245314478874207
BlackRock World Mining - Apr 2024 | Investor,https://www.trustintelligence.co.uk/investor/funds/blackrock-world-mining-trust,"Mar 4, 2018",2.599989420559723e-05
Four of the best funds for mining profits in gold,https://moneyweek.com/investments/commodities/gold/602568/four-of-the-best-funds-for-mining-profits-in-gold,"Jan 13, 2021",0.8471990823745728
Tough Start To The Year For BlackRock World Mining,https://masterinvestor.co.uk/funds-and-investment-trusts/tough-start-to-the-year-for-blackrock-world-mining/,"Sep 7, 2023",3.059612208744511e-05
BlackRock World Mining drops coal from remit,https://quoteddata.com/2020/02/blackrock-world-mining-drops-coal-remit/,"Feb 28, 2020",0.8199039101600647
BlackRock World Mining - Jun 2023 | Investor,https://www.trustintelligence.co.uk/investor/articles/fund-research-investor-blackrock-world-mining-retail-jun-2023,"Jun 23, 2023",0.0001895221066661179
2017 was another strong year for BlackRock World Mining Trust,https://quoteddata.com/2018/02/2017-was-another-strong-year-for-blackrock-world-mining-trust/,"Feb 27, 2018",1.0
BlackRock World Mining - Jun 2022 | Investor,https://www.trustintelligence.co.uk/investor/articles/fund-research-investor-blackrock-world-mining-retail-may-2022,"May 27, 2022",0.0001895221066661179
"Investor disdain for mining is threatening net zero, says Blackrock",https://www.telegraph.co.uk/business/2023/10/30/investor-disdain-mining-threatening-net-zero-blackrock/,"Oct 30, 2023",0.1337108314037323
BlackRock World Mining Trust: April 2023 update,https://www.hl.co.uk/shares/investment-trusts/investment-trust-research/blackrock-world-mining-trust-april-2023-update,"Apr 4, 2023",0.0021135560236871243
BLACKROCK WORLD: Mining fund rocks with 122% return,https://www.thisismoney.co.uk/money/investing/article-9432709/BLACKROCK-WORLD-Mining-fund-rocks-122-return.html,"Apr 6, 2021",0.9995872378349304
Transition metal ETFs: Must-have or unnecessary risk for ESG investors?,https://www.etfstream.com/articles/transition-metal-etfs-must-have-or-unnecessary-risk-for-esg-investors,"Dec 18, 2023",0.0003899915318470448
Mining stocks are back in favour – but proceed with caution,https://moneyweek.com/investments/funds/investment-trusts/604520/mining-stocks-investment-trust-proceed-with-caution,"Mar 7, 2022",0.9989921450614929
"From Blenheim to BlackRock, here's why everyone's bullish about copper - MINING.COM",https://www.mining.com/web/blenheim-blackrock-heres-everyones-bullish-copper/,"Oct 8, 2018",0.8864851593971252
World's Biggest Asset Manager BlackRock Bought $383M Of Crypto Mining Stocks,https://finance.yahoo.com/news/worlds-biggest-asset-manager-blackrock-153740142.html,"Aug 20, 2021",1.7638772931150015e-07
BlackRock Olivia Markham: Gold fever,https://www.investmentweek.co.uk/opinion/4122293/blackrocks-olivia-markham-gold-fever,"Aug 17, 2023",0.5529611110687256
"Evy Hambro, Head of BlackRock's Natural Resources equity team",https://www.thetimes.com/business-money/money/article/evy-hambro-head-of-blackrocks-natural-resources-equity-team-hpbhljfcq,"Jan 5, 2019",0.0020639311987906694
"After 33% returns in 3 months, this gold-mining mutual fund changes course. Here’s why",https://www.moneycontrol.com/news/business/personal-finance/after-33-returns-in-3-months-this-gold-mining-mutual-fund-changes-course-heres-why-9929761.html,"Jan 25, 2023",0.00025794151588343084
BlackRock's Evy Hambro wants miners to return capital to shareholders,https://www.afr.com/companies/mining/blackrocks-evy-hambro-wants-miners-to-return-capital-to-shareholders-20180112-h0h3kc,"Jan 12, 2018",0.9995290040969849
Black Rock ready to develop world's fourth-largest graphite deposit - MINING.COM,https://www.mining.com/draft-black-rock-mining-mahenge-graphite/,"Sep 5, 2019",0.0002222917537437752
BlackRock's Gallagher: 'I love making investment trusts still relevant',https://portfolio-adviser.com/blackrocks-gallagher-i-love-making-investment-trusts-still-relevant/,"Oct 6, 2022",0.007617075927555561
"Will commodities roar like in the 2000s, or fall flat like in the 2010s?",https://www.trustnet.com/news/13398030/will-commodities-roar-like-in-the-2000s-or-fall-flat-like-in-the-2010s,"Nov 28, 2023",0.36751148104667664
Blackrock's Hambro backs creation of SA national gold mining champion,https://www.miningmx.com/news/gold/38756-blackrocks-hambro-backs-creation-of-sa-national-gold-mining-champion/,"Oct 4, 2019",4.2002469854196534e-05
BlackRock's Evy Hambro says green premium is coming to mining,https://www.afr.com/companies/mining/blackrock-backs-decarbonisation-value-over-mining-volumes-20220529-p5apbu,"May 30, 2022",0.0007077855407260358
Investment guru Evy Hambro sits tight amid iron ore bonanza,https://www.afr.com/companies/mining/investment-guru-evy-hambro-sits-tight-amid-iron-ore-bonanza-20190614-p51xru,"Jun 15, 2019",0.9993510842323303
3 top investment trusts I'd buy for a new £20000 Stocks and Shares ISA,https://www.fool.co.uk/2023/04/23/3-investment-trusts-id-buy-for-a-new-20000-stocks-and-shares-isa/,"Apr 23, 2023",4.50041125077405e-06
The next supercycle - Mar 2023 | Investor,https://www.trustintelligence.co.uk/investor/articles/strategy-investor-the-next-supercycle-retail-mar-2023,"Mar 8, 2023",0.0001895221066661179
3 world-class investment trusts to consider in 2024,https://www.fool.co.uk/2023/12/28/3-world-class-investment-trusts-to-consider-in-2024/,"Dec 28, 2023",3.013328750967048e-06
11 investment trusts for inflationary times | MoneyWeek,https://moneyweek.com/investment-trusts-for-inflation,"Mar 28, 2023",0.6837486624717712
Big BHP shareholders weigh up stakes,https://www.sbs.com.au/news/article/big-bhp-shareholders-weigh-up-stakes/d3p0kcy1w,"Sep 24, 2015",2.8061604098184034e-05
Private Investor's Diary: I'm getting my portfolio ready for the next stage,https://www.investorschronicle.co.uk/ideas/2023/09/12/private-investor-s-diary-i-m-getting-my-portfolio-ready-for-the-next-stage/,"Sep 12, 2023",0.9186670780181885
Black Rock achieves world's largest graphite Measured Mineral Resource at Mahenge,https://mining.com.au/black-rock-achieves-worlds-largest-graphite-measured-mineral-resource-at-mahenge/,"Feb 3, 2022",0.009716980159282684
Fundsmith stands alone as investors flock to passives,https://portfolio-adviser.com/fundsmith-stands-alone-as-investors-flock-to-passives/,"Dec 2, 2022",0.0008125451277010143
DSPBR Mutual Fund changes attributes of some schemes,https://m.economictimes.com/mf/mf-news/dspbr-mutual-fund-changes-attributes-of-some-schemes/articleshow/62915325.cms,"Feb 14, 2018",0.00011543549771886319
Investment Week reveals winners of Fund Manager of the Year Awards 2023,https://www.investmentweek.co.uk/news/4118516/investment-reveals-winners-fund-manager-awards-2023,"Jun 23, 2023",0.9891897439956665
Ian Cowie: 6% income on offer for a sector that's wise to back,https://www.ii.co.uk/analysis-commentary/ian-cowie-6-income-offer-sector-thats-wise-back-ii529239,"Sep 21, 2023",0.009437705390155315
"Discover which investment trusts have the highest dividend yields, and which ones could disappoint with cuts",https://www.sharesmagazine.co.uk/news/shares/discover-which-investment-trusts-have-the-highest-dividend-yields-and-which-ones-could-disappoint-with-cuts,"Jul 19, 2023",0.014971444383263588
ISA ideas: alternatives to the most-popular funds and trusts,https://www.ii.co.uk/analysis-commentary/isa-ideas-alternatives-most-popular-funds-and-trusts-ii526926,"Feb 15, 2023",0.0032351750414818525
Ian Cowie: the investment trusts in ISA millionaire club,https://www.ii.co.uk/analysis-commentary/ian-cowie-investment-trusts-isa-millionaire-club-ii527280,"Mar 16, 2023",4.111999078304507e-05
