title,link,date,sentiment_score
Centrica Business Solutions,https://www.centrica.com/our-businesses/centrica-business-solutions/,"Dec 21, 2020",0.999998927116394
Centrica Extends its Relationship with Cognizant to Manage its Application and IT Infrastructure Landscape,https://news.cognizant.com/2022-10-05-Centrica-Extends-its-Relationship-with-Cognizant-to-Manage-its-Application-and-IT-Infrastructure-Landscape,"Oct 5, 2022",0.9999997615814209
Centrica seeks billions in additional financing as collateral demands soar,https://www.ft.com/content/565fec23-5883-4b5c-b852-35dc4c3acaa0,"Sep 5, 2022",3.8700050026818644e-06
Centrica agrees the sale of its Canadian E&P business.,https://www.centrica.com/media-centre/news/2017/centrica-agrees-the-sale-of-its-canadian-ep-business/,"Jun 9, 2017",1.4620537513110321e-05
Fluence and Centrica work with Data Centre in Belgium to Provide and Optimise its first Zero-Emission Backup Power System,https://www.centrica.com/media-centre/news/2022/fluence-and-centrica-work-with-data-centre-in-belgium-to-provide-and-optimise-its-first-zero-emission-backup-power-system/,"Apr 21, 2022",0.9999905824661255
Centrica Innovations backs Powerhouse Ventures to support the next generation of energy companies,https://www.centrica.com/media-centre/news/2019/centrica-innovations-backs-powerhouse-ventures-to-support-the-next-generation-of-energy-companies/,"Jan 25, 2019",0.9996691942214966
Centrica joins community energy blockchain trial,https://www.centrica.com/media-centre/news/2018/centrica-joins-community-energy-blockchain-trial/,"Nov 16, 2018",0.037791650742292404
Centrica Business Solutions rolls out in North America,https://www.centrica.com/media-centre/news/2018/centrica-business-solutions-rolls-out-in-north-america/,"Feb 13, 2018",0.14592039585113525
Centrica introduces Responsible Business Ambitions out to 2030,https://www.centrica.com/media-centre/news/2019/centrica-introduces-responsible-business-ambitions-out-to-2030/,"Apr 5, 2019",0.9974441528320312
"Centrica Innovations invests in smart home security tech start up, Minut",https://www.centrica.com/media-centre/news/2019/centrica-innovations-invests-in-smart-home-security-tech-start-up-minut/,"Jul 29, 2019",0.9999892711639404
Centrica signs major LNG supply agreement,https://www.centrica.com/media-centre/news/2023/centrica-signs-major-lng-supply-agreement/,"Jul 11, 2023",0.9383062720298767
Centrica Business Solutions launches in Ireland,https://www.centrica.com/media-centre/news/2018/centrica-business-solutions-launches-in-ireland/,"Jul 26, 2018",0.999823272228241
FORD AND CENTRICA TO OFFER NEW ELECTRIC VEHICLE SERVICES TO FORD CUSTOMERS AND DEALERS,https://media.ford.com/content/fordmedia/feu/gb/en/news/2019/07/30/ford-and-centrica-to-offer-new-electric-vehicle-services-to-ford.html,"Jul 30, 2019",0.7065988779067993
Values and Culture,https://www.centrica.com/who-we-are/values-and-culture/,"Sep 11, 2019",0.9998573064804077
Centrica sells Trinidad and Tobago gas assets to Shell,https://www.centrica.com/media-centre/news/2016/centrica-sells-trinidad-and-tobago-gas-assets-to-shell/,"Nov 30, 2016",3.382279828656465e-05
Our Code,https://www.centrica.com/who-we-are/our-code/,"Sep 11, 2019",0.999996542930603
Centrica acquires CHP business to enhance distributed energy offering,https://www.centrica.com/media-centre/news/2016/centrica-acquires-chp-business-to-enhance-distributed-energy-offering/,"May 16, 2016",0.9999992847442627
Centrica signs LNG Heads of Agreement with Delfin,https://www.centrica.com/media-centre/news/2022/centrica-signs-lng-heads-of-agreement-with-delfin/,"Aug 9, 2022",0.9999992847442627
Centrica modernisation update: Trade Union votes to accept new terms,https://www.centrica.com/media-centre/news/2020/centrica-modernisation-update-trade-union-votes-to-accept-new-terms/,"Dec 8, 2020",2.640354614413809e-05
Centrica acquires Europe’s leading demand response aggregator,https://www.centrica.com/media-centre/news/2017/centrica-acquires-europe-s-leading-demand-response-aggregator/,"Nov 3, 2017",0.9987055063247681
Centrica is balancing the grid with innovative technology,https://aws.amazon.com/blogs/industries/centrica-is-balancing-the-grid-with-innovative-technology/,"Dec 1, 2021",0.9996461868286133
Centrica Names Cognizant as Exclusive Partner for SAP Business Process Transformation,https://news.cognizant.com/2021-05-27-Centrica-Names-Cognizant-as-Exclusive-Partner-for-SAP-Business-Process-Transformation,"May 27, 2021",0.9999983310699463
"Centrica profits: We need public ownership, not obscene private profits",https://www.opendemocracy.net/en/oureconomy/centrica-british-gas-record-profits-shareholders-public-ownership/,"Feb 16, 2023",0.7445175051689148
"Centrica Energy, Bord Gáis Energy and Mitsubishi Power Announce Development of Europe's First Ammonia Fired Power Generation Facility",https://power.mhi.com/regions/emea/news/231129,"Nov 29, 2023",0.9805448055267334
Proposed sale of Direct Energy for $3.625 billion to NRG Energy,https://www.centrica.com/media-centre/news/2020/proposed-sale-of-direct-energy-for-3625-billion-to-nrg-energy/,"Jul 24, 2020",0.9999995231628418
Centrica sets sail with landmark US LNG cargo destined for Europe,https://www.centrica.com/media-centre/news/2019/centrica-sets-sail-with-landmark-us-lng-cargo-destined-for-europe/,"Sep 30, 2019",0.001972522120922804
Centrica’s Rough storage facility pumps gas into grid to meet increased demand.,https://www.centrica.com/media-centre/news/2023/centrica-s-rough-storage-facility-pumps-gas-into-grid-to-meet-increased-demand/,"Nov 28, 2023",0.003755350597202778
Centrica acquires minority stake in break-through hydrogen production technology,https://www.centrica.com/media-centre/news/2021/centrica-acquires-minority-stake-in-break-through-hydrogen-production-technology/,"Nov 29, 2021",0.020526593551039696
Centrica signs long-term LNG supply deal with Shenergy,https://www.centrica.com/media-centre/news/2020/centrica-signs-long-term-lng-supply-deal-with-shenergy/,"Sep 30, 2020",0.003325324971228838
Centrica defends record-high profits of £3.3bn,https://www.ft.com/content/44954510-6b79-46af-8333-168cf1e305b5,"Feb 16, 2023",3.8700050026818644e-06
Centrica acquires Bord Gáis Energy’s gas and power business,https://www.centrica.com/media-centre/news/2014/centrica-acquires-bord-gais-energy-s-gas-and-power-business/,"Mar 24, 2014",0.20323501527309418
Centrica as an Investment,https://www.centrica.com/investors/centrica-as-an-investment/,"Sep 11, 2019",0.9994615912437439
Emerging Talent,https://www.centrica.com/careers/emerging-talent/,"Sep 1, 2023",0.08323395997285843
Centrica and NEC announce energy service partnership,https://www.centrica.com/media-centre/news/2020/centrica-and-nec-announce-energy-service-partnership/,"Aug 20, 2020",0.999963641166687
Centrica Business Solutions launches offer in Netherlands and Hungary,https://www.centrica.com/media-centre/news/2018/centrica-business-solutions-launches-offer-in-netherlands-and-hungary/,"May 9, 2018",0.9999995231628418
Centrica aims to recruit a net zero Battalion,https://www.centrica.com/media-centre/news/2022/centrica-aims-to-recruit-a-net-zero-battalion/,"Jun 24, 2022",0.9764677882194519
Schroders Solutions chosen as OCIO for £10 billion Centrica pension schemes,https://www.schroders.com/en/global/individual/media-centre/schroders-solutions-chosen-as-ocio-for----10-billion-centrica-pension-schemes/,"Apr 4, 2022",0.3943347930908203
Energy for Tomorrow,https://www.centrica.com/sustainability/energy-for-tomorrow/,"Jun 16, 2021",0.013026022352278233
Centrica re-opens Rough storage facility,https://www.centrica.com/media-centre/news/2022/centrica-re-opens-rough-storage-facility/,"Oct 28, 2022",0.9140321612358093
"Centrica unveils plan for Europe’s first ammonia-fired power plant, but does not know if it would be financially viable",https://www.hydrogeninsight.com/power/centrica-unveils-plan-for-europe-s-first-ammonia-fired-power-plant-but-does-not-know-if-it-would-be-financially-viable/2-1-1563063,"Nov 30, 2023",3.766119698411785e-05
What equality means to Centrica in 2023,https://www.centrica.com/stories/2023/what-equality-means-to-centrica-in-2023/,"Jul 19, 2023",0.3800009489059448
"Sustainability Reports, Data & Documents",https://www.centrica.com/sustainability/performance-and-reporting/sustainability-reports-data-documents/,"Nov 21, 2023",0.061886951327323914
"Centrica calls for simpler, more transparent energy sector",https://www.centrica.com/media-centre/news/2023/centrica-calls-for-simpler-more-transparent-energy-sector/,"Jun 30, 2023",0.0025635124184191227
Centrica and Bayerngas Norge to create E&P joint venture,https://www.centrica.com/media-centre/news/2017/centrica-and-bayerngas-norge-to-create-ep-joint-venture/,"Jul 17, 2017",0.9999945163726807
Centrica strikes $8bn deal to import more gas from US,https://www.ft.com/content/153fd659-c354-43c9-a79b-4d7d8bd935ee,"Jul 11, 2023",3.8700050026818644e-06
Centrica and Volkswagen announce EV enablement partnership,https://www.centrica.com/media-centre/news/2020/centrica-and-volkswagen-announce-ev-enablement-partnership/,"Mar 4, 2020",0.6519078612327576
Centrica LNG cargo commissions the first private LNG terminal in Brazil,https://www.centrica.com/media-centre/news/2020/centrica-lng-cargo-commissions-the-first-private-lng-terminal-in-brazil/,"Feb 25, 2020",0.0003042068856302649
Centrica signs strategic partnership with ENSEK,https://www.centrica.com/media-centre/news/2021/centrica-signs-strategic-partnership-with-ensek/,"Aug 18, 2021",0.9981451034545898
Centrica Energy Trading signs three long-term PPAs with a leading European renewable energy investor,https://www.centrica.com/media-centre/news/2021/centrica-energy-trading-signs-three-long-term-ppas-with-a-leading-european-renewable-energy-investor/,"Aug 24, 2021",0.9954212307929993
Centrica's Climate Transition Plan,https://www.centrica.com/stories/2021/centricas-climate-transition-plan/,"Oct 25, 2021",0.9967834949493408
Together in electric dreams: Centrica and Citygate launch Electric Vehicle technology partnership,https://www.centrica.com/media-centre/news/2019/together-in-electric-dreams-centrica-and-citygate-launch-electric-vehicle-technology-partnership/,"Dec 2, 2019",0.9989375472068787
The humble hot water tank gets a 'smart' treatment to become a virtual power plant,https://www.centrica.com/media-centre/news/2019/the-humble-hot-water-tank-gets-a-smart-treatment-to-become-a-virtual-power-plant/,"Sep 30, 2019",0.9981065988540649
Centrica Business Solutions to build out solar and battery asset portfolio,https://www.centrica.com/media-centre/news/2021/centrica-business-solutions-to-build-out-solar-and-battery-asset-portfolio/,"Oct 21, 2021",0.2084859162569046
Modern Slavery Statement,https://www.centrica.com/sustainability/performance-and-reporting/modern-slavery-statement/,"Nov 21, 2023",0.1356121152639389
Centrica signs MOU for LNG collaboration with Tokyo Gas,https://www.centrica.com/media-centre/news/2016/centrica-signs-mou-for-lng-collaboration-with-tokyo-gas/,"Nov 21, 2016",0.999993085861206
Centrica puts sale of UK North Sea natural gas fields on hold to maintain domestic production,https://www.worldoil.com/news/2023/7/28/centrica-puts-sale-of-uk-north-sea-natural-gas-fields-on-hold-to-maintain-domestic-production/,"Jul 28, 2023",0.0003925904748030007
Centrica has installed 4 million smart meters in our customers’ homes,https://www.centrica.com/media-centre/news/2017/centrica-has-installed-4-million-smart-meters-in-our-customers-homes/,"Jun 21, 2017",0.9999990463256836
Raj Roy,https://www.centrica.com/who-we-are/leadership/raj-roy/,"Oct 1, 2020",5.156969109521015e-06
Graduate Programmes,https://www.centrica.com/careers/emerging-talent/graduate-programmes/,"Sep 1, 2023",0.0002883036795537919
Centrica and HiiROC to inject hydrogen at Brigg gas-fired power station in UK first project,https://www.centrica.com/media-centre/news/2022/centrica-and-hiiroc-to-inject-hydrogen-at-brigg-gas-fired-power-station-in-uk-first-project/,"Oct 24, 2022",0.6531366109848022
Centrica Business Solutions secures 89MW multi-battery optimisation deal,https://www.centrica.com/media-centre/news/2022/centrica-business-solutions-secures-89mw-multi-battery-optimisation-deal/,"Feb 10, 2022",0.9999819993972778
Equinor agrees winter gas supplies with UK’s Centrica,https://www.equinor.com/news/agrees-winter-gas-supplies-centrica,"Jun 16, 2022",0.015689924359321594
Contacts,https://www.centrica.com/who-we-are/contacts/,"Sep 11, 2019",6.440993456635624e-05
"Energy price cap will cut consumer choice, warns Centrica",https://www.ft.com/content/dad679c8-0951-11e7-97d1-5e720a26771b,"Mar 15, 2017",3.308161467430182e-05
Centrica signs Sale and Purchase Agreement from Mozambique LNG Project,https://www.centrica.com/media-centre/news/2019/centrica-signs-sale-and-purchase-agreement-from-mozambique-lng-project/,"Feb 5, 2019",0.981939971446991
Results Archive,https://www.centrica.com/investors/results-reports-and-presentations/results-archive/,"Nov 21, 2023",0.9002053141593933
Centrica plan green energy hub at former gas power plant,https://www.centrica.com/media-centre/news/2023/centrica-plan-green-energy-hub-at-former-gas-power-plant/,"Feb 15, 2023",0.0027965069748461246
British Gas owner suffers £1.1bn loss,https://www.theguardian.com/business/2020/feb/13/british-gas-owner-centrica-suffers-849m-loss,"Feb 13, 2020",9.200630302075297e-05
‘Phantom’ power projects are holding back the UK’s energy security – Centrica report,https://www.centrica.com/media-centre/news/2023/phantom-power-projects-are-holding-back-the-uk-s-energy-security-centrica-report/,"Oct 24, 2023",0.0002486327721271664
Centrica appoints Non-Executive Director,https://www.centrica.com/media-centre/news/2023/centrica-appoints-non-executive-director/,"Aug 11, 2023",0.9999809265136719
Centrica appoints Jeff Bell as Chief Financial Officer,https://www.centrica.com/media-centre/news/2015/centrica-appoints-jeff-bell-as-chief-financial-officer/,"Jul 29, 2015",0.9999865293502808
Centrica acquires water technology start-up FlowGem Limited,https://www.centrica.com/media-centre/news/2016/centrica-acquires-water-technology-start-up-flowgem-limited/,"Mar 20, 2020",0.9997132420539856
Results Archive,https://www.centrica.com/investors/results-reports-and-presentations/results-archive/,"Nov 21, 2023",0.9002053141593933
Pittsburgh going Green on Earth Day 50th Anniversary with Direct Energy,https://www.centrica.com/media-centre/news/2020/pittsburgh-going-green-on-earth-day-50th-anniversary-with-direct-energy/,"Apr 22, 2020",0.0069378758780658245
Centrica plan green energy hub at former gas power plant,https://www.centrica.com/media-centre/news/2023/centrica-plan-green-energy-hub-at-former-gas-power-plant/,"Feb 15, 2023",0.0027965069748461246
British Gas owner suffers £1.1bn loss,https://www.theguardian.com/business/2020/feb/13/british-gas-owner-centrica-suffers-849m-loss,"Feb 13, 2020",9.200630302075297e-05
‘Phantom’ power projects are holding back the UK’s energy security – Centrica report,https://www.centrica.com/media-centre/news/2023/phantom-power-projects-are-holding-back-the-uk-s-energy-security-centrica-report/,"Oct 24, 2023",0.0002486327721271664
Centrica appoints Non-Executive Director,https://www.centrica.com/media-centre/news/2023/centrica-appoints-non-executive-director/,"Aug 11, 2023",0.9999809265136719
Suppliers,https://www.centrica.com/who-we-are/governance/suppliers/,"Nov 21, 2023",0.9979628324508667
Centrica appoints Jeff Bell as Chief Financial Officer,https://www.centrica.com/media-centre/news/2015/centrica-appoints-jeff-bell-as-chief-financial-officer/,"Jul 29, 2015",0.9999865293502808
Shine On - Centrica opens its first UK solar farm,https://www.centrica.com/media-centre/news/2023/shine-on-centrica-opens-its-first-uk-solar-farm/,"Jun 9, 2023",0.3557218313217163
Centrica signs new LNG deal with Qatargas,https://www.centrica.com/media-centre/news/2016/centrica-signs-new-lng-deal-with-qatargas/,"Sep 5, 2016",0.9999998807907104
Diversity & Inclusion,https://www.centrica.com/stories/2021/diversity-inclusion/,"Apr 6, 2021",0.5869801044464111
Lotus and Centrica agree partnership to redesign electric vehicle ownership,https://www.centrica.com/media-centre/news/2020/lotus-and-centrica-agree-partnership-to-redesign-electric-vehicle-ownership/,"May 11, 2020",0.9948601722717285
Our People,https://www.centrica.com/sustainability/our-people-planet-plan/,"Nov 21, 2023",0.9999997615814209
Energy marketing and trading,https://www.centrica.com/careers/career-areas/energy-marketing-and-trading/,"Dec 23, 2022",0.00014353096776176244
"Privacy, Cookies and Legal Disclaimer",https://www.centrica.com/site-tools/privacy-cookies-and-legal-disclaimer/,"Sep 11, 2019",1.9128701751469634e-05
Centrica launches menopause guidelines,https://www.centrica.com/media-centre/news/2021/centrica-launches-menopause-guidelines/,"Oct 18, 2021",0.00019883854838553816
Chris O’Shea: Centrica chief executive with a decarbonising plan,https://www.theguardian.com/business/2022/sep/10/chris-oshea-centrica-chief-executive-with-a-decarbonising-plan,"Sep 10, 2022",2.7592961487243883e-05
Centrica steps up to support colleagues and customers affected by domestic abuse,https://www.centrica.com/media-centre/news/2021/centrica-steps-up-to-support-colleagues-and-customers-affected-by-domestic-abuse/,"Nov 1, 2021",0.0002096103416988626
Centrica Moves Closer to Restarting UK’s Largest Gas Storage Site for Winter,https://www.bloomberg.com/news/articles/2022-08-31/centrica-moves-closer-to-restoring-key-uk-gas-reserve-for-winter,"Aug 31, 2022",4.975542105967179e-05
Centrica boss refuses to say if he will waive bonus after ‘obscene’ £3.3bn profit,https://www.theguardian.com/business/2023/feb/16/british-gas-owner-centrica-reports-record-profits-of-33bn,"Feb 16, 2023",0.0002594073594082147
5 Year Summary,https://www.centrica.com/investors/centrica-as-an-investment/5-year-summary/,"Nov 21, 2023",3.459681829554029e-05
Heat the rich: British Gas/Centrica,https://newint.org/features/2023/01/24/heat-rich-british-gas-centrica,"Jan 24, 2023",0.0003797286481130868
Stories,https://www.centrica.com/stories/,"Sep 11, 2019",0.9002053141593933
"Energy price cap will cut consumer choice, warns Centrica",https://www.ft.com/content/dad679c8-0951-11e7-97d1-5e720a26771b,"Mar 15, 2017",3.308161467430182e-05
On track for a low carbon energy future - Centrica signs corporate power deal with Deutsche Bahn,https://www.centrica.com/media-centre/news/2023/on-track-for-a-low-carbon-energy-future-centrica-signs-corporate-power-deal-with-deutsche-bahn/,"Aug 29, 2023",0.9998273253440857
Tribute to former Centrica board member Dame Helen Alexander,https://www.centrica.com/media-centre/news/2017/tribute-to-former-centrica-board-member-dame-helen-alexander/,"Aug 8, 2017",0.0018616446759551764
Acquisitions and Disposals,https://www.centrica.com/investors/centrica-as-an-investment/acquisitions-and-disposals/,"Jun 15, 2020",0.05330640450119972
Centrica Boosts Buybacks After Record British Gas Profits,https://www.bloomberg.com/news/articles/2023-07-27/centrica-boosts-share-buybacks-after-record-british-gas-profit,"Jul 27, 2023",4.975542105967179e-05
Centrica and AVK to partner in the delivery of data centre energy solutions,https://www.centrica.com/media-centre/news/2020/centrica-and-avk-to-partner-in-the-delivery-of-data-centre-energy-solutions/,"May 26, 2020",0.9999991655349731
Centrica plc today announces a significant expansion of its Connected Home business into Italy,https://www.centrica.com/media-centre/news/2017/centrica-plc-today-announces-a-significant-expansion-of-its-connected-home-business-into-italy/,"Nov 14, 2017",0.9692047834396362
Dividends,https://www.centrica.com/investors/shareholder-centre/dividends/,"Sep 11, 2019",1.2158890967839397e-05
Share Fraudsters,https://www.centrica.com/investors/shareholder-centre/share-fraudsters/,"Sep 11, 2019",1.5074650036694948e-05
Centrica signs PPA with Moray Offshore Windfarm East,https://www.centrica.com/media-centre/news/2019/centrica-signs-ppa-with-moray-offshore-windfarm-east/,"Feb 6, 2019",0.0016550623113289475
2023 Strategy Update,https://www.centrica.com/investors/results-reports-and-presentations/2023-interim-results/2023-strategy-update/,"Nov 21, 2023",0.9999998807907104
Annual Report and Accounts 2021,https://www.centrica.com/media-centre/news/2022/annual-report-and-accounts-2021/,"Mar 4, 2022",3.4521832276368514e-05
Centrica Business Solutions and Tokyo Electric Power Company join forces to support decarbonisation of Japanese grid,https://www.centrica.com/media-centre/news/2019/centrica-business-solutions-and-tokyo-electric-power-company-join-forces-to-support-decarbonisation-of-japanese-grid/,"Mar 29, 2019",0.8210992217063904
Centrica to sell Ontario home services business,https://www.centrica.com/media-centre/news/2014/centrica-to-sell-ontario-home-services-business/,"Jul 24, 2014",6.534368822030956e-06
Socially Responsible Investing,https://www.centrica.com/investors/centrica-as-an-investment/socially-responsible-investing/,"Sep 11, 2019",0.9999983310699463
Risk Management,https://www.centrica.com/who-we-are/governance/risk-management/,"Sep 11, 2019",1.6746489563956857e-05
Chanderpreet (CP) Duggal,https://www.centrica.com/who-we-are/leadership/chanderpreet-cp-duggal/,"Jan 5, 2023",0.026000646874308586
Centrica and Downing sign long-term PPA for wind power in Finland,https://www.centrica.com/media-centre/news/2022/centrica-and-downing-sign-long-term-ppa-for-wind-power-in-finland/,"Oct 5, 2022",0.01824318990111351
Managing your Shares,https://www.centrica.com/investors/shareholder-centre/managing-your-shares/,"Sep 11, 2019",1.7496337250122451e-06
Centrica to sell Peterborough site,https://www.centrica.com/media-centre/news/2021/centrica-to-sell-peterborough-site/,"Jun 1, 2021",0.00025869894307106733
60 years of Centrica LNG,https://www.centrica.com/stories/2019/60-years-of-centrica-lng/,"Feb 20, 2019",0.5139092206954956
Centrica acquires battery storage project from Cragside Energy that could ‘unlock wind energy potential in North Sea’,https://www.centrica.com/media-centre/news/2022/centrica-acquires-battery-storage-project-from-cragside-energy-that-could-unlock-wind-energy-potential-in-north-sea/,"Mar 22, 2022",0.993614912033081
Centrica and CSL welcome CMA’s decision to terminate the Rough Undertakings,https://www.centrica.com/media-centre/news/2017/centrica-and-csl-welcome-cma-s-decision-to-terminate-the-rough-undertakings/,"May 9, 2020",3.388619006727822e-05
American Depisitory Receipt (ADR),https://www.centrica.com/investors/shareholder-centre/american-depisitory-receipt-adr/,"Nov 21, 2023",0.00017219629080500454
My second adventure - life after a career in the forces,https://www.centrica.com/stories/2023/my-second-adventure-life-after-a-career-in-the-forces/,"Aug 30, 2023",0.886137843132019
Using data to drive innovation at Centrica,https://www.centrica.com/media-centre/news/2018/using-data-to-drive-innovation-at-centrica/,"Dec 6, 2018",0.9961965084075928
"Our purpose: Helping you live sustainably, simply and affordably",https://www.centrica.com/stories/2021/our-purpose-helping-you-live-sustainably-simply-and-affordably/,"Apr 20, 2021",0.999925971031189
Centrica completes construction of British Army’s first solar farm,https://www.centrica.com/media-centre/news/2021/centrica-completes-construction-of-british-army-s-first-solar-farm/,"Sep 29, 2021",0.012887922115623951
Centrica and Equinor sign co-operation agreement for East Yorkshire hydrogen hub,https://www.centrica.com/media-centre/news/2022/centrica-and-equinor-sign-co-operation-agreement-for-east-yorkshire-hydrogen-hub/,"Nov 3, 2022",0.9858529567718506
Employee Groups,https://www.centrica.com/careers/diversity-and-inclusion/employee-groups/,"Dec 23, 2022",0.9999357461929321
Centrica introduces virtual fuel card for electric fleet charging,https://www.centrica.com/media-centre/news/2021/centrica-introduces-virtual-fuel-card-for-electric-fleet-charging/,"Mar 11, 2021",0.0016203365521505475
Vodafone and Centrica agree second major solar Power Purchase Agreement with Mytilineos,https://www.centrica.com/media-centre/news/2023/vodafone-and-centrica-agree-second-major-solar-power-purchase-agreement-with-mytilineos/,"Feb 21, 2023",0.999942421913147
Our Communities,https://www.centrica.com/sustainability/our-people-planet-plan/our-communities/,"Nov 21, 2023",0.9778362512588501
Smart Architectural Aluminium and Centrica agree major solar power purchase agreement,https://www.centrica.com/media-centre/news/2023/smart-architectural-aluminium-and-centrica-agree-major-solar-power-purchase-agreement/,"Nov 22, 2023",0.032143864780664444
Centrica to acquire Neas Energy,https://www.centrica.com/media-centre/news/2016/centrica-to-acquire-neas-energy/,"Apr 21, 2016",0.9970472455024719
Centrica Innovations: a year of Active Ageing,https://www.centrica.com/stories/2018/centrica-innovations-a-year-of-active-ageing/,"Dec 27, 2018",0.03041219525039196
UK Infrastructure Bank and Centrica announce significant investment into sustainable electricity funds,https://www.centrica.com/media-centre/news/2023/uk-infrastructure-bank-and-centrica-announce-significant-investment-into-sustainable-electricity-funds/,"Mar 30, 2023",0.006325600203126669
Centrica supports National Grid project to explore green hydrogen injection,https://www.centrica.com/media-centre/news/2022/centrica-supports-national-grid-project-to-explore-green-hydrogen-injection/,"Mar 7, 2022",0.0005149010685272515
Is It Too Late To Consider Buying Centrica plc (LON:CNA)?,https://simplywall.st/stocks/gb/utilities/lse-cna/centrica-shares/news/is-it-too-late-to-consider-buying-centrica-plc-loncna,"Dec 16, 2023",0.09954021126031876
Amber Rudd,https://www.centrica.com/who-we-are/leadership/amber-rudd/,"Jan 11, 2022",0.00021366248256526887
Why join us?,https://www.centrica.com/careers/why-join-us/,"Dec 23, 2022",0.4334111213684082
How the world of work and energy are changing post-COVID,https://www.centrica.com/stories/2021/how-the-world-of-work-and-energy-are-changing-post-covid/,"Apr 6, 2021",3.244065851504274e-07
Gender & Ethnicity Pay Statement,https://www.centrica.com/sustainability/performance-and-reporting/gender-ethnicity-pay-statement/,"Nov 21, 2023",0.87717205286026
Policies and Standards,https://www.centrica.com/who-we-are/governance/policies-and-standards/,"Sep 11, 2019",0.9982526898384094
Governance,https://www.centrica.com/who-we-are/governance/,"Sep 11, 2019",0.0024419259279966354
Lhyfe and Centrica to develop offshore renewable green hydrogen in the UK,https://www.centrica.com/media-centre/news/2023/lhyfe-and-centrica-to-develop-offshore-renewable-green-hydrogen-in-the-uk/,"Mar 20, 2023",0.9988968372344971
Centrica signs five year LNG deal with JERA,https://www.centrica.com/media-centre/news/2016/centrica-signs-five-year-lng-deal-with-jera/,"Mar 19, 2020",4.8739970225142315e-05
Commitment to Net Zero,https://www.centrica.com/stories/2021/commitment-to-net-zero/,"Apr 6, 2021",0.9458422660827637
Vampire devices cost households £147 per year,https://www.centrica.com/media-centre/news/2022/vampire-devices-cost-households-147-per-year/,"Apr 27, 2022",0.00010165087587665766
Tokyo Gas and Centrica sign Heads of Agreement,https://www.centrica.com/media-centre/news/2018/tokyo-gas-and-centrica-sign-heads-of-agreement/,"Jun 15, 2018",0.15724344551563263
Centrica bolsters UK’s energy security by doubling Rough storage capacity,https://www.centrica.com/media-centre/news/2023/centrica-bolsters-uk-s-energy-security-by-doubling-rough-storage-capacity/,"Jun 30, 2023",0.006672253366559744
"Jill Shedden, MBE",https://www.centrica.com/who-we-are/leadership/jill-shedden-mbe/,"Sep 14, 2019",0.0014643276808783412
Preliminary results for the year ended 31 December 2020,https://www.centrica.com/media-centre/news/2021/preliminary-results-for-the-year-ended-31-december-2020/,"Feb 25, 2021",0.9999945163726807
The power of a flexible energy system,https://www.centrica.com/stories/2021/the-power-of-a-flexible-energy-system/,"Mar 9, 2021",0.9993124008178711
"Location, location, location",https://www.centrica.com/stories/2014/location-location-location/,"Sep 23, 2019",3.1397896691487404e-06
Centrica secures UK winter gas supplies,https://www.centrica.com/media-centre/news/2022/centrica-secures-uk-winter-gas-supplies/,"Jun 16, 2022",0.9988589286804199
2023 Interim Results,https://www.centrica.com/investors/results-reports-and-presentations/2023-interim-results/,"Jul 27, 2023",0.9999998807907104
Centrica restates commitment to armed forces,https://www.centrica.com/media-centre/news/2022/centrica-restates-commitment-to-armed-forces/,"Nov 11, 2022",0.9863026738166809
"Centrica’s Energy for Tomorrow Fund sees four Scottish projects receive almost £400,000 to help tackle climate change",https://www.centrica.com/media-centre/news/2021/centrica-s-energy-for-tomorrow-fund-sees-four-scottish-projects-receive-almost-400-000-to-help-tackle-climate-change/,"Nov 11, 2021",0.038107626140117645
Applying to our Emerging Talent Programmes,https://www.centrica.com/careers/emerging-talent/applying-to-our-emerging-talent-programmes/,"Sep 1, 2023",4.362480581221462e-07
Materiality Assessment,https://www.centrica.com/sustainability/our-approach/materiality-assessment/,"Nov 21, 2023",0.0005994150997139513
Centrica and Glen Dimplex to run UK’s largest trial of domestic smart storage heaters,https://www.centrica.com/media-centre/news/2022/centrica-and-glen-dimplex-to-run-uk-s-largest-trial-of-domestic-smart-storage-heaters/,"Jul 20, 2022",0.0054307980462908745
Bord Gáis Energy sold to Centrica-led consortium for €1.1bn,https://www.ft.com/content/484b235e-b3f7-11e3-b891-00144feabdc0,"Mar 25, 2014",3.8700050026818644e-06
Centrica remembers colleagues lost in helicopter tragedy,https://www.centrica.com/media-centre/news/2016/centrica-remembers-colleagues-lost-in-helicopter-tragedy/,"Dec 27, 2016",2.770509490801487e-05
Let’s make Hydrogen Happen,https://www.centrica.com/sustainability/our-journey-to-net-zero/lets-make-hydrogen-happen/,"Nov 21, 2023",0.999994158744812
"Trading Update, Centrica plc",https://www.centrica.com/media-centre/news/2016/trading-update-centrica-plc/,"Dec 15, 2016",0.9999998807907104
Centrica Plc announces Consumer Division management changes,https://www.centrica.com/media-centre/news/2017/centrica-plc-announces-consumer-division-management-changes/,"Dec 12, 2017",0.6671766638755798
"Carers Network: Taking Action, Making Impact",https://www.centrica.com/stories/2023/carers-network-taking-action-making-impact/,"Nov 6, 2023",0.6876171827316284
Spirit Energy welcomes licence award for world-leading carbon storage facility,https://www.centrica.com/media-centre/news/2023/spirit-energy-welcomes-licence-award-for-world-leading-carbon-storage-facility/,"May 18, 2023",0.999972939491272
"Urgent Reform of Skills System needed for UK to hit Net Zero warn Academics, Union and Business Leaders",https://www.centrica.com/media-centre/news/2023/urgent-reform-of-skills-system-needed-for-uk-to-hit-net-zero-warn-academics-union-and-business-leaders/,"Jul 18, 2023",0.004812555853277445
Hydrogen First: UK businesses to accelerate hydrogen technology to transform their energy systems,https://www.centrica.com/media-centre/news/2023/hydrogen-first-uk-businesses-to-accelerate-hydrogen-technology-to-transform-their-energy-systems/,"Oct 12, 2023",0.0006309273303486407
Centrica reopens UK’s biggest gas storage site,https://www.ft.com/content/a5aad1b7-697a-4949-b809-abed62c21f94,"Oct 28, 2022",3.8700050026818644e-06
Advocacy Updates,https://www.centrica.com/sustainability/performance-and-reporting/advocacy-updates/,"Nov 22, 2023",0.9205440878868103
More than a month,https://www.centrica.com/stories/2023/more-than-a-month/,"Aug 3, 2023",0.006825193762779236
Centrica Energy Trading signs two long term PPAs with leading European wind & solar investor,https://www.centrica.com/media-centre/news/2020/centrica-energy-trading-signs-two-long-term-ppas-with-leading-european-wind-solar-investor/,"Dec 10, 2020",0.9996877908706665
Centrica doubles Rough gas storage capacity and bolsters UK energy security,https://www.thechemicalengineer.com/news/centrica-doubles-rough-gas-storage-capacity-and-bolsters-uk-energy-security/,"Jul 18, 2023",0.9949317574501038
Quitting Coal – Centrica set to replace one of final NHS coal fired boilers,https://www.centrica.com/media-centre/news/2021/quitting-coal-centrica-set-to-replace-one-of-final-nhs-coal-fired-boilers/,"Mar 17, 2021",0.13658572733402252
Centrica set to ‘shine a light’ on green energy start-ups at COP26,https://www.centrica.com/media-centre/news/2021/centrica-set-to-shine-a-light-on-green-energy-start-ups-at-cop26/,"Nov 2, 2021",0.6250905990600586
Vampire devices drain £1.6bn from UK households,https://www.centrica.com/media-centre/news/2021/vampire-devices-drain-16bn-from-uk-households/,"Mar 18, 2021",3.5704444599105045e-05
Centrica Feels Heat After 'Outrageous' British Gas Meter Saga,https://www.morningstar.co.uk/uk/news/231508/centrica-feels-heat-after-outrageous-british-gas-meter-saga.aspx,"Feb 3, 2023",0.0011536714155226946
Centrica signs UK Biomethane Agreement with Yorkshire Water and SGN Commercial Services,https://www.centrica.com/media-centre/news/2023/centrica-signs-uk-biomethane-agreement-with-yorkshire-water-and-sgn-commercial-services/,"Jul 24, 2023",0.003885888261720538
Centrica Back in FTSE Reshuffle,https://www.morningstar.co.uk/uk/news/222882/centrica-back-in-ftse-reshuffle.aspx,"Jun 1, 2022",0.0002760553907137364
Boss of British Gas owner sparks outrage with £4.5m pay packet,https://www.theguardian.com/business/2023/mar/22/boss-of-british-gas-owner-chris-osheas-outrage-45m-payout,"Mar 22, 2023",0.0005235025309957564
"Centrica plc appoints Mark Hodges as Managing Director, British Gas",https://www.centrica.com/media-centre/news/2015/centrica-plc-appoints-mark-hodges-as-managing-director-british-gas/,"Apr 14, 2015",0.999998927116394
Centrica: Rough gas storage could run for 40 more years through fresh investment,https://www.energyvoice.com/oilandgas/north-sea/484981/centrica-rough-gas-storage-could-run-for-40-more-years-through-fresh-investment/,"Feb 22, 2023",0.0007439071778208017
British Gas to support small businesses with £15 million fund,https://www.centrica.com/media-centre/news/2023/british-gas-to-support-small-businesses-with-15-million-fund/,"Mar 13, 2023",7.009137334534898e-05
Electric vehicles are helping to drive a revolution in energy use,https://www.centrica.com/stories/2021/electric-vehicles-are-helping-to-drive-a-revolution-in-energy-use/,"Oct 22, 2021",0.9982107877731323
British Gas adds EV charging to Hive smart home platform,https://www.centrica.com/media-centre/news/2021/british-gas-adds-ev-charging-to-hive-smart-home-platform/,"Jul 15, 2021",0.060607049614191055
Supporting our People: Reflecting on the CCLA Award,https://www.centrica.com/stories/2023/supporting-our-people-reflecting-on-the-ccla-award/,"Jun 28, 2023",0.002027724403887987
Virtual power plants are transforming energy. Here's how,https://www.centrica.com/stories/2020/virtual-power-plants-are-transforming-energy-heres-how/,"Jan 3, 2020",0.949308454990387
British Gas owner Centrica sees record profits of £3.3bn as energy bills rise,https://www.independent.co.uk/news/business/british-gas-centrica-profits-b2283372.html,"Feb 16, 2023",5.669729216606356e-05
British Gas joins Team GB and ParalympicsGB,https://www.centrica.com/media-centre/news/2023/british-gas-joins-team-gb-and-paralympicsgb/,"Oct 10, 2023",0.6333479881286621
Centrica's Smart Home Brand Hive Launches ‘Let’s Get Living’,https://www.centrica.com/media-centre/news/2017/centricas-smart-home-brand-hive-launches-let-s-get-living/,"Jun 9, 2017",0.18273627758026123
Barclays and British Gas announce strategic partnership to support customers explore making their homes more energy efficient,https://www.centrica.com/media-centre/news/2023/barclays-and-british-gas-announce-strategic-partnership-to-support-customers-explore-making-their-homes-more-energy-efficient/,"Apr 24, 2023",0.9790129661560059
Year in Industry,https://www.centrica.com/careers/emerging-talent/year-in-industry/,"Sep 1, 2023",1.0
Centrica chief vows to ‘strip out the rubbish’ to revive group’s fortunes,https://www.ft.com/content/b7919190-7f08-4717-ad86-11fba03bd519,"Feb 20, 2021",3.8700050026818644e-06
Centrica appoints Amber Rudd as non-executive director,https://www.ft.com/content/08a6abc2-a82c-410b-8a7e-333f77c62471,"Jan 7, 2022",3.8700050026818644e-06
CMA final report - Centrica looks to a new era of innovation and strengthening competition,https://www.centrica.com/media-centre/news/2016/cma-final-report-centrica-looks-to-a-new-era-of-innovation-and-strengthening-competition/,"Jun 24, 2016",0.0025626460555940866
Completion of sale of Spirit Energy Norway assets,https://www.centrica.com/media-centre/news/2022/completion-of-sale-of-spirit-energy-norway-assets/,"May 30, 2022",8.71940137585625e-05
Lauren Dickerson - Innovation to Inspiration,https://www.centrica.com/stories/2020/lauren-dickerson-innovation-to-inspiration/,"Mar 5, 2020",0.9993267059326172
Centrica sells last big UK power stations,https://www.ft.com/content/50f6d5a0-566c-11e7-9fed-c19e2700005f,"Jun 21, 2017",3.8700050026818644e-06
British Gas owner Centrica warns windfall tax will hit investor confidence,https://www.ft.com/content/9905caba-6ca4-4f3c-85e4-b6f90139b774,"Jun 7, 2022",3.308161467430182e-05
"Centrica, owner of British Gas, plans to axe 700 jobs in the summer",https://www.theguardian.com/business/2019/jun/19/centrica-owner-of-british-gas-plans-to-axe-700-jobs-in-the-summer,"Jun 19, 2019",0.00039911657222546637
Centrica Annual General Meeting,https://www.centrica.com/media-centre/news/2022/centrica-annual-general-meeting/,"Jun 7, 2022",3.454712782513525e-07
Tis the season to be jolly... With half price electricity,https://www.centrica.com/media-centre/news/2023/tis-the-season-to-be-jolly-with-half-price-electricity/,"Oct 3, 2023",0.9992086291313171
"Breakdown of gas storage talks leaves UK exposed to price surges, say experts",https://www.ft.com/content/0ebf0cf1-af77-4670-90d6-ec060fd94f66,"Feb 5, 2023",3.308161467430182e-05
Stock of the Week: Centrica,https://www.morningstar.co.uk/uk/news/217821/stock-of-the-week-centrica.aspx,"Dec 29, 2021",1.686043106019497e-05
“We should aim to flip the notion of disability on its head” – Centrica launches disability mentoring scheme,https://www.centrica.com/media-centre/news/2022/we-should-aim-to-flip-the-notion-of-disability-on-its-head-centrica-launches-disability-mentoring-scheme/,"Dec 2, 2022",0.9995974898338318
Western Power Distribution and Centrica join forces on flexibility services in Cornwall,https://www.centrica.com/media-centre/news/2019/western-power-distribution-and-centrica-join-forces-on-flexibility-services-in-cornwall/,"Jul 1, 2019",0.8940365314483643
Chris O'Shea - we must create a skills system that will produce the workers the UK needs to build our low carbon future,https://www.centrica.com/stories/2023/chris-oshea-we-must-create-a-skills-system-that-will-produce-the-workers-the-uk-needs-to-build-our-low-carbon-future/,"Jul 18, 2023",0.32821938395500183
British Gas Business announcement,https://www.centrica.com/media-centre/news/2016/british-gas-business-announcement/,"Dec 6, 2016",0.000709350046236068
Centrica records worst year on record at British Gas,https://www.ft.com/content/ba8bd851-b268-43ef-9f2a-585931681207,"Feb 25, 2021",3.8700050026818644e-06
Faces of the Future: Changing perceptions,https://www.centrica.com/stories/2021/faces-of-the-future-changing-perceptions/,"Aug 5, 2021",0.2918468117713928
Net Zero Heroes,https://www.centrica.com/sustainability/our-journey-to-net-zero/net-zero-heroes/,"Nov 21, 2023",0.9893938302993774
Putting customers at the heart of our field operations,https://www.centrica.com/stories/2020/putting-customers-at-the-heart-of-our-field-operations/,"Mar 11, 2020",0.8758889436721802
Centrica shares go cold as energy price cap blamed for profit slump,https://news.sky.com/story/centrica-shares-go-cold-as-energy-price-cap-blamed-for-profit-slump-11932874,"Feb 13, 2020",0.009045396000146866
Scottish Gas teams up with Scottish rugby for a greener Scotland,https://www.centrica.com/media-centre/news/2023/scottish-gas-teams-up-with-scottish-rugby-for-a-greener-scotland/,"Jul 12, 2023",0.0556190200150013
Trading Update,https://www.centrica.com/media-centre/news/2022/trading-update/,"May 10, 2022",0.9999995231628418
The smart hot water tank that’s helping the green energy transition reaches 1MW milestone,https://www.centrica.com/media-centre/news/2021/the-smart-hot-water-tank-that-s-helping-the-green-energy-transition-reaches-1mw-milestone/,"Oct 19, 2021",0.9275029301643372
Centrica welcomes UK industrial strategy,https://www.centrica.com/media-centre/news/2017/centrica-welcomes-uk-industrial-strategy/,"Jan 24, 2017",0.9999872446060181
On the right track with support for mental wellbeing,https://www.centrica.com/stories/2022/on-the-right-track-with-support-for-mental-wellbeing/,"Jun 13, 2022",0.9929952025413513
Putting customers at the heart of our digital transformation,https://www.centrica.com/stories/2020/putting-customers-at-the-heart-of-our-digital-transformation/,"Mar 11, 2020",0.9996176958084106
"Prime Minister and Chancellor welcome Centrica commitment to training 3,500 apprentices in green skills jobs boost",https://www.centrica.com/media-centre/news/2021/prime-minister-and-chancellor-welcome-centrica-commitment-to-training-3-500-apprentices-in-green-skills-jobs-boost/,"Sep 13, 2021",0.9996585845947266
Centrica given the go-ahead for North Sea gas storage project,https://www.thechemicalengineer.com/news/centrica-given-the-go-ahead-for-north-sea-gas-storage-project/,"Sep 6, 2022",4.548572906060144e-05
Centrica to close UK’s largest gas storage site,https://www.ft.com/content/68fa2c3e-55ad-11e7-80b6-9bfa4c1f83d2,"Jun 20, 2017",3.8700050026818644e-06
"If I’d bought £1k of Centrica shares at the start of 2023, here’s what I’d have now",https://www.fool.co.uk/2023/09/08/if-id-bought-1k-of-centrica-shares-at-the-start-of-2023-heres-what-id-have-now/,"Sep 8, 2023",9.974916792998556e-06
Net zero and the challenges for the UK energy sector,https://www.centrica.com/stories/2020/net-zero-and-the-challenges-for-the-uk-energy-sector/,"Jan 27, 2020",0.8623916506767273
British Gas owner appoints Amber Rudd as a director,https://www.theguardian.com/business/2022/jan/07/british-gas-owner-appoints-amber-rudd-as-a-director,"Jan 7, 2022",2.2246611479204148e-05
"British Gas Lite: a new online, cost effective product",https://www.centrica.com/media-centre/news/2018/british-gas-lite-a-new-online-cost-effective-product/,"Feb 12, 2018",0.9947289824485779
Vodafone agrees 10 year solar PPA with Mytilineos and Centrica,https://www.centrica.com/media-centre/news/2022/vodafone-agrees-10-year-solar-ppa-with-mytilineos-and-centrica-securing-clean-and-affordable-energy-and-supporting-its-net-zero-ambitions/,"May 11, 2022",0.05196339264512062
British Gas opens up support fund to help customers this winter,https://www.centrica.com/media-centre/news/2023/british-gas-opens-up-support-fund-to-help-customers-this-winter/,"Sep 29, 2023",0.0010424384381622076
"New Year’s Honour for Jill Shedden, Centrica’s Group Human Resources Director",https://www.centrica.com/media-centre/news/2016/new-year-s-honour-for-jill-shedden-centrica-s-group-human-resources-director/,"Dec 31, 2016",0.25205183029174805
Capgemini migrates Centrica’s ERP platform to the AWS Cloud,https://www.capgemini.com/gb-en/news/client-stories/capgemini-migrates-centricas-erp-platform-to-the-aws-cloud/,"Jul 26, 2022",0.9994314312934875
"TVS SCS secures deal worth Rs 2,000 crore from UK-based Centrica PLC",https://m.economictimes.com/news/company/corporate-trends/tvs-scs-secures-deal-worth-rs-2000-crore-from-uk-based-centrica-plc/articleshow/102078576.cms,"Jul 24, 2023",0.00011543549771886319
Energy giants Shell and Centrica enjoy soaring profits as prices rise,https://news.sky.com/story/energy-giants-shell-and-centrica-enjoy-soaring-profits-as-prices-rise-12660367,"Jul 28, 2022",0.9984996318817139
Centrica brings Hive innovation to Ireland,https://www.centrica.com/media-centre/news/2015/centrica-brings-hive-innovation-to-ireland/,"Oct 7, 2015",0.9752513766288757
Bord Gáis Energy joins ESB and dCarbonX in large-scale energy storage project offshore in Cork,https://www.centrica.com/media-centre/news/2023/bord-gais-energy-joins-esb-and-dcarbonx-in-large-scale-energy-storage-project-offshore-in-cork/,"Oct 29, 2023",0.987078070640564
British Gas owner Centrica faces pay revolt from top City firm,https://news.sky.com/story/british-gas-owner-centrica-faces-pay-revolt-from-top-city-firm-12894454,"Jun 1, 2023",0.0008759120828472078
Boss of British Gas owner avoids revolt over £4.5m pay packet,https://www.theguardian.com/business/2023/jun/13/boss-of-british-gas-owner-under-scrutiny-over-pay-packet-centrica,"Jun 13, 2023",7.267872570082545e-05
Centrica extends operating life of two nuclear power stations,https://www.energylivenews.com/2023/03/14/centrica-extends-operating-life-of-two-nuclear-power-stations/,"Mar 14, 2023",0.0017269658856093884
Centrica boss warns energy bills will stay high for foreseeable future,https://www.bbc.co.uk/news/business-66051560,"Jun 30, 2023",0.0018723346292972565
British Gas to continue partnership with Trussell Trust,https://www.centrica.com/media-centre/news/2020/british-gas-to-continue-partnership-with-trussell-trust/,"Sep 8, 2020",0.27040910720825195
Chris O'Shea - Changes are needed to make the energy sector simpler and more transparent,https://www.centrica.com/stories/2023/chris-oshea-changes-are-needed-to-make-the-energy-sector-simpler-and-more-transparent/,"Jun 30, 2023",0.4229435324668884
British Gas hiring over 700 people in its UK call centres,https://www.centrica.com/media-centre/news/2023/british-gas-hiring-over-700-people-in-its-uk-call-centres/,"Nov 17, 2023",0.9568843245506287
Centrica to start work on new gas plant at Brigg power station,https://www.centrica.com/media-centre/news/2017/centrica-to-start-work-on-new-gas-plant-at-brigg-power-station/,"Apr 10, 2017",1.5391156921396032e-05
"Too early to discuss bonus, says British Gas boss",https://www.bbc.co.uk/news/business-64652142,"Feb 16, 2023",0.3593953847885132
Delivering accelerated innovation with Centrica,https://www.cardiff.ac.uk/news/view/2617209-delivering-accelerated-innovation-with-centrica,"Apr 8, 2022",0.1410634070634842
"British Gas owner Centrica to cut 5,000 jobs",https://www.bbc.co.uk/news/business-53006073,"Jun 11, 2020",4.9622831284068525e-05
Who is British Gas owner Centrica?...,https://www.thesun.co.uk/money/19352373/who-owns-british-gas/,"Feb 16, 2023",4.378739504318219e-06
Battery storage – the ying to renewables' yang,https://www.centrica.com/stories/2022/battery-storage-the-ying-to-renewables-yang/,"Mar 30, 2022",7.786208880133927e-05
British Gas owners Centrica report record profits as energy costs soar,https://news.sky.com/story/profits-triple-at-british-gas-parent-company-12812171,"Feb 16, 2023",0.992639422416687
"Home energy bills likely to remain high, says British Gas owner",https://www.theguardian.com/business/2023/jun/30/home-energy-bills-likely-to-remain-high-warns-british-gas-owner-centrica,"Jun 30, 2023",0.0032068637665361166
Trending tickers: De La Rue | SSE | Ocado | Centrica,https://uk.finance.yahoo.com/ftse-100-trending-tickers-de-la-rue-sse-ocado-centrica-104852956.html?src=rss,"Apr 12, 2023",0.010627007111907005
"TVS SCS wins deal to automate, manage Centrica’s (British Gas) supply chain",https://auto.economictimes.indiatimes.com/news/industry/tvs-scs-wins-deal-to-automate-manage-centricas-british-gas-supply-chain/102081624,"Jul 24, 2023",0.9859102964401245
British Gas profits soar by staggering 889% to record £969m as households struggle with huge bills,https://www.independent.co.uk/news/uk/home-news/british-gas-profits-centrica-energy-bills-b2382758.html,"Jul 27, 2023",0.006399450823664665
Sleek and Innovative: British Gas launches new Hive EV Charger,https://www.centrica.com/media-centre/news/2023/sleek-and-innovative-british-gas-launches-new-hive-ev-charger/,"May 30, 2023",0.0015488270437344909
New CHP plant to make Moy Parks Craigavon facility twice as energy efficient,https://www.centrica.com/media-centre/news/2023/new-chp-plant-to-make-moy-parks-craigavon-facility-twice-as-energy-efficient/,"Apr 13, 2023",0.9940162897109985
"Let’s grasp the opportunity a secure, Net Zero energy future affords",https://www.centrica.com/stories/2023/let-s-grasp-the-opportunity-a-secure-net-zero-energy-future-affords/,"Mar 31, 2023",0.8580002188682556
Reflecting on the Carer's Leave Act,https://www.centrica.com/stories/2023/reflecting-on-the-carers-leave-act/,"Jul 11, 2023",0.004401896148920059
British Gas offers free EV charging for a year with purchase of Hive EV charger,https://www.centrica.com/media-centre/news/2023/british-gas-offers-free-ev-charging-for-a-year-with-purchase-of-hive-ev-charger/,"Nov 14, 2023",0.0032603691797703505
Subscribe to RNS,https://www.centrica.com/investors/regulatory-news/subscribe-to-rns/,"Nov 21, 2023",0.9002053141593933
Centrica starts work on new gas turbine at King’s Lynn power station,https://www.centrica.com/media-centre/news/2017/centrica-starts-work-on-new-gas-turbine-at-king-s-lynn-power-station/,"Feb 24, 2017",0.16914990544319153
Accelerating the EV revolution: BG fleet takes on John O'Groats to Land's End,https://www.centrica.com/stories/2021/accelerating-the-ev-revolution-bg-fleet-takes-on-john-ogroats-to-lands-end/,"Sep 14, 2021",0.02727697789669037
5G private network from Vodafone fuels Centrica natural gas plant,https://www.vodafone.co.uk/newscentre/news/5g-mobile-private-network-fuels-centrica-natural-gas-plant/,"Aug 5, 2020",0.9947198629379272
British Gas partners with NatWest to launch ‘Home Energy Hub’,https://www.centrica.com/media-centre/news/2023/british-gas-partners-with-natwest-to-launch-home-energy-hub/,"Nov 15, 2023",0.9985247254371643
British Gas commits £10 million for targeted prepayment customer support,https://www.centrica.com/media-centre/news/2023/british-gas-commits-10-million-for-targeted-prepayment-customer-support/,"Jan 18, 2023",0.8715173602104187
British Gas brings warrant prepayment meter installations in-house and supports urgent introduction of Social Tariffs,https://www.centrica.com/media-centre/news/2023/british-gas-brings-warrant-prepayment-meter-installations-in-house-and-supports-urgent-introduction-of-social-tariffs/,"May 4, 2023",7.012319110799581e-05
British Gas profits soar by 889% (but not for the reason you might think),https://news.sky.com/story/british-gas-profits-soar-by-889-but-not-for-the-reason-you-might-think-12928285,"Jul 27, 2023",0.9378024339675903
Morecambe Bay to run to the end of the decade as Centrica makes £2.3bn,https://www.energyvoice.com/oilandgas/north-sea/521215/morecambe-bay-to-run-to-the-end-of-the-decade-as-centrica-makes-2-3bn/,"Jul 27, 2023",0.06727861613035202
Strategic agreement fuels Pod Point’s expansion into flexibility,https://pod-point.com/electric-car-news/strategic-agreement-flexibility,"Nov 17, 2023",0.9999593496322632
Fracking 'worth exploring' says British Gas owner Centrica,https://www.bbc.co.uk/news/business-60935453,"Apr 2, 2022",0.004223090596497059
"If I’d invested £1,000 in Centrica shares at the start of the pandemic, here’s how much I’d have now",https://www.fool.co.uk/2023/12/13/if-id-invested-1000-in-centrica-shares-at-the-start-of-the-pandemic-heres-how-much-id-have-now/,"Dec 13, 2023",1.5614341464242898e-05
How Centrica boss Chris O'Shea earned £4.5million in a year,https://www.dailymail.co.uk/news/article-12344747/How-Centrica-boss-Chris-OShea-earned-4-5million-year.html,"Jul 27, 2023",1.523176933915238e-06
British Gas profits jump by 31%,https://www.bbc.com/news/business-35601674,"Feb 18, 2016",0.5865329504013062
"British Gas owner Centrica to cut 4,000 jobs after 'weak' year",https://www.bbc.co.uk/news/business-43152166,"Feb 22, 2018",1.4343426073537557e-06
"Up 118% in a year, is the Centrica share price an opportunity?",https://www.fool.co.uk/2023/10/16/up-118-in-a-year-is-the-centrica-share-price-an-opportunity/,"Oct 16, 2023",0.0009386846795678139
British Gas releases second UK net zero homes index,https://www.centrica.com/media-centre/news/2023/british-gas-releases-second-uk-net-zero-homes-index/,"Sep 21, 2023",2.862596738850698e-05
Centrica’s share price suffers as analysts tell investors to take profits,https://www.cityam.com/centricas-share-price-suffers-as-analysts-tell-investors-to-take-profits/,"Oct 1, 2023",0.7705195546150208
Centrica in ‘fire and rehire’ court battle,https://utilityweek.co.uk/centrica-in-fire-and-rehire-court-battle/,"Nov 27, 2023",5.940300070506055e-06
Heat the Rich? Part six: British Gas/Centrica,https://corporatewatch.org/heat-the-rich-part-six-british-gas-centrica/,"Dec 21, 2022",3.017522374193504e-07
British Gas owner Centrica warns about poor trading,https://www.bbc.co.uk/news/business-42092169,"Nov 23, 2017",1.1860287685294679e-07
British Gas to supply customers of Together Energy,https://www.centrica.com/media-centre/news/2022/british-gas-to-supply-customers-of-together-energy/,"Jan 24, 2022",0.0009309567394666374
"Up 224%, has the Centrica share price hit boiling point?",https://www.fool.co.uk/2023/09/18/up-224-has-the-centrica-share-price-hit-boiling-point/,"Sep 18, 2023",0.014561458490788937
British Gas owner Centrica hit by energy price cap,https://www.bbc.co.uk/news/business-51487191,"Feb 13, 2020",7.446876225003507e-06
Centrica boss 'was posted excrement' in pay row,https://www.bbc.co.uk/news/business-55903809,"Feb 2, 2021",0.00026742686168290675
Are Centrica shares one of the best buys in the FTSE 100 right now?,https://www.fool.co.uk/2023/05/23/are-centrica-shares-one-of-the-best-buys-in-the-ftse-100-right-now/,"May 23, 2023",4.980833546142094e-05
Centrica boss Chris O'Shea sees pay for 2022 reach £4.5m despite prepayment meter investigation,https://news.sky.com/story/centrica-boss-chris-oshea-sees-pay-for-2022-reach-4-5m-despite-prepayment-meter-investigation-12840228,"Mar 22, 2023",0.00030689433333463967
British Gas Peak Save Scheme has paid over £1.8m to customers,https://www.centrica.com/media-centre/news/2023/british-gas-peak-save-scheme-has-paid-over-18m-to-customers/,"Apr 4, 2023",0.5973091721534729
British Gas and Post Office unite to provide free in-person support in communities worst affected by energy debt,https://www.centrica.com/media-centre/news/2022/british-gas-and-post-office-unite-to-provide-free-in-person-support-in-communities-worst-affected-by-energy-debt/,"May 25, 2022",8.397133797188872e-07
British Gas owner Centrica hikes capacity at UK's largest gas storage facility to bolster winter power security,https://news.sky.com/story/british-gas-owner-centrica-hikes-capacity-at-uks-largest-gas-storage-facility-to-bolster-winter-power-security-12912186,"Jun 30, 2023",0.9193006157875061
British Gas owner Centrica runs out of juice at ‘fair value’,https://www.thetimes.com/business-money/energy/article/british-gas-owner-centrica-runs-out-of-juice-at-fair-value-cftv3fswv,"Sep 27, 2023",0.9967703819274902
CEO of British Gas-owner Centrica waives £1.1 million bonus as heating bills soar,https://www.standard.co.uk/business/british-gas-centrica-chris-o-shea-bonus-2021-results-profit-b984395.html,"Feb 24, 2022",1.3046295862295665e-05
Centrica to develop 28MW battery asset at former gas-fired power plant in North Yorkshire,https://www.solarpowerportal.co.uk/centrica_to_develop_28mw_battery_asset_at_former_gas_fired_power_plant_in_n/,"Jan 25, 2023",0.001383422059006989
Centrica boss calls for energy regulator to abolish standing charges which add around £300 to customer...,https://www.thesun.co.uk/news/22874146/centrica-boss-ofgem-abolish-standing-charges/,"Jun 29, 2023",0.0902571976184845
Centrica to deploy its first BESS outside the UK,https://www.solarpowerportal.co.uk/centrica_to_deploy_its_first_bess_system_outside_the_uk/,"May 2, 2023",0.00026448891730979085
"Why Centrica can't reduce British Gas customers' bills even if it wants to, despite its £3.3bn profit",https://inews.co.uk/inews-lifestyle/money/centrica-reduce-british-gas-customers-bills-despite-profit-2153571,"Feb 16, 2023",6.4743151597213e-05
Ex-Centrica boss Sam Laidlaw cashes in on gas deal,https://www.thisismoney.co.uk/money/markets/article-12228011/Ex-Centrica-boss-Sam-Laidlaw-cashes-gas-deal.html,"Jun 23, 2023",0.04342144727706909
Calls for British Gas owner to compensate business customers from £3bn profit,https://www.independent.co.uk/business/calls-for-british-gas-owner-to-compensate-business-customers-from-ps3bn-profit-b2283782.html,"Feb 16, 2023",9.117130684899166e-05
Top 10: UK Energy Providers,https://energydigital.com/top10/top-10-uk-energy-providers,"Jun 7, 2023",0.9999914169311523
Things are getting hairy for Centrica’s Chris O’Shea,https://www.thetimes.com/business-money/energy/article/things-are-getting-hairy-for-centricas-chris-oshea-3zxvbb6mq,"Jul 28, 2023",0.0031781774014234543
Bloody nose for Centrica chief Iain Conn as shareholders revolt over group's pay plans,https://www.thisismoney.co.uk/money/markets/article-3058032/Bloody-nose-Centrica-chief-Iain-Conn-shareholders-revolt-group-s-pay-plans.html,"Apr 27, 2015",0.0009665842517279088
British Gas meters row adds fuel to the fire aimed at Centrica and Chris O’Shea,https://www.standard.co.uk/business/british-gas-meters-row-fuel-fire-centrica-prepayment-chris-o-shea-b1060929.html,"Feb 16, 2023",1.3046295862295665e-05
British Gas owner Centrica slumps to £1BILLION loss and sees its share price dive,https://www.thisismoney.co.uk/money/markets/article-7999143/British-Gas-owner-Centrica-slumps-1BILLION-loss-sees-share-price-dive.html,"Feb 13, 2020",2.3929924282128923e-05
UK Infrastructure Bank partners with Centrica to invest up to £265 million in energy storage,https://www.solarpowerportal.co.uk/uk_infrastructure_bank_partners_with_centrica_to_invest_up_to_265_million_i/,"Mar 31, 2023",6.946294888621196e-05
British Gas strike days 23 to 26 go ahead as Centrica announces £700m profit,https://www.gmb.org.uk/news/british-gas-strike-centrica-company-700m-profit,"Feb 25, 2021",0.00016019633039832115
Centrica boss sees pay reach £4.5m despite firm being mired in prepayment meter scandal,https://inews.co.uk/news/business/centrica-british-gas-boss-chris-oshea-pay-4-5m-prepayment-meter-scandal-2227694,"Mar 22, 2023",0.00030893078655935824
"British Gas owner Centrica would STILL have lost Bulb case even without 'undue delay', court docs show",https://www.cityam.com/british-gas-owner-centrica-would-still-have-lost-bulb-case-even-without-undue-delay-court-docs-show/,"Apr 3, 2023",0.0021326695568859577
Centrica donation to fund Beaupre Community Association initiatives,https://www.cochraneeagle.ca/local-news/centrica-donation-to-fund-beaupre-community-association-initiatives-1451478,"Feb 12, 2016",3.165945372529677e-06
Centrica exposes smart energy meters as dumb,https://www.thetimes.com/business-money/technology/article/centrica-exposes-smart-energy-meters-as-dumb-src3lvkbf,"Jun 16, 2017",0.0008951807394623756
Centrica blames political intervention and loss of customers for profits fall,https://guernseypress.com/news/uk-news/2018/02/22/centrica-blames-political-intervention-and-loss-of-customers-for-profits-fall/,"Feb 22, 2018",7.88446850492619e-05
British Gas owner Centrica sees profits triple to £3.3 billion,https://www.itv.com/news/2023-02-16/british-gas-owner-centrica-sees-profits-triple-to-33-billion,"Feb 16, 2023",0.9982724189758301
Thames names former Centrica boss as CEO,https://utilityweek.co.uk/thames-names-former-centrica-boss-as-ceo/,"Dec 14, 2023",5.940300070506055e-06
Centrica launches British Gas Evolve as cheaper version of supplier,https://www.thisismoney.co.uk/money/bills/article-8805981/Centrica-launches-British-Gas-Evolve-cheaper-version-supplier.html,"Oct 5, 2020",0.014987418428063393
Two of Britain's largest energy suppliers to switch fleets to green,https://www.standard.co.uk/futurelondon/cleanair/british-gas-centric-sse-electric-vehicle-fleets-2030-a4184856.html,"Jul 8, 2019",0.9999996423721313
British Gas owner Centrica opens its first UK solar farm in Wiltshire,https://www.business-live.co.uk/economic-development/british-gas-owner-centrica-opens-27091743,"Jun 9, 2023",0.1116480678319931
Ovo Energy plots takeover of Shell arm in bid to reclaim number two spot,https://news.sky.com/story/ovo-energy-plots-takeover-of-shell-arm-in-bid-to-reclaim-number-two-spot-12844747,"Mar 29, 2023",0.0006133630522526801
Centrica CEO and PM talk to BusinessLive about how British Gas is cleaning up its act and moving to low carbon,https://www.business-live.co.uk/economic-development/centrica-ceo-pm-talk-businesslive-21560562,"Sep 14, 2021",1.9673878341563977e-05
"Would you pay bosses at Tesco, Centrica and IAG these massive salaries?",https://www.ii.co.uk/analysis-commentary/would-you-pay-bosses-tesco-centrica-and-iag-these-massive-salaries-ii528016,"May 26, 2023",1.092502770916326e-06
How energy company profits have risen year-on-year,https://www.breakingnews.ie/world/how-energy-company-profits-have-risen-year-on-year-1434032.html,"Feb 16, 2023",0.9999536275863647
Millionaire fat cats on British Gas board urged to curb hated 'fire and rehire' policy,https://www.mirror.co.uk/news/uk-news/millionaire-fat-cats-british-gas-23363528,"Jan 22, 2021",1.762606370903086e-05
Huge interest in Oxford Business Park building,https://ukpropertyforums.com/huge-interest-in-oxford-business-park-building/,"Dec 6, 2021",7.558872766821878e-06
"British Gas owner Centrica announces plan to axe 6,000 jobs",https://www.getsurrey.co.uk/news/business/british-gas-owner-centrica-announces-9758071,"Jul 30, 2015",0.0011026954744011164
British Gas under pressure to outline compensation for ‘mistreated’ customers,https://jerseyeveningpost.com/morenews/uknews/2023/02/02/british-gas-under-pressure-to-outline-compensation-for-mistreated-customers/,"Feb 2, 2023",0.0001248905755346641
More Energy Bill Price Cuts In The Pipeline,https://news.sky.com/story/more-energy-bill-price-cuts-in-the-pipeline-10370821,"Feb 19, 2015",0.002345327055081725
British Gas chief urged to reject massive £1.6m bonus as millions face huge energy bills,https://www.mirror.co.uk/news/politics/british-gas-chief-urged-reject-29208503,"Feb 13, 2023",9.788302122615278e-06
Andy Bevington,https://www.gov.uk/government/people/andy-bevington,"Nov 5, 2021",2.6808477286976995e-06
Langage power plant in Devon has been sold in multi-million deal,https://www.devonlive.com/news/business/langage-power-plant-devon-been-423082,"Sep 5, 2017",3.509308226057328e-05
British Gas 'wins Money Mail's Wooden Spoon award for poor service,https://www.thisismoney.co.uk/money/news/article-11670949/And-Wooden-Spoon-shoddy-service-goes-British-Gas.html,"Jan 25, 2023",0.0003978322783950716
