title,link,date,sentiment_score
Stock of the Week: F&C Investment Trust,https://www.morningstar.co.uk/uk/news/232675/stock-of-the-week-fc-investment-trust.aspx,"Mar 10, 2023",0.08129556477069855
F&C Investment Trust plc (FCIT) Ordinary 25p share price | FCIT,https://www.hl.co.uk/shares/shares-search-results/f/f-and-c-investment-trust-ord-25p,"Nov 12, 2018",3.792116274325963e-07
Investment trusts: a sector under siege,https://www.ft.com/content/a1a0b2fb-ca95-422c-99d1-9f78ed07ecb3,"Nov 9, 2023",3.8700050026818644e-06
Investment veteran Simon Fraser passes away | News | IPE,https://www.ipe.com/investment-veteran-simon-fraser-passes-away/10054454.article,"Aug 11, 2021",5.079837137600407e-06
BMO Financial Group to Acquire F&C Asset Management plc,https://newsroom.bmo.com/2014-01-28-BMO-Financial-Group-to-Acquire-F-C-Asset-Management-plc,"Jan 28, 2014",0.9868276119232178
F&C Investment Trust - Jun 2023 | Investor,https://www.trustintelligence.co.uk/investor/articles/fund-research-investor-f-c-investment-trust-retail-jun-2023,"Jun 12, 2023",0.0001895221066661179
"F&C Investment Trust Annual Financial Report for Year Ended 31st December 2022 March 9, 2023",https://www.jamessharp.co.uk/market-news/fc-investment-trust-annual-financial-report-for-year-ended-31st-december-2022/,"Mar 9, 2023",0.1250070184469223
F&C Investment Trust cautiously optimistic on 2019,https://quoteddata.com/2019/03/fc-investment-trust/,"Mar 12, 2019",0.999880313873291
Columbia Threadneedle buys European investment arm of Canada's BMO,https://www.ft.com/content/c89aedd2-8e2f-4f16-aacf-d4df22fdc445,"Apr 12, 2021",3.8700050026818644e-06
F&C cuts fees and ups dividend,https://quoteddata.com/2022/03/fc-cuts-fees-ups-dividend/,"Mar 10, 2022",0.002562048612162471
F&C Investment Trust: March 2023 Update,https://www.hl.co.uk/shares/investment-trusts/investment-trust-research/f-and-c-investment-trust-march-2023-update,"Mar 29, 2023",0.0021135560236871243
A trust that's proved it can navigate the new market,https://www.investorschronicle.co.uk/ideas/2023/01/19/a-trust-that-s-proved-it-can-navigate-the-new-market/,"Jan 19, 2023",0.9999911785125732
F&C's Paul Niven shakes up portfolio ahead of 'uncertain' H2,https://www.investmentweek.co.uk/news/4121526/cs-paul-niven-shakes-portfolio-ahead-uncertain-h2,"Aug 3, 2023",0.001085268217138946
Investments you can trust in a challenging world,https://www.thetimes.com/business-money/article/investments-you-can-trust-in-a-challenging-world-68dhk8hlm,"Dec 4, 2023",0.00024123316688928753
How to choose an investment trust,https://www.ft.com/content/b5a2cf12-f837-4f5a-b749-14763e4bbf38,"Nov 9, 2021",3.8700050026818644e-06
Why are F&C Investment Trust shares not beating the FTSE All-World index?,https://www.fool.co.uk/2023/08/03/why-are-fc-investment-trust-shares-not-beating-the-ftse-all-world-index/,"Aug 3, 2023",5.611764208879322e-06
Fund Battle: Alliance Trust vs F&C Investment Trust,https://www.ii.co.uk/analysis-commentary/fund-battle-alliance-trust-vs-fc-investment-trust-ii529268,"Sep 26, 2023",8.136874384945258e-06
Why F&C underperformed by 10% in the first half of 2023,https://www.ii.co.uk/analysis-commentary/why-fc-underperformed-10-first-half-2023-ii528765,"Aug 3, 2023",0.2504759132862091
Failed tennis pro steps on to centre court at F&C,https://www.ft.com/content/9fcf8d1a-48b0-11e4-9d04-00144feab7de,"Oct 4, 2014",3.8700050026818644e-06
F&C INVESTMENT TRUST: £4.7bn trust doesn't do surprises,https://www.thisismoney.co.uk/money/investing/article-11151979/F-C-INVESTMENT-TRUST-4-7bn-trust-doesnt-surprises.html,"Aug 30, 2022",0.031425923109054565
Keep your eye on the old beasts of investment,https://www.thetimes.com/business-money/money/article/keep-your-eye-on-the-old-beasts-of-investment-fjqlq7c6k,"Aug 13, 2022",0.0006264456897042692
BMO kills off F&C brand for open-ended funds,https://www.ftadviser.com/investments/2018/07/12/bmo-kills-off-f-c-brand-for-open-ended-funds/,"Jul 12, 2018",0.016370899975299835
Global trusts are lagging – but that might be about to change,https://www.investorschronicle.co.uk/news/2023/08/22/global-trusts-are-lagging-but-that-might-be-about-to-change/,"Aug 22, 2023",9.399413829669356e-05
Columbia Threadneedle completes rebrand of BMO Gam investment trusts,https://portfolio-adviser.com/columbia-threadneedle-completes-rebrand-of-bmo-gam-investment-trusts/,"Jul 4, 2022",5.232509283814579e-05
Electra and its investment manager prepare for parting of ways,https://www.ft.com/content/3b876cce-2347-11e6-9d4d-c11776a5124d,"May 26, 2016",3.8700050026818644e-06
"F&C Investment Trust PLC (LSE:FCIT) Share Price, History, & News",https://www.fool.co.uk/tickers/lse-fcit/,"Feb 13, 2019",8.045021786529105e-06
The history of investment trusts - FTAdviser,https://www.ftadviser.com/investments/2019/03/21/the-history-of-investment-trusts/,"Mar 21, 2019",1.821605474106036e-05
18 investment trusts for income investors | MoneyWeek,https://moneyweek.com/investments/funds/investment-trusts/605747/18-investment-trusts-for-income-investors,"Mar 9, 2023",0.5463632345199585
'Generalist' investment trusts: life in the old dogs yet?,https://www.investorschronicle.co.uk/news/2022/09/23/generalist-investment-trusts-life-in-the-old-dog-yet/,"Sep 23, 2022",1.3599338672065642e-05
Battle of the big three multi-manager trusts: who comes out on top?,https://www.ii.co.uk/analysis-commentary/battle-big-three-multi-manager-trusts-who-comes-out-top-ii524378,"Jun 22, 2022",6.573744030902162e-05
F&C's £2.7bn trust NAV hits record high,https://www.ftadviser.com/2016/07/28/investments/investment-trusts/f-c-s-bn-trust-nav-hits-record-high-jwPwpt0HodQC5u4fDGRvEM/article.html,"Jul 28, 2016",0.9986144304275513
Which FTSE 100 investment trust should you hold?,https://www.investmentweek.co.uk/analysis/4056268/ftse-100-investment-trust-hold,"Sep 26, 2022",0.0001071732331183739
Toby Nangle exits Columbia Threadneedle after a decade,https://portfolio-adviser.com/toby-nangle-exits-columbia-threadneedle-after-a-decade/,"May 5, 2022",0.03637845441699028
World's oldest investment trust F&C is still going strong,https://www.thisismoney.co.uk/money/investing/article-4735344/The-world-s-oldest-investment-trust-going-strong.html,"Aug 18, 2017",0.994631290435791
The best money management apps and debit cards for your child,https://www.thisismoney.co.uk/money/saving/article-7374595/The-best-money-management-apps-debit-cards-child.html,"Aug 23, 2019",8.04706087365048e-06
Foreign & Colonial investment trust: must do better,https://moneyweek.com/503257/foreign-and-colonial-investment-trust-must-do-better,"Mar 19, 2019",0.11174097657203674
Investment trusts that have been around for more than 70 years,https://www.thisismoney.co.uk/money/investing/article-10464457/Investment-trusts-70-years.html,"Feb 3, 2022",2.648425379447872e-06
Are 'dividend hero' investment trusts keeping up with inflation?,https://www.ii.co.uk/analysis-commentary/are-dividend-hero-investment-trusts-keeping-inflation-ii528316,"Jun 27, 2023",0.0009830535855144262
Top 10 most-popular investment trusts: June 2023,https://www.ii.co.uk/analysis-commentary/top-10-most-popular-investment-trusts-june-2023-ii528427,"Jul 3, 2023",0.5249404311180115
The eight income investment trust heavyweights: how sustainable are the dividends?,https://www.ii.co.uk/analysis-commentary/eight-income-investment-trust-heavyweights-how-sustainable-are-dividends-ii527779,"May 10, 2023",0.9827895164489746
The Most Detailed BMO Investments Review for 2024,https://investingreviews.co.uk/reviews/bmo-investments-review/,"Sep 18, 2023",4.856555619880965e-07
