title,link,date,sentiment_score
HSBC Working with IBM to Accelerate Quantum Computing Readiness,https://newsroom.ibm.com/2022-03-29-HSBC-Working-with-IBM-to-Accelerate-Quantum-Computing-Readiness,"Mar 29, 2022",0.882041395
HSBC moved vast sums of dirty money after paying record laundering fine,https://www.icij.org/investigations/fincen-files/hsbc-moved-vast-sums-of-dirty-money-after-paying-record-laundering-fine/,"Sep 21, 2020",9.38E-05
HSBC to stop financing deforestation-linked palm oil firms,https://news.mongabay.com/2017/03/hsbc-to-stop-financing-deforestation-linked-palm-oil-firms/,"Mar 3, 2017",1.27E-05
HSBC is taking heat from all sides after backing China on Hong Kong,https://www.cnn.com/2020/06/10/business/hsbc-china-national-security-law-intl-hnk/index.html,"Jun 10, 2020",8.72E-05
HSBC Enters the Metaverse Through Partnership With The Sandbox,https://www.coindesk.com/business/2022/03/16/hsbc-enters-the-metaverse-through-partnership-with-the-sandbox/,"Mar 16, 2022",0.999464571
FinCEN Files: HSBC moved Ponzi scheme millions despite warning,https://www.bbc.com/news/uk-54225572,"Sep 20, 2020",0.000385223
HSBC's Money Laundering Scandal,https://www.investopedia.com/stock-analysis/2013/investing-news-for-jan-29-hsbcs-money-laundering-scandal-hbc-scbff-ing-cs-rbs0129.aspx,"Sep 19, 2023",0.001052842
HSBC Exchanges on 556000-Square-Foot London Headquarters Lease,https://www.costar.com/article/1318159520/hsbc-exchanges-on-556000-square-foot-london-headquarters-lease,"Nov 14, 2023",2.14E-07
HSBC led big banks' charge against climate change action,https://www.thebureauinvestigates.com/stories/2021-11-08/hsbc-led-big-banks-charge-against-climate-change-action,"Nov 8, 2021",7.39E-05
Banking Giant HSBC Sheltered Murky Cash Linked to Dictators and Arms Dealers,https://www.icij.org/investigations/swiss-leaks/banking-giant-hsbc-sheltered-murky-cash-linked-dictators-and-arms-dealers/,"Feb 8, 2015",5.53E-05
HSBC is selling most of its US retail banking business,https://www.cnn.com/2021/05/27/business/hsbc-us-retail-banking-intl-hnk/index.html,"May 27, 2021",0.000176689
HSBC To Pay $192m Penalty For Helping Americans Evade Taxes - ICIJ,https://www.icij.org/investigations/swiss-leaks/hsbc-to-pay-192m-penalty-for-helping-americans-evade-taxes/,"Dec 11, 2019",7.28E-06
How banking will change after COVID-19 | Views| HSBC Holdings plc,https://www.hsbc.com/news-and-views/views/hsbc-views/how-banking-will-change-after-covid-19,"Nov 26, 2020",4.14E-06
HSBC hires more than 40 SVB bankers to launch US unit,https://www.bankingdive.com/news/hsbc-hires-40-svb-bankers-tech-healthcare-vc-partnership-us-unit-first-citizens-sabow/647420/,"Apr 12, 2023",0.000645719
How HSBC built its PayMe for Business app on Microsoft Azure,https://azure.microsoft.com/en-us/blog/how-hsbc-built-its-payme-for-business-app-on-microsoft-azure/,"Jul 18, 2019",0.786884606
Euronet lands HSBC as Dandelion client,https://www.paymentsdive.com/news/euronet-money-transfer-bank-hsbc-dandelion-crossborder-payments/642352/,"Feb 9, 2023",7.16E-05
HSBC bet the bank on China. It's in big trouble if tensions escalate,https://www.cnn.com/2020/08/05/business/hsbc-china-challenges-intl-hnk/index.html,"Aug 5, 2020",0.003517212
Financing Supplier Sustainability with HSBC - Levi Strauss & Co,https://www.levistrauss.com/2022/10/03/financing-supplier-sustainability-with-hsbc/,"Oct 3, 2022",0.983011842
HSBC unit fined $2M by FINRA over long-running disclosure lapses,https://www.complianceweek.com/regulatory-enforcement/hsbc-unit-fined-2m-by-finra-over-long-running-disclosure-lapses/33694.article,"Oct 10, 2023",9.59E-05
Artificial Intelligence at HSBC – 2 Use-Cases,https://emerj.com/ai-sector-overviews/artificial-intelligence-at-hsbc/,"Feb 26, 2020",0.086549312
Four Questions about HSBC's Commitment to Stop Funding Oil and Gas Projects,https://www.american.edu/sis/news/20221222-four-questions-about-hsbcs-commitment-to-stop-funding-oil-and-gas-projects.cfm,"Dec 22, 2022",0.000876873
How HSBC's errors and lack of oversight hit reputation as ‘world’s best-run bank’,https://www.theguardian.com/news/2015/feb/13/hsbc-errors-lack-of-oversight-reputation-worlds-best-run-bank,"Feb 13, 2015",0.256398797
HSBC may have to choose between East and West as China tightens grip on Hong Kong,https://www.cnn.com/2020/07/09/business/hsbc-hong-kong-uk-intl-hnk/index.html,"Jul 9, 2020",0.000410473
HSBC is moving the heart of the bank back to Hong Kong,https://www.cnn.com/2021/04/14/business/hsbc-exec-moves-hong-kong-london/index.html,"Apr 14, 2021",8.57E-05
HSBC trials tokenized deposits using Ant blockchain technology - Ledger Insights,https://www.ledgerinsights.com/hsbc-tokenized-deposits-ant-blockchain/,"Nov 1, 2023",4.87E-06
Fed ends 2012 AML enforcement action against HSBC,https://www.bankingdive.com/news/federal-reserve-ends-2012-hsbc-aml-enforcement-action/631140/,"Sep 2, 2022",1.42E-05
HSBC hires dozens of SVB bankers in US push,https://www.ft.com/content/c7887baf-95a8-4839-9219-722870f0ed92,"Apr 11, 2023",3.87E-06
HSBC raises outlook as profits nearly double,https://www.cnn.com/2023/08/01/investing/hsbc-earnings-q2-2023-intl-hnk/index.html,"Aug 1, 2023",0.99932456
Walmart Creates Industry First by Introducing Science-Based Targets for Supply Chain Finance Program,https://corporate.walmart.com/news/2021/12/08/walmart-creates-industry-first-by-introducing-science-based-targets-for-supply-chain-finance-program,"Dec 8, 2021",0.992120385
HSBC to let UK customers manage different bank accounts on one screen with new app,https://www.cnbc.com/2017/09/27/hsbc-beta-app-lets-uk-customers-manage-different-bank-accounts.html,"Sep 27, 2017",0.000467173
HSBC to launch storage services for tokenized securities as more big banks warm to blockchain,https://www.cnbc.com/2023/11/08/hsbc-to-launch-custody-services-for-tokenized-securities.html,"Nov 8, 2023",0.801709414
HSBC sets out net zero ambition | HSBC news | HSBC Holdings plc,https://www.hsbc.com/news-and-views/news/hsbc-news-archive/hsbc-sets-out-net-zero-ambition,"Oct 9, 2020",0.999980807
Why HSBC chose to move on from being 'the world’s local bank’,https://www.cnbc.com/2016/08/17/why-hsbc-chose-to-move-on-from-being-the-worlds-local-bank.html,"Aug 17, 2016",0.075715177
HSBC bank cuts off services to Muslim charity,https://www.aljazeera.com/economy/2016/1/4/hsbc-bank-cuts-off-services-to-muslim-charity,"Jan 4, 2016",8.32E-05
HSBC ‘divests’ from Israeli arms company Elbit Systems,https://www.aljazeera.com/news/2018/12/27/hsbc-divests-from-israeli-arms-company-elbit-systems,"Dec 27, 2018",0.000129786
"HSBC sets financed emissions targets for oil and gas, power and utilities",https://www.hsbc.com/news-and-views/news/hsbc-news-archive/hsbc-sets-financed-emissions-targets-for-oil-and-gas-power-and-utilities,"Feb 22, 2022",6.11E-05
HSBC’s top execs face tense shareholders calling for a breakup,https://www.cnn.com/2023/04/03/business/hsbc-spin-off-hk-shareholder-meeting-intl-hnk/index.html,"Apr 3, 2023",9.01E-06
Texas adds HSBC to investment 'blacklist',https://www.texasstandard.org/stories/texas-hsbc-holdings-blacklist-oil-gas-sanctions/,"Mar 27, 2023",9.67E-07
We've launched HSBC Innovation Banking | HSBC news | HSBC Holdings plc,https://www.hsbc.com/news-and-views/news/hsbc-news-archive/we-ve-launched-hsbc-innovation-banking,"Jun 12, 2023",0.997758269
"HSBC buys SVB’s UK business, ending ‘nightmare’ for British tech",https://www.cnn.com/2023/03/13/investing/svb-uk-business-deal-intl-hnk/index.html,"Mar 13, 2023",9.58E-05
Seven steps to tackle a USD50 trillion challenge | HSBC Views,https://www.hsbc.com/news-and-views/views/hsbc-views/seven-steps-to-tackle-a-usd50-trillion-challenge,"Oct 27, 2021",0.000240148
HSBC's U.S. arm faces HUD probe over redlining allegations,https://www.americanbanker.com/news/hsbcs-u-s-arm-faces-hud-probe-over-redlining-allegations,"Aug 2, 2023",0.000469772
Whistleblower? Thief? Hero? Introducing the Source of the Data that Shook HSBC,https://www.icij.org/investigations/swiss-leaks/whistleblower-thief-hero-introducing-source-data-shook-hsbc/,"Feb 8, 2015",1.41E-05
HSBC pays £1 to rescue UK arm of Silicon Valley Bank after all-night talks,https://www.cnbc.com/2023/03/13/hsbc-buys-silicon-valley-bank-uk-protecting-deposits-.html,"Mar 13, 2023",0.009010796
HSBC shares rise after £1.5bn buyback pledge - Page 6,https://theweek.com/hsbc/63926/hsbc-profits-slides-by-almost-a-fifth/6,"Sep 18, 2023",0.000703919
HSBC: Dirty Money and White Collars,https://insightcrime.org/news/analysis/hsbc-dirty-money-white-collars/,"Oct 9, 2020",6.55E-05
HSBC to stop financing new oil and gas fields except in Canada,https://www.corporateknights.com/category-finance/hsbc-to-stop-financing-new-oil-and-gas-fields-except-in-canada/,"Dec 21, 2022",7.82E-05
HSBC moves from 65 relational databases into one global MongoDB database,https://diginomica.com/hsbc-moves-65-relational-databases-one-global-mongodb-database,"Jun 12, 2020",0.222404093
Attorney General Becerra Announces $7 Million Settlement Against Multinational Bank HSBC for Overcharging ...,https://oag.ca.gov/news/press-releases/attorney-general-becerra-announces-7-million-settlement-against-multinational,"Sep 24, 2020",0.000823035
HSBC acquires Silicon Valley Bank UK for 1 pound - The Washington Post,https://www.washingtonpost.com/business/2023/03/13/svb-uk-hsbc-acquisition/,"Mar 13, 2023",0.001570634
HSBC is downsizing its headquarters and leaving London’s Canary Wharf,https://www.cnn.com/2023/06/26/business/hbsc-downsizing-london-canary-wharf/index.html,"Jun 26, 2023",4.16E-07
"HSBC’s top shareholder calls for breakup, expressing ‘deep concern’",https://www.cnn.com/2023/04/18/investing/hsbc-ping-an-breakup-statement/index.html,"Apr 18, 2023",0.002967456
Artificial Intelligence at HSBC – Two Use Cases,https://emerj.com/ai-sector-overviews/artificial-intelligence-at-hsbc-two-use-cases/,"Jul 10, 2023",0.999793828
Letter to HSBC Bank with UK MP's on Hong Kong Pension Funds,http://selectcommitteeontheccp.house.gov/media/letters/letter-hsbc-bank-uk-mps-hong-kong-pension-funds,"Jun 30, 2023",1.91E-05
"Hong Kong's HSBC Allows Customers to Trade Bitcoin, Ether ETFs but That's Not Really News",https://www.coindesk.com/business/2023/06/26/hong-kongs-hsbc-allows-customers-to-trade-bitcoin-ether-etfs-but-thats-not-really-news/,"Jun 26, 2023",2.61E-05
"HSBC sells 80 branches to Citizens Bank, 10 to Cathay in US retreat",https://www.bankingdive.com/news/hsbc-sells-80-branches-to-citizens-bank-10-to-cathay-in-us-retreat/600900/,"May 27, 2021",0.000902683
HSBC takes $500 million hit on Chinese real estate and warns of risk of ‘further deterioration’,https://www.cnn.com/2023/10/30/business/hsbc-q3-results-earnings-report-intl-hnk/index.html,"Oct 30, 2023",0.011783445
HSBC pays out £28m over money-laundering claims,https://www.theguardian.com/business/2015/jun/04/hsbc-fined-278m-over-money-laundering-claims,"Jun 4, 2015",0.000408841
Clinton foundation received up to $81m from clients of controversial HSBC bank,https://www.theguardian.com/us-news/2015/feb/10/hillary-clinton-foundation-donors-hsbc-swiss-bank,"Feb 10, 2015",1.36E-06
HSBC has form: remember Mexico and laundered drug money,https://www.theguardian.com/commentisfree/2015/feb/15/hsbc-has-form-mexico-laundered-drug-money,"Feb 15, 2015",3.43E-05
Swiss Leaks: Murky Cash Sheltered by Bank Secrecy,https://www.icij.org/investigations/swiss-leaks/,"Feb 8, 2015",0.001209109
HSBC Blocks Staff From Texting on Their Work Phones,https://www.bloomberg.com/news/articles/2023-10-17/hsbc-blocks-staff-from-texting-on-their-work-phones,"Oct 17, 2023",0.000534371
HSBC exec apologizes after calling the UK ‘weak’ for following US lead over China,https://www.cnn.com/2023/08/08/business/hsbc-senior-executive-apology-uk-china-intl-hnk/index.html,"Aug 8, 2023",1.02E-05
HSBC wins battle with biggest shareholder over call to break up bank,https://www.cnn.com/2023/05/05/investing/hsbc-agm-breakup-plan-vote-intl-hnk/index.html,"May 5, 2023",8.60E-06
"Born in Asia but Based in Britain, HSBC Fights to Stay in One Piece (Published 2023)",https://www.nytimes.com/2023/05/04/business/dealbook/hsbc-ping-an-shareholders-agm.html,"May 4, 2023",0.999992371
"Most Powerful Women to Watch: No. 8, HSBC's Kavita Mahtani",https://www.americanbanker.com/news/most-powerful-women-to-watch-no-8-hsbcs-kavita-mahtani,"Oct 5, 2022",0.936814725
Banking in the future | Views | HSBC Holdings plc,https://www.hsbc.com/news-and-views/views/hsbc-views/banking-in-the-future,"Nov 12, 2019",0.504585147
"Mines, pipelines and oil rigs: what HSBC's 'sustainable finance'…",https://www.thebureauinvestigates.com/stories/2022-10-31/mines-pipelines-and-oil-rigs-what-hsbcs-sustainable-finance-really-pays-for,"Oct 31, 2022",0.002428752
Is HSBC the World's Most Honest Bank?,https://www.dissentmagazine.org/article/bankers-without-borders-hsbc-ads/,"Jul 3, 2023",1.55E-05
HSBC files: Swiss bank hid money for suspected criminals,https://www.theguardian.com/news/2015/feb/12/hsbc-files-swiss-bank-hid-money-for-suspected-criminals,"Feb 12, 2015",0.000543827
HSBC to Offer Tokenized Securities Custody Service for Institutions,https://www.coindesk.com/business/2023/11/08/hsbc-to-offer-tokenized-securities-custody-service-for-institutions/,"Nov 8, 2023",3.22E-07
HSBC's exit from France gets a refresh,https://www.bankingdive.com/news/hsbc-cerberus-france-retail-my-money/653135/,"Jun 15, 2023",1.31E-05
HSBC agrees to sell business in Canada for CA$13.5bn | HSBC News,https://www.hsbc.com/news-and-views/news/hsbc-news-archive/hsbc-agrees-to-sell-business-in-canada,"Nov 30, 2022",0.999985337
HUD Investigates HSBC's U.S. Unit Over Redlining Allegations,https://www.kiplinger.com/personal-finance/hud-investigates-hsbcs-us-unit-over-redlining-allegations,"Aug 7, 2023",0.000216469
HSBC bank confirms US data breach,https://www.bbc.com/news/technology-46117963,"Nov 6, 2018",0.004148287
HSBC Launches Blockchain Platform to Tokenize Ownership of Gold in London Vault,https://www.bloomberg.com/news/articles/2023-11-01/hsbc-launches-blockchain-platform-to-tokenize-ownership-of-gold-in-london-vault,"Nov 1, 2023",0.004834585
HSBC doubled Q3 profits and plans $3 bln share buybacks,https://fortune.com/europe/2023/10/30/hsbc-third-quarter-profits-3-billion-share-buybacks-banking-china-real-estate/,"Oct 30, 2023",0.974413395
What's Blockchain? HSBC Survey Finds 59% of Consumers Don't Know,https://www.coindesk.com/markets/2017/06/22/whats-blockchain-hsbc-survey-finds-59-of-consumers-dont-know/,"Jun 22, 2017",7.53E-06
"Gallagher, UK MPs, Demand HSBC Answer for Withholding Pension Funds in Hong Kong",http://selectcommitteeontheccp.house.gov/media/press-releases/gallagher-uk-mps-demand-hsbc-answer-withholding-pension-funds-hong-kong,"Jun 30, 2023",1.80E-05
HSBC UK Blocks Payments to Binance Exchange,https://www.coindesk.com/markets/2021/08/03/hsbc-uk-blocks-payments-to-binance-exchange/,"Aug 3, 2021",6.36E-06
HSBC investor's push for breakup of bank draws skepticism from market,https://www.spglobal.com/marketintelligence/en/news-insights/latest-news-headlines/hsbc-investor-s-push-for-breakup-of-bank-draws-skepticism-from-market-70281206,"May 17, 2022",0.002507745
HSBC To Review Its Global Real Estate Footprint With An Eye Toward Cuts,https://www.bisnow.com/national/news/office/hsbc-to-review-its-global-real-estate-footprint-with-an-eye-toward-cuts-121053,"Oct 11, 2023",1.58E-06
3Q 2023 results quick read | HSBC Holdings plc,https://www.hsbc.com/investors/results-and-announcements/all-reporting/3q-2023-quick-read,"Oct 30, 2023",1
HSBC's Deal to Divest Canadian Business Gets Conditional Nod,https://finance.yahoo.com/news/hsbcs-deal-divest-canadian-business-144200091.html,"Dec 26, 2023",0.000301906
HSBC to launch Orion blockchain bond tokenization platform - Ledger Insights,https://www.ledgerinsights.com/hsbc-orion-blockchain-bond-tokenization-platform/,"Nov 4, 2022",0.027643949
BBC fools HSBC voice recognition security system,https://www.bbc.com/news/technology-39965545,"May 19, 2017",0.001999172
HSBC Bank and Samsung Launch Wearable Technology in HSBC's Flagship Branch,https://news.samsung.com/us/hsbc-bank-samsung-launch-wearable-technology-hsbcs-flagship-branch/,"Oct 25, 2018",0.465254277
Explore the Swiss Leaks Data,https://www.icij.org/investigations/swiss-leaks/explore-swiss-leaks-data/,"Oct 17, 2017",3.17E-07
HSBC suspends head of responsible investing who called climate warnings ‘shrill’,https://www.theguardian.com/business/2022/may/22/hsbc-suspends-head-of-responsible-investing-who-called-climate-warnings-shrill,"May 22, 2022",2.10E-05
HSBC online banking is 'attacked',https://www.bbc.com/news/business-35438159,"Jan 29, 2016",0.000530447
HSBC plans climate tech funding push,https://www.hsbc.com/news-and-views/news/media-releases/2023/hsbc-plans-climate-tech-funding-push,"Sep 20, 2023",0.072365202
HSBC pioneers Quantum protection for AI-powered FX trading,https://www.hsbc.com/news-and-views/news/media-releases/2023/hsbc-pioneers-quantum-protection-for-ai-powered-fx-trading,"Dec 6, 2023",0.777480423
HSBC shareholders reject break-up calls - HSBC Holdings plc,https://www.hsbc.com/news-and-views/news/hsbc-news-archive/hsbc-shareholders-reject-break-up-calls,"May 5, 2023",0.004810421
HSBC Buys Virtual Real Estate in Sandbox Metaverse,https://blockworks.co/news/hsbc-buys-virtual-real-estate-in-sandbox-metaverse,"Nov 17, 2022",0.000337352
First Citizens sues HSBC over departure of 42 SVB bankers,https://www.bankingdive.com/news/first-citizens-hsbc-svb-sabow-lawsuit-poaching-trade-secret-healthcare-tech/650962/,"May 23, 2023",9.38E-05
HSBC fined £64m for failures in anti-laundering processes,https://www.theguardian.com/business/2021/dec/17/hsbc-fined-64m-failures-anti-laundering-fca,"Dec 17, 2021",0.000382305
"HSBC ousts CFO, appoints new one",https://www.bankingdive.com/news/hsbc-elhedery-cfo-stevenson/634906/,"Oct 25, 2022",0.040475681
HSBC buys Silicon Valley Bank's UK unit for £1 in rescue deal,https://www.ft.com/content/216b193d-62b3-4e5e-8f67-e8eb3d96ebf1,"Mar 13, 2023",3.31E-05
BBC fools HSBC voice recognition security system,https://www.bbc.com/news/technology-39965545,"May 19, 2017",0.001999172
HSBC to launch Orion blockchain bond tokenization platform - Ledger Insights,https://www.ledgerinsights.com/hsbc-orion-blockchain-bond-tokenization-platform/,"Nov 4, 2022",0.027643949
3Q 2023 results quick read | HSBC Holdings plc,https://www.hsbc.com/investors/results-and-announcements/all-reporting/3q-2023-quick-read,"Oct 30, 2023",1
Pam Kaur | Leadership and governance | HSBC Holdings plc,https://www.hsbc.com/who-we-are/leadership-and-governance/senior-management/pam-kaur,"Feb 6, 2021",0.072365202
HSBC Is Betting Big on India's $400 Billion Pile of Wealth,https://www.bloomberg.com/news/articles/2023-02-09/hsbc-bets-big-on-india-s-400-billion-pile-of-wealth,"Feb 9, 2023",0.063978203
HSBC whistleblower given five years’ jail over biggest leak in banking history,https://www.theguardian.com/news/2015/nov/27/hsbc-whistleblower-jailed-five-years-herve-falciani,"Nov 27, 2015",7.47E-06
HSBC Bank and Samsung Launch Wearable Technology in HSBC's Flagship Branch,https://news.samsung.com/us/hsbc-bank-samsung-launch-wearable-technology-hsbcs-flagship-branch/,"Oct 25, 2018",0.465254277
HSBC Sees Its Future With 40% Less Office Space After Covid,https://www.bloomberg.com/news/articles/2021-02-23/hsbc-says-it-could-eventually-cut-real-estate-footprint-by-40,"Feb 23, 2021",9.09E-05
RBC’s (RY CN) $10 Billion Takeover of HSBC Canada to Win Government Approval,https://www.bloomberg.com/news/articles/2023-12-21/rbc-s-10-billion-deal-for-hsbc-canada-is-said-to-win-approval,"Dec 21, 2023",0.000487853
HSBC online banking is 'attacked',https://www.bbc.com/news/business-35438159,"Jan 29, 2016",0.000530447
Commercial Banking Services | Careers | HSBC Holdings plc,https://www.hsbc.com/careers/our-business-areas-and-teams/commercial-banking,"Dec 1, 2018",0.941099823
HSBC suspends head of responsible investing who called climate warnings ‘shrill’,https://www.theguardian.com/business/2022/may/22/hsbc-suspends-head-of-responsible-investing-who-called-climate-warnings-shrill,"May 22, 2022",2.10E-05
HSBC and Quantum | Businesses and customers | HSBC Holdings plc,https://www.hsbc.com/who-we-are/businesses-and-customers/hsbc-and-quantum,"Jul 4, 2023",0.072365202
HSBC plans climate tech funding push,https://www.hsbc.com/news-and-views/news/media-releases/2023/hsbc-plans-climate-tech-funding-push,"Sep 20, 2023",0.072365202
HSBC pioneers Quantum protection for AI-powered FX trading,https://www.hsbc.com/news-and-views/news/media-releases/2023/hsbc-pioneers-quantum-protection-for-ai-powered-fx-trading,"Dec 6, 2023",0.777480423
Celine Herweijer | Senior management | HSBC Holdings plc,https://www.hsbc.com/who-we-are/leadership-and-governance/senior-management/celine-herweijer,"Jul 29, 2021",0.072365202
HSBC buys Silicon Valley Bank's UK unit for £1 in rescue deal,https://www.ft.com/content/216b193d-62b3-4e5e-8f67-e8eb3d96ebf1,"Mar 13, 2023",3.31E-05
Stephen Moss | Senior management | HSBC Holdings plc,https://www.hsbc.com/who-we-are/leadership-and-governance/senior-management/stephen-moss,"Feb 6, 2021",0.072365202
First Citizens sues HSBC over departure of 42 SVB bankers,https://www.bankingdive.com/news/first-citizens-hsbc-svb-sabow-lawsuit-poaching-trade-secret-healthcare-tech/650962/,"May 23, 2023",9.38E-05
Helping our customers through the pandemic | HSBC news | HSBC Holdings plc,https://www.hsbc.com/news-and-views/news/hsbc-news-archive/helping-our-customers-through-the-pandemic,"Aug 3, 2020",0.999137878
Exploring the power of quantum computing | HSBC news | HSBC Holdings plc,https://www.hsbc.com/news-and-views/news/hsbc-news-archive/exploring-the-power-of-quantum-computing,"Oct 5, 2020",0.808863819
Why it's good to chat | HSBC news | HSBC Holdings plc,https://www.hsbc.com/news-and-views/news/hsbc-news-archive/why-it-is-good-to-chat,"Sep 18, 2020",0.000126564
"News, Views and Media contacts | HSBC Holdings plc",https://www.hsbc.com/news-and-views,"Jul 21, 2023",0.072365202
HSBC's 'selfie verification' helps customers open a bank account,https://www.engadget.com/2016-09-05-hsbc-selfie-bank-account.html,"Sep 5, 2016",0.02398617
HSBC Bank and SoftBank Robotics America Partner to Bring Humanoid Robotics to Fifth Avenue U.S. Flagship Bank ...,https://www.prnewswire.com/news-releases/hsbc-bank-and-softbank-robotics-america-partner-to-bring-humanoid-robotics-to-fifth-avenue-us-flagship-bank-branch-300672008.html,"Jun 26, 2018",0.977139413
HSBC escaped US money-laundering charges after Osborne's intervention,https://www.theguardian.com/business/2016/jul/11/hsbc-us-money-laundering-george-osborne-report,"Jul 11, 2016",0.00191979
HSBC and Digital Accessibility | HSBC Holdings plc,https://www.hsbc.com/who-we-are/businesses-and-customers/hsbc-and-digital-accessibility,"Aug 25, 2023",0.072365202
HSBC USA Announces Four New Appointments to Its Boards of Directors,https://www.businesswire.com/news/home/20220201005838/en/HSBC-USA-Announces-Four-New-Appointments-to-Its-Boards-of-Directors,"Feb 1, 2022",4.70E-06
Steve John | Leadership and governance | HSBC Holdings plc,https://www.hsbc.com/who-we-are/leadership-and-governance/senior-management/steve-john,"Jun 8, 2021",0.072365202
Innovation and Digital Transformation Journey on AWS | HSBC Video,https://aws.amazon.com/solutions/case-studies/hsbc/,"May 5, 2021",0.999999404
Sports partnerships | Our people and communities | HSBC Holdings plc,https://www.hsbc.com/who-we-are/our-people-and-communities/sports-partnerships,"Aug 26, 2022",0.992427289
Why did HSBC shut down bank accounts?,https://www.bbc.com/news/magazine-33677946,"Jul 28, 2015",5.40E-06
Learn while you earn | Views | HSBC Holdings plc,https://www.hsbc.com/news-and-views/views/hsbc-views/learn-while-you-earn,"Aug 30, 2019",0.07752791
"The Untold Story Of What Really Happened After HSBC, El Chapo's Bank, Promised To Get Clean",https://www.buzzfeednews.com/article/anthonycormier/hsbc-money-laundering-drug-cartels,"Sep 21, 2020",3.51E-06
Private Inspiration: Q&A with Lavanya Chari of HSBC,https://www.bloomberg.com/professional/insights/financial-services/private-inspiration-qa-with-lavanya-chari-of-hsbc/,"Apr 11, 2023",0.999998093
"HSBC Bank Review: Checking, Savings and CDs",https://www.nerdwallet.com/reviews/banking/hsbc-bank,"May 17, 2022",0.56333077
"HSBC's after-tax profit surges over 135% year-on-year, announces $3 billion share buyback",https://www.cnbc.com/2023/10/30/hsbc-profit-after-surges-over-235percent-year-on-year.html,"Oct 30, 2023",0.091677569
We're fighting the cyber criminals of the future | HSBC News,https://www.hsbc.com/news-and-views/news/hsbc-news-archive/we-are-fighting-the-cyber-criminals-of-the-future,"Jul 5, 2023",0.062152691
HSBC rolls out voice and touch ID security for bank customers,https://www.theguardian.com/business/2016/feb/19/hsbc-rolls-out-voice-touch-id-security-bank-customers,"Feb 19, 2016",0.478814155
"HSBC Continental Europe: Completion of the Sale of Retail Banking Business in France, Including the Sale of HSBC ...",https://www.businesswire.com/news/home/20231231778605/en/HSBC-Continental-Europe-Completion-of-the-Sale-of-Retail-Banking-Business-in-France-Including-the-Sale-of-HSBC-SFH-France,"Dec 31, 2023",5.92E-06
HSBC tokenizes gold,https://www.ledgerinsights.com/hsbc-tokenizes-gold/,"Nov 1, 2023",0.969324529
Global Functions | Our business areas and teams | HSBC,https://www.hsbc.com/careers/our-business-areas-and-teams/global-functions,"Dec 1, 2018",0.595545828
Elaine Arden | Senior management | HSBC Holdings plc,https://www.hsbc.com/who-we-are/leadership-and-governance/senior-management/elaine-arden,"Feb 6, 2021",0.072365202
Career Development | Life at HSBC | HSBC Holdings plc,https://www.hsbc.com/careers/life-at-hsbc/career-development,"Dec 1, 2018",0.364818037
HSBC to end funding for new oil and gas fields,https://www.bbc.com/news/science-environment-63975173,"Dec 14, 2022",0.0010275
Tokenisation: Driving financial innovation and conservation | HSBC Views,https://www.hsbc.com/news-and-views/views/hsbc-views/tokenisation-driving-financial-innovation-and-conservation,"Feb 14, 2022",0.973457813
Diamond Dealers in Deep Trouble as Bank Documents Shine Light on Secret Ways - ICIJ,https://www.icij.org/investigations/swiss-leaks/diamond-dealers-deep-trouble-bank-documents-shine-light-secret-ways/,"Feb 9, 2015",9.70E-05
Helping customers take steps to better health | HSBC News,https://www.hsbc.com/news-and-views/news/hsbc-news-archive/helping-customers-take-steps-to-better-health,"Dec 8, 2020",0.980238557
Technology's role in the future of finance | HSBC news,https://www.hsbc.com/news-and-views/news/hsbc-news-archive/technologys-role-in-the-future-of-finance,"Oct 12, 2020",0.755247653
"We're looking after customers' bodies, minds and money| HSBC Views",https://www.hsbc.com/news-and-views/views/hsbc-views/were-looking-after-customers-bodies-minds-and-money,"May 4, 2023",0.999972939
We're phasing out coal financing | HSBC news | HSBC Holdings plc,https://www.hsbc.com/news-and-views/news/hsbc-news-archive/were-phasing-out-coal-financing,"Dec 14, 2021",2.78E-05
Investor factbooks | Investors | HSBC Holdings plc,https://www.hsbc.com/investors/investing-in-hsbc/investor-factbooks,"Mar 18, 2019",0.072365202
HSBC and Nova Credit Launch Partnership to Offer Customers Borderless International Credit Checking,https://www.businesswire.com/news/home/20220928005259/en/HSBC-and-Nova-Credit-Launch-Partnership-to-Offer-Customers-Borderless-International-Credit-Checking,"Sep 28, 2022",0.968120456
HSBC's Win Against Ping An Over Asia Plans Came With Compromises,https://www.bloomberg.com/news/articles/2023-08-04/hsbc-s-win-against-ping-an-over-asia-plans-came-with-compromises,"Aug 3, 2023",0.000395395
Watchdog bans HSBC climate ads in fresh blow to bank’s green credentials,https://www.theguardian.com/business/2022/oct/19/watchdog-bans-hsbc-ads-green-cop26-climate-crisis,"Oct 19, 2022",8.62E-05
HSBC appoints Racquel Oden as Head of Wealth and Personal Banking for the US,https://www.businesswire.com/news/home/20230918121302/en/HSBC-appoints-Racquel-Oden-as-Head-of-Wealth-and-Personal-Banking-for-the-US,"Sep 18, 2023",0.000853168
HSBC to Buy Silicon Valley Bank’s UK Subsidiary,https://www.nytimes.com/2023/03/13/business/svb-uk-hsbc-bank.html,"Mar 13, 2023",0.998916268
HSBC to acquire Citi's retail wealth management business in China,https://asia.nikkei.com/Business/Business-deals/HSBC-to-acquire-Citi-s-retail-wealth-management-business-in-China,"Oct 9, 2023",1.60E-05
HSBC Launches Tokenized Gold,https://gfmag.com/banking/hsbc-launches-tokenized-gold/,"Dec 6, 2023",0.000180907
First Citizens sues HSBC for stealing SVB staff and secrets,https://www.scmp.com/business/banking-finance/article/3221492/first-citizens-sues-hsbc-stealing-svb-staff-and-secrets-part-project-colony-scheme,"May 23, 2023",0.000645347
HSBC closes some Muslim groups' accounts,https://www.bbc.com/news/business-28553921,"Jul 30, 2014",8.97E-06
Bring your umbrella to the HSBC Women’s World Championship,https://www.lpga.com/news/2023/bring-your-umbrella-to-the-hsbc-womens-world-championship,"Feb 28, 2023",2.04E-06
HSBC to slash post-Covid office space by 40% as profits drop by a third,https://www.theguardian.com/business/2021/feb/23/hsbc-looks-to-asia-after-profits-plunge-34,"Feb 23, 2021",0.001904934
HSBC suffers online banking cyber-attack,https://www.theguardian.com/money/2016/jan/29/hsbc-online-banking-cyber-attack,"Jan 29, 2016",0.001282287
A record number of gender role models | HSBC news | HSBC Holdings plc,https://www.hsbc.com/news-and-views/news/hsbc-news-archive/a-record-number-of-gender-role-models,"Sep 24, 2020",0.558083594
HSBC launches mental health partnership | HSBC News | HSBC Holdings plc,https://www.hsbc.com/news-and-views/news/hsbc-news-archive/hsbc-launches-mental-health-partnership,"Sep 17, 2019",0.00060495
HSBC hired itself another new digital transformation MD,https://www.efinancialcareers.com/news/2021/08/hsbc-digital-transformation,"Aug 2, 2021",2.38E-05
Stevenson defends his legacy at HSBC,https://www.euromoney.com/article/2avvm38fcn3mkycu51y4g/opinion/stevenson-defends-his-legacy-at-hsbc,"Nov 14, 2022",3.18E-05
HSBC faces greenwashing accusations from UK advertising watchdog,https://www.ft.com/content/6c08ae5f-214f-4a5f-801e-6c849a3e517d,"Apr 28, 2022",3.87E-06
HSBC files show how Swiss bank helped clients dodge taxes and hide millions,https://www.theguardian.com/business/2015/feb/08/hsbc-files-expose-swiss-bank-clients-dodge-taxes-hide-millions,"Feb 8, 2015",4.64E-05
Technology targets financial crime | Views | HSBC Holdings plc,https://www.hsbc.com/news-and-views/views/hsbc-views/technology-targets-financial-crime,"Feb 25, 2019",0.001976223
HSBC 'ignored money laundering warning' in South Africa scandal,https://www.bbc.com/news/business-41835937,"Nov 2, 2017",0.000172581
"HSBC acquires Silicon Valley Bank UK in last-minute deal, says all depositors’ money is safe",https://techcrunch.com/2023/03/13/in-historic-last-minute-deal-hsbc-acquires-silicon-valley-bank-uk-says-all-depositors-money-is-safe/,"Mar 13, 2023",5.65E-05
Careers with HSBC Technology India | HSBC Holdings plc,https://www.hsbc.com/careers/where-we-hire/india/technology,"Oct 3, 2018",0.999832988
"HSBC Appoints Liao, Rosha as Asia Co-CEOs to Replace Wong",https://www.bloomberg.com/news/articles/2021-06-07/hsbc-appoints-liao-rosha-as-co-ceos-of-asia-pacific,"Jun 7, 2021",1.61E-05
HSBC and Wealth | Businesses and customers | HSBC Holdings plc,https://www.hsbc.com/who-we-are/businesses-and-customers/hsbc-and-wealth,"Jun 23, 2023",0.072365202
HSBC Bank Canada Increases Prime Rate,https://finance.yahoo.com/news/hsbc-bank-canada-increases-prime-211800965.html,"Jul 12, 2023",0.000207558
HSBC brings in AI to help spot money laundering,https://www.ft.com/content/b9d7daa6-3983-11e8-8b98-2f31af407cc8,"Apr 8, 2018",3.87E-06
Thousands of HSBC customers in UK unable to access online banking services,https://www.theguardian.com/business/2023/nov/24/thousands-of-hsbc-customers-in-uk-unable-to-access-online-banking-services,"Nov 24, 2023",8.43E-05
HSBC could increase bonuses by $300m this year,https://www.efinancialcareers.com/news/2023/10/hsbc-bonuses-2023,"Oct 30, 2023",0.353788555
HSBC shareholders set to vote on breaking up its Asian business,https://qz.com/shareholders-hsbc-vote-break-up-asia-business-1850404654,"May 4, 2023",0.005318681
"1 in 50 people finds love on an airplane, HSBC study claims",https://www.cnn.com/travel/article/fall-in-love-airplane/index.html,"Aug 30, 2018",5.55E-07
HSBC buys Silicon Valley Bank UK | HSBC news | HSBC Holdings plc,https://www.hsbc.com/news-and-views/news/hsbc-news-archive/hsbc-buys-silicon-valley-bank-uk,"Mar 14, 2023",0.072365202
"Telegraph's Peter Oborne resigns, saying HSBC coverage a 'fraud on readers'",https://www.theguardian.com/media/2015/feb/17/peter-oborne-telegraph-hsbc-coverage-fraud-readers,"Feb 17, 2015",5.30E-05
How HSBC regained its mantle as Asia's best bank,https://www.euromoney.com/article/2c2d5rv7s0bzgh1fspxxc/banking/how-hsbc-regained-its-mantle-as-the-regions-best-bank,"Aug 16, 2023",1.54E-06
How high are HSBC's Hong Kong relocation packages?,https://www.efinancialcareers.com/news/2021/04/hsbc-relocation-package,"Apr 21, 2021",8.29E-06
HSBC and StanChart publicly back China's Hong Kong security law,https://www.ft.com/content/213c0e2c-f1c7-4637-a0b9-4c3f72709d52,"Jun 3, 2020",3.87E-06
Citi to sell its China wealth management portfolio to HSBC,https://www.bankingdive.com/news/citi-sell-china-wealth-management-portfolio-hsbc/696007/,"Oct 9, 2023",0.003743377
HSBC holds informal meeting with Hong Kong shareholders | HSBC News,https://www.hsbc.com/news-and-views/news/hsbc-news-archive/hsbc-holds-informal-meeting-with-hong-kong-shareholders,"Aug 2, 2022",0.99999845
HSBC's Stuart Gulliver Swiss Bank Account Scandal Treasury Select,https://www.businessinsider.com/hsbcs-stuart-gulliver-swiss-bank-account-scandal-treasury-select-2015-2,"Feb 25, 2015",3.61E-05
'World-first': HSBC trials tool to deter quantum-powered cyber attacks,https://interestingengineering.com/innovation/hsbc-trial-protect-transactions-quantum-attacks,"Dec 7, 2023",8.01E-06
Woman loses life savings after falling for HSBC text scam,https://nypost.com/2023/12/14/news/woman-loses-life-savings-after-falling-for-hsbc-text-scam/?jw_start=%7Bseek_to_second_number%7D,"Dec 14, 2023",2.40E-05
HSBC to move out of Canary Wharf headquarters due to hybrid working,https://www.theguardian.com/business/2023/jun/26/hsbc-to-move-to-smaller-city-of-london-headquarters-due-to-hybrid-working,"Jun 26, 2023",1.55E-05
"HSBC to Sell Retail, Business Bank Units in Mauritius",https://www.bloomberg.com/news/articles/2023-11-13/hsbc-to-sell-retail-wealth-businesses-in-mauritius-to-absa,"Nov 13, 2023",0.000588887
HSBC to launch $2bn share buyback after profit boost from interest rates,https://www.ft.com/content/efb868a1-cf83-4966-9bf0-ee7dd1b29644,"Aug 1, 2023",3.87E-06
HSBC to trial IBM quantum computers in banking,https://www.uktech.news/deep-tech/hsbc-ibm-quantum-computer-20220401,"Apr 1, 2022",0.999858737
How HSBC got stuck between Beijing's new Hong Kong law and a hard place,https://fortune.com/2020/06/04/hsbc-hong-kong-china-law-peter-wong/,"Jun 3, 2020",2.10E-05
"As HSBC quits and hybrid working stays, is this the end for Canary Wharf?",https://www.theguardian.com/artanddesign/2023/jul/01/hsbc-quits-canary-wharf-hybrid-working-london-docklands,"Jul 1, 2023",5.35E-06
"Wells Fargo, HSBC to Settle Forex Transactions Using Blockchain",https://www.coindesk.com/business/2021/12/13/wells-fargo-hsbc-to-settle-forex-transactions-using-blockchain/,"Dec 13, 2021",8.22E-07
Top 9 Checking Accounts for US Expats Living Abroad,https://www.investopedia.com/articles/personal-finance/053116/top-10-checking-accounts-us-expats-living-abroad-cof-schw.asp,"Mar 25, 2017",0.013181676
Didi Scott | Head of Risk for Retail Banking | HSBC,https://www.hsbc.com/careers/life-at-hsbc/meet-our-people/didi-scott-retail-banking,"Nov 15, 2022",3.09E-05
Richard Ayoade drops the 'F bomb' in HSBC's latest TV spot,https://www.campaignlive.com/article/richard-ayoade-drops-f-bomb-hsbcs-latest-tv-spot/1814887,"Mar 1, 2023",0.003932379
Taylan Turan HSBC discusses HSBC international targets,https://www.retailbankerinternational.com/features/taylan-turan-hsbc-discusses-hsbc-plans-to-target-90-million-customers-10-key-markets/,"May 26, 2023",0.001411377
The Royal Canadian Legion and HSBC Bank Give Iconic Poppy Box a Modern Makeover | LBBOnline,https://lbbonline.com/news/the-royal-canadian-legion-and-hsbc-bank-give-iconic-poppy-box-a-modern-makeover,"Oct 27, 2020",8.02E-06
HSBC Routing Number: Easy Access,https://www.gobankingrates.com/banking/banks/hsbc-routing-number/,"Apr 29, 2020",2.65E-06
Five Things to Know About the HSBC Women’s World Championship,https://www.lpga.com/news/2023/five-things-to-know-about-the-hsbc-womens-world-championship,"Feb 28, 2023",0.000229295
"HSBC sale to RBC 'a sad day for Canadian mortgage consumers,' expert says",https://www.cbc.ca/news/business/rbc-takeover-hsbc-1.7067519,"Dec 22, 2023",0.056065723
Customers furious after HSBC down for more than 24 hours,https://www.bbc.co.uk/news/technology-67514068,"Nov 25, 2023",3.62E-05
HSBC swoops in to rescue UK arm of Silicon Valley Bank,https://www.bbc.co.uk/news/business-64937251,"Mar 13, 2023",0.012440715
HSBC climate change adverts banned by UK watchdog,https://www.bbc.co.uk/news/business-63309878,"Oct 19, 2022",0.000280901
HSBC fined £64m for anti-money laundering failings,https://www.bbc.co.uk/news/business-59689581,"Dec 17, 2021",0.00018446