title,link,date,sentiment_score
The American Home Dream in Today’s Economy,https://www.jpmorgan.com/insights/real-estate/housing-market/the-american-homeowners-dream-vs-recent-reality,"Dec 7, 2023",6.898815627209842e-05
JPMorgan Among Winners as Latin American Wealth Flocks to Miami,https://www.bloomberg.com/news/articles/2023-12-19/jpmorgan-brazil-banks-gain-as-wealth-from-latin-americans-flocks-to-miami-jpm,"Dec 19, 2023",0.9999908208847046
"US tariffs on China could cost American households $1,000 per year, JPMorgan says",https://www.cnn.com/2019/08/20/business/tariffs-cost-trade-war-consumers/index.html,"Aug 20, 2019",0.004653050564229488
AgTech in Latin America: Small-scale solutions in a large-scale transformation,https://privatebank.jpmorgan.com/latam/en/insights/markets-and-investing/agtech-in-latin-america-small-scale-solutions-in-a-large-scale-transformation,"Aug 12, 2022",5.711397898267023e-05
JPMorgan Chase nears historic $4 trillion of assets. Is that good?,https://www.americanbanker.com/news/jpmorgan-chase-nears-historic-4-trillion-of-assets-is-that-good,"Nov 8, 2023",0.9974716901779175
The climate opportunity: Getting ahead of Latin America's net-zero transition,https://privatebank.jpmorgan.com/latam/en/insights/markets-and-investing/the-climate-opportunity-getting-ahead-of-latin-americas-net-zero-transition,"Apr 15, 2022",4.806754986930173e-06
From the notebook to the cloud: How EdTech is revolutionizing learning in Latin America,https://privatebank.jpmorgan.com/nam/en/insights/markets-and-investing/from-the-notebook-to-the-cloud-how-edtech-is-revolutionizing-learning-in-latin-america,"Mar 15, 2023",5.711397898267023e-05
JPMorgan Chase says it's running out of branches to close,https://www.americanbanker.com/news/jpmorgan-chase-says-its-running-out-of-branches-to-close,"Dec 5, 2023",4.5453602069756016e-05
"JPMorgan Chase, FDIC put an end to First Republic's slow bleed",https://www.americanbanker.com/news/with-first-republic-on-the-brink-all-eyes-are-on-uninsured-deposits,"May 1, 2023",0.004487994126975536
"JPMorgan Chase, American Homes 4 Rent plan to build thousands of single-family rental homes",https://www.housingwire.com/articles/jpmorgan-chase-american-homes-4-rent-plan-to-build-thousands-of-single-family-rental-homes/,"May 14, 2020",0.002821865724399686
"B of A, JPMorgan, Wells, Amex launch vendor management firm",https://www.americanbanker.com/news/b-of-a-jpmorgan-wells-amex-launch-vendor-management-firm,"Nov 14, 2017",0.0004721950099337846
How JPMorgan is developing an internet of money,https://www.americanbanker.com/news/how-jpmorgan-is-developing-an-internet-of-money,"Jul 25, 2022",5.34136097485316e-06
From rising star to center stage: JPMorgan Chase's Thasunda Duckett,https://www.americanbanker.com/news/from-rising-star-to-center-stage-jpmorgan-chases-thasunda-duckett,"Oct 3, 2019",0.007830129005014896
When will the crisis in U.S. housing affordability end—and how?,https://privatebank.jpmorgan.com/nam/en/insights/markets-and-investing/ideas-and-insights/when-will-the-crisis-in-US-housing-affordability-end-and-how,"Nov 14, 2023",5.627452628687024e-05
JPMorgan Chase gets First Republic's wealth clients. Can it keep them?,https://www.americanbanker.com/news/jpmorgan-chase-gets-first-republics-wealth-clients-can-it-keep-them,"May 1, 2023",0.9720582365989685
JPMorgan American's Parton announces retirement while trust reports tough start to 2022,https://quoteddata.com/2022/08/jpmorgan-americans-parton-announced-retirement-trust-reports-tough-start-2022/,"Aug 24, 2022",0.0032611910719424486
Zelle outage at JPMorgan Chase is red flag for banks,https://www.americanbanker.com/news/zelle-outage-at-jpmorgan-chase-is-red-flag-for-banks,"Jul 27, 2023",0.00025597569765523076
JPMorgan warns capital rules could take economic toll,https://www.americanbanker.com/news/jpmorgan-warns-capital-rules-could-take-economic-toll,"Jul 14, 2023",0.03539145365357399
"The Most Powerful Woman in Finance: Mary Callahan Erdoes, JPMorgan Chase",https://www.americanbanker.com/news/the-most-powerful-woman-in-finance-2023-mary-callahan-erdoes-jpmorgan-chase,"Sep 27, 2023",0.9911569356918335
A breach from within: Why JPMorgan fired lead security staffer,https://www.americanbanker.com/news/a-breach-from-within-why-jpmorgan-fired-lead-security-staffer,"Apr 19, 2018",1.803357918106485e-05
"JPMorgan Chase accused of de-banking, defaming a Florida business",https://www.americanbanker.com/news/jpmorgan-chase-accused-of-de-banking-defaming-a-florida-business,"Nov 20, 2023",0.0013586838031187654
JPMorgan sees Viva Wallet investment as building block in Europe,https://www.americanbanker.com/payments/news/jpmorgan-sees-viva-wallet-investment-as-building-block-in-europe,"Jan 26, 2022",0.00025695344083942473
J.P. Morgan Chase EEOC Complaint,https://www.aclu.org/cases/jp-morgan-chase-eeoc-complaint,"Jun 15, 2017",0.00014790339628234506
"American Express, Bank of America, JPMorgan Chase and Wells Fargo Form Industry Consortium to Transform Third ...",https://www.prnewswire.com/news-releases/american-express-bank-of-america-jpmorgan-chase-and-wells-fargo-form-industry-consortium-to-transform-third-party-risk-management-300555177.html,"Nov 14, 2017",0.9768661856651306
Latin America Payment Trends,https://www.jpmorgan.com/payments/four-trends-latin-america,"Mar 28, 2022",0.9999916553497314
Dimon's big pay package gets thumbs-down from JPMorgan shareholders,https://www.americanbanker.com/news/dimons-big-pay-package-gets-thumbs-down-from-jpmorgan-shareholders,"May 17, 2022",1.7543577996548265e-05
How JPMorgan is using blockchain to make B2B payments 'programmable',https://www.americanbanker.com/payments/news/how-jpmorgan-is-using-blockchain-to-make-b2b-payments-programmable,"Nov 10, 2023",0.0048561105504632
"Profits soar at JPMorgan, Wells Fargo as they defy deposit pressures",https://www.americanbanker.com/news/profits-soar-at-jpmorgan-wells-fargo-as-they-defy-deposit-pressures,"Oct 13, 2023",0.8143609762191772
From timber to restaurant guides: JPMorgan Chase's eclectic acquisitions,https://www.americanbanker.com/list/from-timber-to-restaurant-guides-jpmorgan-chases-eclectic-acquisitions,"Sep 17, 2021",0.001264401595108211
JPMorgan exec says 'Wall Street 2.0' will be better for women,https://www.americanbanker.com/news/jpmorgan-exec-says-wall-street-2-0-will-be-better-for-women,"Oct 3, 2023",0.00030373502522706985
Can JPMorgan Chase's JPM Coin knock off Ripple and Swift?,https://www.americanbanker.com/news/can-jpmorgan-chases-jpm-coin-knock-off-ripple-and-swift,"Feb 14, 2019",7.88150355219841e-05
The Most Powerful Woman in Finance: JPMorgan Chase's Mary Callahan Erdoes,https://www.americanbanker.com/news/the-most-powerful-woman-in-finance-jpmorgan-chases-mary-callahan-erdoes,"Oct 5, 2022",0.9997788071632385
JPMorgan Chase opens second virtual call center in Baltimore,https://afro.com/jpmorgan-chase-opens-second-virtual-call-center-in-baltimore-2/,"Nov 25, 2023",0.023307843133807182
"JPMorgan Chase, RBC, Citi score high on Evident's AI maturity index",https://www.americanbanker.com/news/jpmorgan-chase-rbc-citi-score-high-on-evidents-ai-maturity-index,"Sep 14, 2023",0.8888234496116638
JPMorgan Gets Back Into the Electricity Business,https://prospect.org/power/jpmorgan-gets-back-into-the-electricity-business/,"Oct 9, 2019",1.5740070011815988e-05
JPMorgan Chase discloses multiple investigations by U.S. regulators,https://www.americanbanker.com/news/jpmorgan-chase-discloses-multiple-investigations-by-u-s-regulators,"Nov 2, 2023",8.846626587910578e-05
JPMorgan Chase launches bank account for kids,https://www.americanbanker.com/news/jpmorgan-chase-launches-bank-account-for-kids,"Oct 13, 2020",3.286818537162617e-05
JPMorgan Chase offers faster paychecks to battle inflation,https://www.americanbanker.com/payments/news/jpmorgan-chase-offers-faster-paychecks-to-battle-inflation,"Oct 24, 2022",0.00017019733786582947
JPMorgan Chase using ChatGPT-like large language models to detect fraud,https://www.americanbanker.com/news/jpmorgan-chase-using-chatgpt-like-large-language-models-to-detect-fraud,"Jul 3, 2023",9.735180356074125e-05
"Most Powerful Women in Finance: Joyce Chang, J.P. Morgan",https://www.americanbanker.com/news/most-powerful-women-in-finance-joyce-chang-j-p-morgan,"Sep 28, 2020",0.006120241712778807
"Most Powerful Women in Banking: No. 9, Stacey Friedman, JPMorgan Chase",https://www.americanbanker.com/news/most-powerful-women-in-banking-no-9-stacey-friedman-jpmorgan-chase,"Oct 5, 2022",0.0002641724713612348
How JPMorgan Chase and other banks plan to use quantum computing,https://www.americanbanker.com/news/how-jp-morgan-chase-and-other-banks-plan-to-use-quantum-computing,"Sep 22, 2022",0.015938539057970047
"AI adoption, JPMorgan Chase misstep: Most-read tech stories of 2023",https://www.americanbanker.com/list/ai-adoption-jpmorgan-chase-misstep-most-read-tech-stories-of-2023,"Dec 15, 2023",0.022638246417045593
"Most Powerful Women in Banking: No. 2, Marianne Lake, JPMorgan Chase",https://www.americanbanker.com/news/most-powerful-women-in-banking-no-2-marianne-lake-jpmorgan-chase,"Oct 5, 2022",0.8822838068008423
"A year after shareholders' rebuke, JPMorgan rebuilds support for executive pay",https://www.americanbanker.com/news/a-year-after-shareholders-rebuke-jpmorgan-rebuilds-support-for-executive-pay,"May 16, 2023",0.00026212757802568376
'A huge mistake': Lessons from the JPMorgan-Frank fintech deal,https://www.americanbanker.com/news/a-huge-mistake-lessons-from-the-jpmorgan-frank-fintech-deal,"Jan 27, 2023",0.00021182000637054443
"Banks clear CCAR stress test — though JPMorgan Chase, Capital One barely",https://www.americanbanker.com/news/banks-clear-ccar-stress-test-though-jpmorgan-chase-capital-one-barely,"Jun 27, 2019",0.004754726774990559
American consumers still haven’t run out pandemic savings,https://fortune.com/2023/07/19/economy-recession-jpmorgan-american-consumers-pandemic-savings/,"Jul 19, 2023",0.010392147116363049
JPMorgan spies opportunities in recent industry turmoil,https://www.americanbanker.com/news/jpmorgan-spies-opportunities-in-recent-industry-turmoil,"May 22, 2023",0.0006706957356072962
JPMorgan and Goldman handed mall stakes after American Dream turns sour,https://www.ft.com/content/db492235-8c60-4286-bb08-77f6c7140ed1,"Mar 26, 2021",3.8700050026818644e-06
Wells Fargo hires another JPMorgan alum to head wealth management,https://www.americanbanker.com/news/wells-fargo-hires-another-jpmorgan-alum-to-head-wealth-management,"Jun 17, 2020",1.7085416402551346e-05
JPMorgan Chase ranks No. 1 in customer satisfaction: J.D. Power,https://www.americanbanker.com/news/jpmorgan-chase-ranks-no-1-in-customer-satisfaction-jd-power,"Sep 27, 2018",0.005215521436184645
JPMorgan's outlook for 2020: More pain ahead,https://www.americanbanker.com/news/jpmorgans-outlook-for-2020-more-pain-ahead,"Apr 14, 2020",0.001448170398361981
JPMorgan Chase closes 14 First Republic branches in California,https://www.americanbanker.com/news/jpmorgan-chase-closes-14-first-republic-branches-in-california,"Sep 22, 2023",2.4091880277410382e-06
"New JPMorgan CIOs, an Ally exit, Amalgamated's heir: People moves this week",https://www.americanbanker.com/list/new-jpmorgan-cios-an-ally-exit-amalgamateds-heir-people-moves-this-week,"May 13, 2021",0.003231045790016651
Women in Banking Top Team for 2018: JPMorgan Chase,https://www.americanbanker.com/news/women-in-banking-top-teams-2018-jpmorgan-chase,"Sep 23, 2018",2.0512759874691255e-05
JPMorgan Chase moving retail bank's core system to cloud,https://www.americanbanker.com/news/jpmorgan-chase-moving-retail-banks-core-system-to-cloud,"Sep 21, 2021",0.418956458568573
JPMorgan Chase builds payments 'app store' with Salesforce,https://www.americanbanker.com/payments/news/jpmorgan-chase-builds-payments-app-store-with-salesforce,"Jun 6, 2023",0.00012751547910738736
Alicia Wilson joins JPMorgan Chase as head of North America philanthropy,https://afro.com/alicia-wilson-joins-jpmorgan-chase-as-head-of-north-america-philanthropy/,"Dec 7, 2022",0.7447286248207092
"MidWestOne acquires Denver Bankshares, leadership changes at JPMorgan",https://www.americanbanker.com/list/midwestone-acquires-denver-bankshares-leadership-changes-at-jpmorgan,"Sep 29, 2023",2.4556255084462464e-05
"JPMorgan expands mortgage assistance in Black, Hispanic communities",https://www.americanbanker.com/news/jpmorgan-expands-mortgage-assistance-in-black-hispanic-communities,"Jun 29, 2023",2.94133151328424e-05
Wells Fargo hires another JPMorgan exec as shake-up continues,https://www.americanbanker.com/news/wells-fargo-hires-another-jpmorgan-exec-as-shakeup-continues,"Feb 11, 2020",1.6335498003172688e-05
