title,link,date,sentiment_score
Lancashire's growth continues but cat losses again hit third-party capital income,https://www.artemis.bm/news/lancashires-growth-continues-but-cat-losses-again-hit-third-party-capital-income/,"Feb 10, 2023",0.9999992847442627
"Lancashire to expand into hard market, venture into casualty lines: CEO & CUO",https://www.reinsurancene.ws/lancashire-to-expand-into-hard-market-venture-into-casualty-lines-ceo-cuo/,"Jul 29, 2020",0.00027507831691764295
Lancashire Insurance credit ratings upgraded by AM Best,https://www.insurancebusinessmag.com/us/news/reinsurance/lancashire-insurance-credit-ratings-upgraded-by-am-best-470563.aspx,"Dec 18, 2023",0.9999995231628418
Lancashire Holdings reports strong premium growth for Q4 2022,https://www.insurancebusinessmag.com/uk/news/breaking-news/lancashire-holdings-reports-strong-premium-growth-for-q4-2022-435931.aspx,"Feb 10, 2023",0.9999223947525024
Bryan Joseph joins Lancashire Holdings as Non Exec Director,https://www.reinsurancene.ws/bryan-joseph-joins-lancashire-holdings-as-non-exec-director/,"Apr 28, 2023",0.009289165027439594
Lancashire posts financial results for first nine months of 2023,https://www.insurancebusinessmag.com/uk/news/breaking-news/lancashire-posts-financial-results-for-first-nine-months-of-2023-466207.aspx,"Nov 10, 2023",0.9999998807907104
Lancashire sees GWP grow 23.2% as insurance revenue breaches $1bn,https://www.reinsurancene.ws/lancashire-sees-gwp-grow-23-2-as-insurance-revenue-breaches-1bn/,"Nov 9, 2023",1.0
Lancashire appoints Argo’s Alison Gaudette as Group Sustainability Manager,https://www.reinsurancene.ws/lancashire-appoints-argos-alison-gaudette-as-group-sustainability-manager/,"Apr 4, 2023",0.009408071637153625
Lancashire to appoint Philip Broadley as Chair and Non-Exec Director,https://www.reinsurancene.ws/lancashire-to-appoint-philip-broadley-as-chair-and-non-exec-director/,"Nov 9, 2023",0.0001163161505246535
"Lancashire grows reinsurance premiums by 50%, improves underwriting",https://www.reinsurancene.ws/lancashire-grows-reinsurance-premiums-by-50-improves-underwriting/,"Feb 10, 2023",0.9999995231628418
Johnston to succeed Whelan as CEO of Lancashire Insurance Company,https://www.reinsurancene.ws/johnston-to-succeed-whelan-as-ceo-of-lancashire-insurance-company/,"Nov 7, 2019",2.675937685125973e-05
AM Best revises Lancashire long-term ICR outlook to stable from negative,https://www.insuranceinsider.com/article/2ckswnlqhciezpvk9y6tc/bermuda-section/am-best-revises-lancashire-long-term-icr-outlook-to-stable-from-negative,"Dec 13, 2023",1.1103976248705294e-05
Lancashire indicates a change in property cat strategy,https://www.reinsurancene.ws/lancashire-indicates-a-change-in-property-cat-strategy/,"Oct 12, 2022",0.9931509494781494
Lancashire expects positive rate environment to persist as H1 2023 GPW rises 26%,https://www.reinsurancene.ws/lancashire-expects-positive-rate-environment-to-persist-as-h1-2023-gpw-rises-26/,"Aug 10, 2023",0.9999998807907104
"Lancashire sees continued rate improvements, to rebrand Kinesis at 1/1",https://www.artemis.bm/news/lancashire-sees-continued-rate-improvements-to-rebrand-kinesis-at-1-1/,"Nov 7, 2019",0.9996614456176758
Paul Gregory to take on interim CEO role at Lancashire Capital Management,https://www.artemis.bm/news/paul-gregory-to-take-on-interim-ceo-role-at-lancashire-capital-management/,"Nov 4, 2021",5.824967502121581e-06
"Investors want to see more, before capital flows into reinsurance: Lancashire execs",https://www.artemis.bm/news/investors-want-to-see-more-before-capital-flows-into-reinsurance-lancashire-execs/,"Aug 14, 2023",0.0029086084105074406
Lancashire pegs Q3 nat cat & political violence losses at up to $225m,https://www.artemis.bm/news/lancashire-pegs-q3-nat-cat-political-violence-losses-at-up-to-225m/,"Oct 21, 2021",0.9823533296585083
Lancashire appoints John Gressier as a Non-Executive Director,https://www.reinsurancene.ws/lancashire-appoints-john-gressier-as-a-non-executive-director/,"Jul 27, 2022",3.2259387808153406e-05
"Hurricane Ian loss ""within expectations"" at $160m-$190m: Lancashire CEO",https://www.artemis.bm/news/hurricane-ian-loss-within-expectations-at-160m-190m-lancashire-ceo/,"Nov 3, 2022",0.9999998807907104
Lancashire moves supervisory and tax domiciles from UK to Bermuda,https://www.reinsurancene.ws/lancashire-moves-supervisory-and-tax-domiciles-from-uk-to-bermuda/,"Mar 13, 2019",8.031797733565327e-06
Lancashire confirms $50mn share buyback programme,https://www.theinsurer.com/news/lancashire-confirms-50mn-share-buyback-programme/,"Nov 22, 2023",1.3988367300044047e-06
Lancashire encouraged by improved discipline and pricing,https://www.reinsurancene.ws/lancashire-encouraged-by-improved-discipline-and-pricing/,"Jul 25, 2019",0.9999972581863403
Lancashire adds Bryan Joseph of Vario Partners as non-exec director,https://www.artemis.bm/news/lancashire-adds-bryan-joseph-of-vario-partners-as-non-exec-director/,"May 3, 2023",0.5927369594573975
Lancashire to launch US operation under Jones to access new business,https://www.insuranceinsider.com/article/2c01vk3owr6yhya9kddz4/global-insurers-section/lancashire-to-launch-us-operation-in-2024-under-jones-to-access-new-business,"Aug 1, 2023",1.1103976248705294e-05
Lancashire to write post-Brexit business through Lloyd’s Brussels,https://www.reinsurancene.ws/lancashire-to-write-post-brexit-business-through-lloyds-brussels/,"Feb 15, 2019",2.1103134713484906e-05
"CEO, CFO of Lloyd's of London underwriter to step down","https://www.businessinsurance.com/article/00010101/NEWS06/151219934/CEO,-CFO-of-Lloyds-of-London-underwriter-to-step-down-","Dec 14, 2015",0.9930049777030945
Cat hardening to continue even if hurricane season is kind: Lancashire CEO,https://www.artemis.bm/news/cat-hardening-to-continue-even-if-hurricane-season-is-kind-lancashire-ceo/,"Jul 27, 2022",0.9984074234962463
Lancashire expects continued risk pricing improvements: CEO Maloney,https://www.artemis.bm/news/lancashire-expects-continued-risk-pricing-improvements-ceo-maloney/,"Apr 30, 2020",0.9895408749580383
Lancashire Insurance Group makes four new appointments,https://www.reinsurancene.ws/lancashire-insurance-group-makes-four-new-appointments/,"Nov 23, 2022",5.305825652612839e-06
"Kinesis, re-engineered at higher attachment points, sees opportunity in 2020",https://www.artemis.bm/news/kinesis-re-engineered-at-higher-attachment-points-sees-opportunity-in-2020/,"Nov 14, 2019",0.0016405476490035653
Lancashire's Maloney: 2020 is not 'best market ever seen',https://www.insuranceinsider.com/article/2876pz9tlh932chasrzeo/lancashires-maloney-2020-is-not-best-market-ever-seen,"Jul 29, 2020",1.1103976248705294e-05
Lancashire reports highest-ever Q1 GWP at $586mn,https://www.insuranceinsider.com/article/2bl6yykmdwl8hogzbvtvk/global-insurers-section/lancashire-reports-highest-ever-q1-gwp-at-586mn,"Apr 27, 2023",1.1103976248705294e-05
Lancashire appoints James Irvine as new CUO for reinsurance,https://www.reinsurancene.ws/lancashire-appoints-james-irvine-as-new-cuo-for-reinsurance/,"Jun 21, 2022",1.846389022830408e-05
War losses counted by Lancashire Holdings,https://www.royalgazette.com/international-business/business/article/20220428/war-losses-counted-by-lancashire-holdings/,"Apr 29, 2022",0.9995280504226685
Aeolus names Lancashire's Andy Richardson as a Portfolio Manager,https://www.reinsurancene.ws/aeolus-names-lancashires-andy-richardson-as-a-portfolio-manager/,"Apr 6, 2021",0.05543970689177513
Clarke ready to share the wisdom of Man,https://www.ft.com/content/225fc950-d660-11e5-8887-98e7feb46f27,"Feb 18, 2016",3.8700050026818644e-06
"Did the ILS market grow at the wrong time? - Redhead, Lancashire",https://www.artemis.bm/news/did-the-ils-market-grow-at-the-wrong-time-redhead-lancashire/,"Sep 24, 2020",0.00010441517952131107
Lancashire announces promotions,https://www.royalgazette.com/re-insurance/business/article/20180911/lancashire-announces-promotions/,"Sep 11, 2018",2.5840561193035683e-06
Lancashire premium growth rises 22% as cat underwriting surges,https://www.royalgazette.com/re-insurance/business/article/20230428/lancashire-premium-growth-rises-22-as-cat-underwriting-surges/,"Apr 28, 2023",1.0
Lancashire Syndicates CEO Woolley to depart for AIG,https://www.insuranceinsider.com/article/2a474mgfs7yc8764fw4xs/london-market-section/lancashire-syndicates-ceo-woolley-to-depart-for-aig,"May 19, 2022",1.1103976248705294e-05
Lancashire's Bermuda CEO to retire,https://www.royalgazette.com/re-insurance/business/article/20190527/lancashires-bermuda-ceo-to-retire/,"May 27, 2019",0.9996981620788574
Re-positioned Lancashire grows premium base,https://www.royalgazette.com/re-insurance/business/article/20210802/re-positioned-lancashire-grows-premium-base/,"Aug 3, 2021",0.9999977350234985
Lancashire CEO Brindle announces retirement,https://www.royalgazette.com/re-insurance/business/article/20140416/lancashire-ceo-brindle-announces-retirement/,"Apr 16, 2014",0.994522213935852
Lancashire founder's new insurance company Fidelis secures $1.5bn from investors,https://www.insurancetimes.co.uk/lancashire-founders-new-insurance-company-fidelis-secures-15bn-from-investors/1414257.article,"Jun 10, 2015",0.9842531085014343
Lancashire names Peter Clarke as chairman | News,https://www.insurancetimes.co.uk/lancashire-names-peter-clarke-as-chairman/1417405.article,"Feb 17, 2016",0.00013585525448434055
Irene McDermott Brown joins Lancashire board,https://www.royalgazette.com/re-insurance/business/article/20210430/irene-mcdermott-brown-joins-lancashire-board/,"Apr 30, 2021",4.309546056902036e-05
Lancashire gives retired CEO Brindle a $10m 'thank you',https://www.royalgazette.com/re-insurance/business/article/20140725/lancashire-gives-retired-ceo-brindle-a-10m-thank-you/,"Jul 25, 2014",0.00020174411474727094
West Lancashire Group become an Official Club Partner for Town,https://www.fleetwoodtownfc.com/commercial-news/commercial-west-lancashire-group/,"Dec 22, 2021",0.00012772307673003525
Stevenson Seacombe Partnership buys Whitefield Insurance | Insurance Business UK,https://www.insurancebusinessmag.com/uk/news/mergers-acquisitions/stevenson-seacombe-partnership-buys-whitefield-insurance-452217.aspx,"Jul 11, 2023",0.003320546355098486
