title,link,date,sentiment_score
Corporate website | Legal & General,https://group.legalandgeneral.com/en,"Dec 16, 2021",0.9992372989654541
Legal & General customers can continue to invest in their future thanks to Microsoft Teams,https://news.microsoft.com/en-gb/2020/09/01/legal-general-customers-can-continue-to-invest-in-their-future-thanks-to-microsoft-teams/,"Sep 1, 2020",4.949560207023751e-06
Worsening life expectancy drives Legal & General profit rise,https://www.theguardian.com/business/2018/mar/07/worsening-life-expectancy-drives-legal-general-profit-rise,"Mar 8, 2018",0.38566312193870544
Latest news | Legal & General,https://group.legalandgeneral.com/en/newsroom,"Dec 16, 2021",0.00013163474795874208
Legal & General looks to expand in US,https://www.ft.com/content/a8869d68-c56c-11e7-a1d2-6786f39ef675,"Nov 19, 2017",3.8700050026818644e-06
Mark Holweger | Legal & General,https://group.legalandgeneral.com/en/people/mark-holweger,"Jan 12, 2022",9.09189839148894e-06
"Investors: financial reports, results & dividend history | Legal & General",https://group.legalandgeneral.com/en/investors,"Oct 20, 2021",0.9992372989654541
Legal & General agrees £4.8bn full buy-in for Boots Pension Scheme,https://www.reinsurancene.ws/legal-general-agrees-4-8bn-full-buy-in-for-boots-pension-scheme/,"Nov 24, 2023",0.9110264182090759
"George L. Palms, Jr. | Legal & General",https://group.legalandgeneral.com/en/people/george-l-palms-jr,"Dec 18, 2021",5.525964661501348e-05
Legal & General commits up to $100 million to ImpactA Global to address critical sustainable infrastructure deficit in ...,https://group.legalandgeneral.com/en/newsroom/press-releases/legal-general-commits-up-to-100-million-to-impacta-global-to-address-critical-sustainable-infrastructure-deficit-in-emerging-markets,"Oct 3, 2023",0.0007653515785932541
U.S. gig economy workers research | Legal & General,https://group.legalandgeneral.com/en/u-s-gig-economy-workers-research,"Jan 6, 2023",3.0716189939994365e-05
Legal and General’s ‘sensitive claims’ unit showed little sympathy,https://www.theguardian.com/money/2021/aug/04/legal-and-generals-sensitive-claims-unit-showed-little-sympathy,"Aug 4, 2021",9.560461330693215e-05
Legal & General to Jeff Bezos: drop dead,https://www.ft.com/content/5191d044-c36f-4385-989f-2cba3a5ba024,"May 24, 2022",3.8700050026818644e-06
Jason Shoup | Legal & General,https://group.legalandgeneral.com/en/people/jason-shoup,"Oct 13, 2023",3.4588429116411135e-06
"Ancora L&G launches Providence, Rhode Island construction | Legal & General",https://group.legalandgeneral.com/en/newsroom/press-releases/ancora-l-g-one-year-in-providence-rhode-island-construction-launches,"Aug 16, 2023",3.324313638586318e-06
Legal & General’s claim delays are adding to my trauma after brain surgery,https://www.theguardian.com/money/2023/feb/08/legal-generals-claim-delays-are-adding-to-my-trauma-after-brain-surgery,"Feb 8, 2023",6.204667442943901e-05
Our strategy | Legal & General,https://group.legalandgeneral.com/en/about-us/our-strategy,"Oct 22, 2021",0.9999998807907104
Social impact toolkit for real estate investments | Legal & General,https://group.legalandgeneral.com/en/our-purpose/future-proofing-society/measuring-the-social-impact-of-our-real-assets,"Nov 20, 2023",0.9962490200996399
Legal & General investment chief bets on UK recession,https://www.ft.com/content/5b407e75-937b-4ec6-9187-b0747c651a5e,"Jul 20, 2023",3.8700050026818644e-06
Legal & General faces pivotal moment under new boss,https://www.ft.com/content/435754ba-fcef-40dc-84f7-ecff51d983eb,"Dec 27, 2023",3.8700050026818644e-06
Legal & General chief executive Nigel Wilson to retire,https://www.ft.com/content/c13f1f5c-9c97-40b6-90b6-cd5c632ee94a,"Jan 29, 2023",3.8700050026818644e-06
Retirement Options,https://www.legalandgeneral.com/retirement/,"Jan 18, 2017",0.02948836423456669
Emiel van den Heiligenberg | Legal & General,https://group.legalandgeneral.com/en/people/emiel-van-den-heiligenberg,"Dec 18, 2021",0.9992372989654541
Legal & General moves to reassure investors over pension fund turmoil,https://www.ft.com/content/a56e8df6-ab95-4bef-9322-49d79e0ffc63,"Oct 4, 2022",3.8700050026818644e-06
George Lewis | Legal & General,https://group.legalandgeneral.com/en/people/george-lewis,"Oct 24, 2021",0.9992372989654541
What is 'place based' impact investing? | Legal & General,https://group.legalandgeneral.com/en/our-purpose/future-proofing-society/what-is-place-based-impact-investing,"Feb 15, 2023",0.8757405281066895
Legal & General agrees £430m buy-in with the Tioxide Pension Fund | Legal & General,https://group.legalandgeneral.com/en/newsroom/press-releases/legal-general-agrees-430m-buy-in-with-the-tioxide-pension-fund,"Jan 24, 2023",0.03435209393501282
Raju Seetharaman | Legal & General,https://group.legalandgeneral.com/en/people/raju-seetharaman,"Oct 17, 2023",0.03404059261083603
Diversity and inclusion (D&I) | Legal & General,https://group.legalandgeneral.com/en/sustainability/diversity-and-inclusion-d-i,"Dec 21, 2022",0.9999977350234985
"Women left with half the pension pot, no matter the job | Legal & General",https://group.legalandgeneral.com/en/newsroom/press-releases/women-left-with-half-the-pension-pot-no-matter-the-job,"Nov 24, 2022",2.9657096547452966e-06
Legal & General completes £570 million buy-in with Deutsche Bank pension scheme | Legal & General,https://group.legalandgeneral.com/en/newsroom/press-releases/legal-general-completes-570-million-buy-in-with-deutsche-bank-pension-scheme,"Oct 20, 2021",0.01552093867212534
Bernie Hickman | Legal & General,https://group.legalandgeneral.com/en/people/bernie-hickman,"Oct 20, 2021",5.6711160141276196e-06
Legal & General sells its personal investing business to Fidelity,https://www.theguardian.com/business/2020/oct/23/legal-general-sells-its-personal-investing-business-to-fidelity,"Oct 23, 2020",9.286392014473677e-06
Nick Stansbury | Legal & General,https://group.legalandgeneral.com/en/people/nick-stansbury,"Dec 17, 2021",0.9992372989654541
John Hoeppner | Legal & General,https://group.legalandgeneral.com/en/people/john-hoeppner,"Dec 17, 2021",0.9992372989654541
Shareholder benefits | Legal & General,https://group.legalandgeneral.com/en/investors/retail-shareholder-centre/shareholder-benefits,"Oct 20, 2021",3.5250217479187995e-05
New research reveals: Financial stability is the UK's ultimate retirement dream | Legal & General,https://group.legalandgeneral.com/en/newsroom/press-releases/new-research-reveals-financial-stability-is-the-uk-s-ultimate-retirement-dream,"Jul 26, 2023",2.0401948859216645e-05
Responsible investing | Legal & General,https://group.legalandgeneral.com/en/sustainability/responsible-investing,"Dec 21, 2022",0.9998084902763367
Legal & General Group Plc announces the appointment of António Simões as Group Chief Executive Officer | Legal ...,https://group.legalandgeneral.com/en/newsroom/press-releases/legal-general-group-plc-announces-the-appointment-of-antonio-simoes-as-group-chief-executive-officer,"Jun 15, 2023",4.4527587306220084e-06
Legal & General invests in Australian lifetime mortgage business | Legal & General,https://group.legalandgeneral.com/en/newsroom/press-releases/legal-general-invests-in-australian-lifetime-mortgage-business,"Oct 19, 2021",0.9999980926513672
Chris DeMarco | Legal & General,https://group.legalandgeneral.com/en/people/chris-demarco,"Dec 18, 2021",0.9992372989654541
Sir John Kingman KCB FRS | Legal & General,https://group.legalandgeneral.com/en/people/sir-john-kingman-kcb-frs,"Dec 17, 2021",4.728631211037282e-06
Departing L&G chief urges UK to 'reverse' trend of underinvestment,https://www.ft.com/content/a80c1f4f-9328-461d-852e-f36acf547b7d,"Aug 15, 2023",3.8700050026818644e-06
Michelle Scrimgeour | Legal & General,https://group.legalandgeneral.com/en/people/michelle-scrimgeour,"Oct 19, 2021",0.9992372989654541
Pete Gladwell | Legal & General,https://group.legalandgeneral.com/en/people/pete-gladwell,"Dec 17, 2021",4.990708475816064e-06
Seeking to prevent biodiversity loss through investment | Legal & General,https://group.legalandgeneral.com/en/our-purpose/tackling-the-climate-crisis/seeking-to-prevent-biodiversity-loss-through-investment,"Nov 22, 2023",5.691832484444603e-05
Chris Knight | Legal & General,https://group.legalandgeneral.com/en/people/chris-knight,"Oct 20, 2021",0.9992372989654541
Pandemic polarises retirement opportunity gap for over 50s | Legal & General,https://group.legalandgeneral.com/en/newsroom/press-releases/pandemic-polarises-retirement-opportunity-gap-for-over-50s,"Oct 24, 2021",7.207734597614035e-05
Boots offloads £4.8bn pension scheme to Legal & General,https://www.ft.com/content/b348fe64-c9de-4a88-9c03-a6b1af48e382,"Nov 24, 2023",3.8700050026818644e-06
Legal & General chief executive considers move into politics,https://www.ft.com/content/ba52de76-0e7f-4026-8ac1-ef55f657461d,"Jul 21, 2023",3.308161467430182e-05
Why is impact investing important? | Legal & General,https://group.legalandgeneral.com/en/our-purpose/investing-for-good/why-is-impact-investing-important,"Sep 20, 2023",0.9999998807907104
Donald Andrews | Legal & General,https://group.legalandgeneral.com/en/people/donald-andrews,"Dec 17, 2021",0.9992372989654541
Shuen Chan | Legal & General,https://group.legalandgeneral.com/en/people/shuen-chan,"Dec 17, 2021",0.8212783932685852
Dave Poulton | Legal & General,https://group.legalandgeneral.com/en/people/dave-poulton,"Jan 17, 2023",0.9998646974563599
Kerrigan Procter | Legal & General,https://group.legalandgeneral.com/en/people/kerrigan-procter,"Oct 20, 2021",2.1384821593528613e-06
Equity investors and analyst centre | Legal & General,https://group.legalandgeneral.com/en/investors/equity-investors-and-analyst-centre,"Dec 18, 2021",0.9992372989654541
Legal & General agrees £4.8 billion full buy-in for the Boots Pension Scheme | Legal & General,https://group.legalandgeneral.com/en/newsroom/press-releases/legal-general-agrees-4-8-billion-full-buy-in-for-the-boots-pension-scheme,"Nov 24, 2023",0.011441687121987343
Legal & General picks Michelle Scrimgeour chief of investment unit,https://www.ft.com/content/caecaf66-387d-11e9-b856-5404d3811663,"Feb 24, 2019",3.8700050026818644e-06
Laura Mason | Legal & General,https://group.legalandgeneral.com/en/people/laura-mason,"Oct 24, 2021",0.000528729404322803
Denz Ibrahim | Legal & General,https://group.legalandgeneral.com/en/people/denz-ibrahim,"Dec 18, 2021",0.010053330101072788
Michelle Buswell | Legal & General,https://group.legalandgeneral.com/en/people/michelle-buswell,"Oct 17, 2023",0.9046320915222168
"Legal & General: 'Bank of Family' to fund record number of property transactions, underlining UK housing affordability ...",https://group.legalandgeneral.com/en/newsroom/press-releases/legal-general-bank-of-family-to-fund-record-number-of-property-transactions-underlining-uk-housing-affordability-challenges,"Aug 28, 2023",0.010053330101072788
Legal & General Group Plc Board announces the planned retirement of Sir Nigel Wilson | Legal & General,https://group.legalandgeneral.com/en/newsroom/press-releases/legal-general-group-plc-board-announces-the-planned-retirement-of-sir-nigel-wilson,"Jan 30, 2023",0.9999998807907104
Julia Goldsworthy joins Legal & General,https://group.legalandgeneral.com/en/newsroom/press-releases/legal-general-capital-appoints-julia-goldsworthy-former-wmca-director-and-pwc-senior-adviser-as-head-of-social-impact-investment,"May 17, 2023",0.010053330101072788
"Legal & General and Oxford University gain planning consent for new £200m life sciences building, designed by NBBJ ...",https://group.legalandgeneral.com/en/newsroom/press-releases/legal-general-and-oxford-university-gain-planning-consent-for-new-200m-life-sciences-building-designed-by-nbbj,"Jan 20, 2021",0.010053330101072788
Kerrigan Procter | Legal & General,https://group.legalandgeneral.com/en/people/kerrigan-procter,"Oct 20, 2021",2.1384821593528613e-06
Dave Poulton | Legal & General,https://group.legalandgeneral.com/en/people/dave-poulton,"Jan 17, 2023",0.9998646974563599
Why is impact investing important? | Legal & General,https://group.legalandgeneral.com/en/our-purpose/investing-for-good/why-is-impact-investing-important,"Sep 20, 2023",0.9999998807907104
Legal & General agrees £4.8 billion full buy-in for the Boots Pension Scheme | Legal & General,https://group.legalandgeneral.com/en/newsroom/press-releases/legal-general-agrees-4-8-billion-full-buy-in-for-the-boots-pension-scheme,"Nov 24, 2023",0.011441687121987343
Legal & General picks Michelle Scrimgeour chief of investment unit,https://www.ft.com/content/caecaf66-387d-11e9-b856-5404d3811663,"Feb 24, 2019",3.8700050026818644e-06
"LGIM increases pressure on companies to address climate risk, holding a far more extensive number of companies to ...",https://group.legalandgeneral.com/en/newsroom/press-releases/lgim-increases-pressure-on-companies-to-address-climate-risk-holding-a-far-more-extensive-number-of-companies-to-account,"Oct 19, 2021",0.9923391342163086
Whistleblowers report Legal & General arm to watchdog,https://www.ft.com/content/82bc1e30-9412-11e8-b67b-b8205561c3fe,"Jul 30, 2018",3.8700050026818644e-06
Legal & General selects Kyndryl for cloud migration,https://www.lifeinsuranceinternational.com/news/legal-general-selects-kyndryl/,"Jul 12, 2023",0.00570239732041955
Seeking to prevent biodiversity loss through investment | Legal & General,https://group.legalandgeneral.com/en/our-purpose/tackling-the-climate-crisis/seeking-to-prevent-biodiversity-loss-through-investment,"Nov 22, 2023",5.691832484444603e-05
Julia Goldsworthy joins Legal & General,https://group.legalandgeneral.com/en/newsroom/press-releases/legal-general-capital-appoints-julia-goldsworthy-former-wmca-director-and-pwc-senior-adviser-as-head-of-social-impact-investment,"May 17, 2023",0.8540511131286621
Michelle Buswell | Legal & General,https://group.legalandgeneral.com/en/people/michelle-buswell,"Oct 17, 2023",0.010053330101072788
Denz Ibrahim | Legal & General,https://group.legalandgeneral.com/en/people/denz-ibrahim,"Dec 18, 2021",0.010053330101072788
Legal & General joint venture sells iconic London development to Google,https://www.insurancebusinessmag.com/uk/news/breaking-news/legal-and-general-joint-venture-sells-iconic-london-development-to-google-322174.aspx,"Jan 17, 2022",0.6708635687828064
Legal & General sues Glencore in latest corruption fallout,https://www.ft.com/content/99af04a5-4a95-427b-a522-c3a70b1f521d,"Feb 16, 2023",3.8700050026818644e-06
"Legal & General: 'Bank of Family' to fund record number of property transactions, underlining UK housing affordability ...",https://group.legalandgeneral.com/en/newsroom/press-releases/legal-general-bank-of-family-to-fund-record-number-of-property-transactions-underlining-uk-housing-affordability-challenges,"Aug 28, 2023",6.479475268861279e-05
"Legal & General and Oxford University gain planning consent for new £200m life sciences building, designed by NBBJ ...",https://group.legalandgeneral.com/en/newsroom/press-releases/legal-general-and-oxford-university-gain-planning-consent-for-new-200m-life-sciences-building-designed-by-nbbj,"Jan 20, 2021",0.9647163152694702
Legal & General: Inside the UK's largest impact investor,https://www.euromoney.com/article/b1k5szhn1q1tby/legal-general-inside-the-uks-largest-impact-investor,"Feb 5, 2020",5.326850441633724e-05
"Legal & General divests from four corporates, including AIG, over climate issues",https://www.irishtimes.com/business/financial-services/legal-general-divests-from-four-corporates-including-aig-over-climate-issues-1.4864640,"Apr 29, 2022",0.04529167339205742
Adviser Site | Products & Services,https://www.legalandgeneral.com/adviser/,"Nov 18, 2017",0.0002171327651012689
Legal & General appoints two new members to Independent Governance Committee | Legal & General,https://group.legalandgeneral.com/en/newsroom/press-releases/legal-general-appoints-two-new-members-to-independent-governance-committee,"Mar 14, 2023",2.0096171283512376e-05
Marmot review for industry hub | Legal & General,https://group.legalandgeneral.com/en/marmot-review-for-industry-hub,"Apr 8, 2022",0.021879753097891808
Legal & General & Mitsubishi sell Central Saint Giles to Google for $1 billion | Legal & General,https://group.legalandgeneral.com/en/newsroom/press-releases/legal-general-mitsubishi-sell-central-saint-giles-to-google-for-1-billion,"Jan 13, 2022",0.993337869644165
Legal & General quits Association of British Insurers,https://www.theguardian.com/business/2014/aug/13/legal-general-quits-association-british-insurers,"Aug 13, 2014",0.021844293922185898
Housing businesses & partners | Legal & General,https://group.legalandgeneral.com/en/about-us/housing-businesses-partners,"Dec 18, 2021",0.9374220967292786
Legal & General announces 'resilient' half-year performance,https://www.insurancebusinessmag.com/uk/news/breaking-news/legal-and-general-announces-resilient-halfyear-performance-456420.aspx,"Aug 16, 2023",0.9945092797279358
"Legal & General launches new Suburban Build to Rent arm, as it looks to deliver 1000 new family homes a year",https://group.legalandgeneral.com/en/newsroom/press-releases/legal-general-launches-new-suburban-build-to-rent-arm-as-it-looks-to-deliver-1-000-new-family-homes-a-year,"Nov 17, 2020",0.9999758005142212
LGIM steps up sustainability and governance efforts | Legal & General,https://group.legalandgeneral.com/en/newsroom/press-releases/lgim-steps-up-sustainability-and-governance-efforts,"Oct 22, 2021",0.2631990313529968
Later life care | Retirement,https://www.legalandgeneral.com/retirement/care/,"Nov 18, 2020",3.1432155083166435e-05
Legal & General completes £500m buy-in with Deutsche Bank Pension Scheme | Legal & General,https://group.legalandgeneral.com/en/newsroom/press-releases/legal-general-completes-500m-buy-in-with-deutsche-bank-pension-scheme,"Nov 13, 2023",0.9337906241416931
Legal & General appoints new Pension Risk Transfer senior team members | Legal & General,https://group.legalandgeneral.com/en/newsroom/press-releases/legal-general-appoints-new-pension-risk-transfer-senior-team-members,"Jan 12, 2021",2.728605250013061e-05
Legal & General Group appoints new CEO | Insurance Business UK,https://www.insurancebusinessmag.com/uk/news/breaking-news/legal-and-general-group-appoints-new-ceo-449384.aspx,"Jun 15, 2023",0.9999994039535522
Legal & General Capital invests in ImpactA Global to address critical infrastructure deficit in emerging markets | Legal ...,https://group.legalandgeneral.com/en/newsroom/press-releases/legal-general-capital-invests-in-impacta-global-to-address-critical-infrastructure-deficit-in-emerging-markets,"Mar 6, 2023",0.061709191650152206
Legal & General: UK climate offender,https://reclaimfinance.org/site/en/2021/05/19/legal-general-uk-climate-offender/,"May 19, 2021",0.0024895365349948406
New heights for Cardiff | Legal & General,https://group.legalandgeneral.com/en/our-purpose/building-infrastructure/new-heights-for-cardiff,"Oct 25, 2023",0.0035530284512788057
Andrew Kail starts as CEO of Legal & General Retail Retirement | Legal & General,https://group.legalandgeneral.com/en/newsroom/press-releases/andrew-kail-starts-as-ceo-of-legal-general-retail-retirement,"Oct 24, 2021",0.9999953508377075
Legal & General announces £2.7 billion buy-in with the British Steel Pension Scheme as final step to fully insure the ...,https://group.legalandgeneral.com/en/newsroom/press-releases/legal-general-announces-2-7-billion-buy-in-with-the-british-steel-pension-scheme-as-final-step-to-fully-insure-the-7-5-billion-scheme,"May 18, 2023",0.0008763622608967125
Legal & General offers special pricing and benefits for Co-op life and CI tie-in,https://healthcareandprotection.com/legal-general-offers-special-pricing-and-benefits-for-co-op-life-and-ci-tie-in/,"Dec 19, 2023",0.00013730415957979858
Legal & General announces key leadership appointments | Legal & General,https://group.legalandgeneral.com/en/newsroom/press-releases/legal-general-announces-key-leadership-appointments,"Oct 5, 2023",9.216045327775646e-06
British Steel Pension Scheme appoints Legal & General Investment Management to manage its assets | Legal & General,https://group.legalandgeneral.com/en/newsroom/press-releases/british-steel-pension-scheme-appoints-legal-general-investment-management-to-manage-its-assets,"Aug 5, 2022",3.4131528536818223e-06
UK insurer Legal & General appoints António Simões as chief executive,https://www.ft.com/content/f12d1850-c76b-4cbf-8cea-3b48fa7483bc,"Jun 15, 2023",3.8700050026818644e-06
Legal & General Re announces appointment of Amy Ellison as new CEO | Legal & General,https://group.legalandgeneral.com/en/newsroom/press-releases/legal-general-re-announces-appointment-of-amy-ellison-as-new-ceo,"Oct 20, 2021",1.7560820424478152e-06
LGIM appoints Camille Blackburn as Chief Compliance Officer | Legal & General,https://group.legalandgeneral.com/en/newsroom/press-releases/lgim-appoints-camille-blackburn-as-chief-compliance-officer,"Oct 22, 2021",4.447323954082094e-05
Rise of the “Forever Homeowner” as more over 55s decide to stay put but 2.9 million still plan to downsize | Legal ...,https://group.legalandgeneral.com/en/newsroom/press-releases/rise-of-the-forever-homeowner-as-more-over-55s-decide-to-stay-put-but-2-9-million-still-plan-to-downsize,"Oct 22, 2021",2.9914331207692157e-06
"H1 2023 Results: £0.95bn of operating profit and capital generation, stock of deferred profits up to £13.8bn, DPS up 5 ...",https://group.legalandgeneral.com/en/newsroom/press-releases/h1-2023-results-0-95bn-of-operating-profit-and-capital-generation-stock-of-deferred-profits-up-to-13-8bn-dps-up-5-to-5-71p-and-sii-ratio-of-230,"Aug 15, 2023",1.0
LGIM appoints Kurt Morriesen as Head of Investment Stewardship | Legal & General,https://group.legalandgeneral.com/en/newsroom/press-releases/lgim-appoints-kurt-morriesen-as-head-of-investment-stewardship,"Dec 18, 2021",0.4746508300304413
John Roe | Legal & General,https://group.legalandgeneral.com/en/people/john-roe,"Dec 17, 2021",0.9992372989654541
Legal & General help serve over 1 million more customers online during COVID-19 lockdown | Legal & General,https://group.legalandgeneral.com/en/newsroom/press-releases/legal-general-help-serve-over-1-million-more-customers-online-during-covid-19-lockdown,"Oct 22, 2021",0.9990923404693604
LGIM strengthens its presence in Benelux | Legal & General,https://group.legalandgeneral.com/en/newsroom/press-releases/lgim-strengthens-its-presence-in-benelux,"Oct 24, 2021",4.930437626171624e-06
Legal & General levels up co-working space with platform launch for UK-wide rollout | Legal & General,https://group.legalandgeneral.com/en/newsroom/press-releases/legal-general-levels-up-co-working-space-with-platform-launch-for-uk-wide-rollout,"Jul 28, 2022",2.1276831830618903e-05
Legal & General hires Vanisha Thakrar as Head of Investment for Housing | Legal & General,https://group.legalandgeneral.com/en/newsroom/press-releases/legal-general-hires-vanisha-thakrar-as-head-of-investment-for-housing,"Jun 15, 2022",0.016093360260128975
Matteo Colombo | Legal & General,https://group.legalandgeneral.com/en/people/matteo-colombo,"Dec 17, 2021",0.9992372989654541
"Legal & General announces new 5 year dividend, cash and capital ambitions | Legal & General",https://group.legalandgeneral.com/en/newsroom/press-releases/legal-general-announces-new-5-year-dividend-cash-and-capital-ambitions,"Nov 12, 2020",0.9999159574508667
"Legal & General Capital invests a further £15 million in decarbonising homes, bringing total investment in this sector to ...",https://group.legalandgeneral.com/en/newsroom/press-releases/legal-general-capital-invests-a-further-15-million-in-decarbonising-homes-bringing-total-investment-in-this-sector-to-over-40-million,"Apr 12, 2023",0.9938283562660217
"Legal & General, Bruntwood and Greater Manchester Pension Fund invest half a billion into the UK's science, tech ...",https://group.legalandgeneral.com/en/newsroom/press-releases/legal-general-bruntwood-and-greater-manchester-pension-fund-invest-half-a-billion-into-the-uk-s-science-tech-innovation-economy,"Oct 16, 2023",0.9941337704658508
"Aviva, Legal & General announce respective pension deals",https://www.insurancebusinessmag.com/uk/news/breaking-news/aviva-legal-and-general-announce-respective-pension-deals-222403.aspx,"May 14, 2020",0.9999997615814209
Ric Lewis | Legal & General,https://group.legalandgeneral.com/en/people/ric-lewis,"Oct 24, 2021",0.9992372989654541
Legal & General Group revamps organisational structure | Insurance Business UK,https://www.insurancebusinessmag.com/uk/news/breaking-news/legal-and-general-group-revamps-organisational-structure-313794.aspx,"Oct 20, 2021",1.0
Canada Life acquires Legal & General – The Irish Times,https://www.irishtimes.com/business/financial-services/canada-life-acquires-legal-general-1.2098151,"Feb 10, 2015",0.2289925366640091
Ali Crossley | Legal & General,https://group.legalandgeneral.com/en/people/ali-crossley,"Dec 17, 2021",0.9992372989654541
Legal & General agrees c.£340m buy-in with the Cable and Wireless Superannuation Fund | Legal & General,https://group.legalandgeneral.com/en/newsroom/press-releases/legal-general-agrees-c-340m-buy-in-with-the-cable-and-wireless-superannuation-fund,"Sep 21, 2023",5.0753533287206665e-05
Legal & General Investment Management Targets Singapore,https://www.wealthbriefing.com/html/article.php/Legal-%26-General-Investment-Management-Targets-Singapore,"Sep 7, 2023",1.7593562006368302e-05
LGIM launches Sustainable DC Property Fund | Legal & General,https://group.legalandgeneral.com/en/newsroom/press-releases/lgim-launches-sustainable-dc-property-fund,"Dec 24, 2021",0.004296380560845137
Legal & General Reinsurance launches world's first Pension Risk Transfer (PRT) blockchain reinsurance platform ...,https://group.legalandgeneral.com/en/newsroom/press-releases/legal-general-reinsurance-launches-world-s-first-pension-risk-transfer-prt-blockchain-reinsurance-platform,"Oct 24, 2021",0.9960511326789856
Investing in clean energy | sustainable investing | Legal & General,https://group.legalandgeneral.com/en/our-purpose/tackling-the-climate-crisis/five-reasons-we-re-investing-in-clean-energy,"Oct 6, 2021",0.9924927353858948
John Kingman emerges as favourite to chair Legal & General,https://www.ft.com/content/150678a8-2bd3-11e6-a18d-a96ab29e3c95,"Jun 6, 2016",3.8700050026818644e-06
Ex-IFM director Carey to lead Europe infrastructure debt at LGIM,https://realassets.ipe.com/news/ex-ifm-director-carey-to-lead-europe-infrastructure-debt-at-lgim/10066684.article,"May 16, 2023",0.8787255883216858
Millions of pre-retirees have started a 'phased retirement' but will living costs halt their plans? | Legal & General,https://group.legalandgeneral.com/en/newsroom/press-releases/millions-of-pre-retirees-have-started-a-phased-retirement-but-will-living-costs-halt-their-plans,"Nov 9, 2022",6.654526714555686e-06
Legal & General completes c.£0.5bn buy-in with the Pearson Pension Plan | Legal & General,https://group.legalandgeneral.com/en/newsroom/press-releases/legal-general-completes-c-0-5bn-buy-in-with-the-pearson-pension-plan,"Feb 23, 2022",0.9992372989654541
"Despite April’s Poor Equity Returns, Rising Discount Rates Improved Funded Status for Most Pensions",https://www.ai-cio.com/news/despite-aprils-poor-equity-returns-rising-discount-rates-improved-funded-status-for-most-pensions/,"May 11, 2022",0.008273652754724026
Legal & General bolsters its private credit business with two senior hires | Legal & General,https://group.legalandgeneral.com/en/newsroom/press-releases/legal-general-bolsters-its-private-credit-business-with-two-senior-hires,"Oct 20, 2021",5.248234447208233e-05
Legal & General backs CyberSmart's £12.8 million round to fortify SME cyber perimeters,https://tech.eu/2023/02/23/cybersmart/,"Feb 23, 2023",0.0018330031307414174
L&G/annuities: bulks end their sulks foreseeing £1.2tn opportunity,https://www.ft.com/content/a4954f0e-dac7-428e-afed-8ca89d7f84ac,"Jul 5, 2023",3.8700050026818644e-06
"LGIM dials up its engagement on climate, as window to achieving 1.5 degrees rapidly closes | Legal & General",https://group.legalandgeneral.com/en/newsroom/press-releases/lgim-dials-up-its-engagement-on-climate-as-window-to-achieving-1-5-degrees-rapidly-closes,"Jun 15, 2023",0.002082360442727804
Legal & General research shows buyers will pay up to 20% premium for low carbon homes | Legal & General,https://group.legalandgeneral.com/en/newsroom/press-releases/legal-general-research-shows-buyers-will-pay-up-to-20-premium-for-low-carbon-homes,"Nov 30, 2022",0.01068890281021595
"Legal & General Capital appoints new Chief Operating Officer, Karen Bashford | Legal & General",https://group.legalandgeneral.com/en/newsroom/press-releases/legal-general-capital-appoints-new-chief-operating-officer-karen-bashford,"May 16, 2023",0.971261739730835
Legal & General reassures investors on financial health after mini-budget impact,https://www.independent.co.uk/business/legal-general-reassures-investors-on-financial-health-after-minibudget-impact-b2194362.html,"Oct 4, 2022",0.006628590170294046
Legal & General delivers inflation-beating income,https://www.investorschronicle.co.uk/news/2023/08/15/legal-general-deals-with-variable-performance/,"Aug 15, 2023",0.008643168024718761
Legal & General merging insurance and retail retirement divisions - exclusive,https://healthcareandprotection.com/legal-general-merging-insurance-and-retail-retirement-divisions-exclusive/,"Oct 14, 2021",0.0036064577288925648
Global Pension Risk Transfer Monitor: Record H1 Transaction Volumes in UK and US | Legal & General,https://group.legalandgeneral.com/en/newsroom/press-releases/global-pension-risk-transfer-monitor-record-h1-transaction-volumes-in-uk-and-us,"Aug 24, 2023",0.9999841451644897
Legal & General signs buy-in deal with ICI pension fund,https://www.ft.com/content/452d3726-4d78-11e6-8172-e39ecd3b86fc,"Jul 19, 2016",3.308161467430182e-05
"Legal & General, Bruntwood and Greater Manchester Pension Fund invest half a billion into the UK’s science, tech & ...",https://group.legalandgeneral.com/en/newsroom/press-releases/advanced-electric-machines-addresses-sustainability-of-ev-motors-with-23-million-new-investment-from-legal-general-capital-barclays-and-par-equity,"Nov 20, 2023",0.9997715353965759
LGIM Real Assets commits to circular economy boost through partnership with Globechain | Legal & General,https://group.legalandgeneral.com/en/newsroom/press-releases/lgim-real-assets-commits-to-circular-economy-boost-through-partnership-with-globechain,"Nov 28, 2022",0.4641585052013397
Legal & General invest in Kensa ground source heat pumps,https://group.legalandgeneral.com/en/newsroom/press-releases/pump-it-up-octopus-energy-and-legal-general-make-britain-s-biggest-investment-in-ground-source-heat-pumps,"May 16, 2023",0.9992721676826477
LDI: where's the exposure?,https://www.ft.com/content/a5106b84-ca28-4e81-99f8-0106322afc11,"Sep 29, 2022",5.221142419031821e-05
Legal & General appoints EY executive as finance chief,https://www.ft.com/content/e13f3a90-c840-11e6-9043-7e34c07b46ef,"Dec 22, 2016",3.8700050026818644e-06
Supporting innovation in Newcastle and the North East | Legal & General,https://group.legalandgeneral.com/en/our-purpose/building-infrastructure/supporting-innovation-in-newcastle-and-the-north-east,"Jun 29, 2022",0.11207153648138046
ESG Information for Investors | Legal & General,https://group.legalandgeneral.com/en/investors/esg-information-for-investors,"Nov 21, 2023",0.9992372989654541
Legal & General chief executive Nigel Wilson to retire,https://www.theguardian.com/business/2023/jan/30/legal-general-chief-executive-nigel-wilson-retire-shares-ftse-100,"Jan 30, 2023",0.0001599924871698022
Legal & General offers high yields and limited risks,https://www.investorschronicle.co.uk/news/2023/09/21/legal-general-offers-high-yields-and-limited-risks/,"Sep 21, 2023",5.3104588005226105e-05
Legal & General pays a record £797m in UK claims | Legal & General,https://group.legalandgeneral.com/en/newsroom/press-releases/legal-general-pays-a-record-797m-in-uk-claims,"May 17, 2022",0.03501873090863228
Remote working case study: Legal and General | GOV.WALES,https://www.gov.wales/remote-working-case-study-legal-and-general,"Mar 11, 2022",0.014583347365260124
Cheapest Life Insurance Companies of 2024,https://www.usatoday.com/money/blueprint/life-insurance/cheap-life-insurance/,"May 29, 2023",2.3789596525602974e-05
Home is where the high street is | Research | Legal & General,https://group.legalandgeneral.com/en/our-purpose/future-proofing-society/home-is-where-the-high-street-is,"Dec 8, 2023",6.143843347672373e-05
Legal & General hires Wes Erlam as Director of Urban Regeneration | Legal & General,https://group.legalandgeneral.com/en/newsroom/press-releases/legal-general-hires-wes-erlam-as-director-of-urban-regeneration,"Mar 23, 2021",0.016212131828069687
Legal & General boosts investment in the Kensa Group to scale up ground source heat pump deployment | Legal ...,https://group.legalandgeneral.com/en/newsroom/press-releases/legal-general-boosts-investment-in-the-kensa-group-to-scale-up-ground-source-heat-pump-deployment,"Jun 17, 2022",0.8431483507156372
Legal & General names Santander's Simões as CEO,https://www.theinsurer.com/news/legal-general-names-santanders-simoes-as-ceo/,"Jun 15, 2023",4.00991048081778e-05
Legal & General and Equinor Ventures co-lead £15.2m Series B raise for innovative technology and renewables ...,https://group.legalandgeneral.com/en/newsroom/press-releases/legal-general-and-equinor-ventures-co-lead-15-2m-series-b-raise-for-innovative-technology-and-renewables-businesses-rovco-vaarst,"Mar 31, 2022",0.9944538474082947
Legal & General acquires BTR tower on behalf of two flagship funds | Legal & General,https://group.legalandgeneral.com/en/newsroom/press-releases/legal-general-acquires-btr-tower-on-behalf-of-two-flagship-funds,"Jan 31, 2020",0.9929165840148926
Life and Mind Building construction tops out,https://www.ox.ac.uk/news/2023-02-15-life-and-mind-building-construction-tops-out,"Feb 15, 2023",0.28713324666023254
You could earn nearly £6000 extra over the course of your retirement just by shopping around for an annuity | Legal ...,https://group.legalandgeneral.com/en/newsroom/press-releases/you-could-earn-nearly-6-000-extra-over-the-course-of-your-retirement-just-by-shopping-around-for-an-annuity,"Oct 17, 2023",0.16716575622558594
Legal & General agrees £400m buy-in with the pension scheme of TT Electronics | Legal & General,https://group.legalandgeneral.com/en/newsroom/press-releases/legal-general-agrees-400m-buy-in-with-the-pension-scheme-of-tt-electronics,"Nov 21, 2022",0.8640715479850769
LGIM joins forces with National Trust to launch fossil fuels exclusions strategy | Legal & General,https://group.legalandgeneral.com/en/newsroom/press-releases/lgim-joins-forces-with-national-trust-to-launch-fossil-fuels-exclusions-strategy,"Jul 27, 2023",0.004289878532290459
LGIM weighs on Legal & General profits,https://portfolio-adviser.com/lgim-weighs-on-legal-general-profits/,"Mar 8, 2023",0.00933190155774355
Steven Wright joins Legal & General,https://group.legalandgeneral.com/en/newsroom/press-releases/legal-general-hires-steven-wright-as-portfolio-director-for-housing,"Oct 2, 2023",0.0008079744293354452
Legal & General & PGGM's Bishopsgate Property Fund concludes strategy with total sales reaching £474m | Legal ...,https://group.legalandgeneral.com/en/newsroom/press-releases/legal-general-pggm-s-bishopsgate-property-fund-concludes-strategy-with-total-sales-reaching-474m,"May 9, 2022",0.03584964573383331
25 years of Legal & General in Cardiff,https://group.legalandgeneral.com/en/our-purpose/building-infrastructure/here-s-to-the-next-25-years-cardiff,"Oct 25, 2023",0.9975479245185852
Legal and General (L&G) News and Analysis – Money Marketing,https://www.moneymarketing.co.uk/legal-and-general/,"Mar 22, 2018",0.006063369568437338
Legal & General appoints new Chair of Trustees to its Mastertrust | Legal & General,https://group.legalandgeneral.com/en/newsroom/press-releases/legal-general-appoints-new-chair-of-trustees-to-its-mastertrust,"Feb 7, 2023",0.2494044005870819
Women are less financially confident – could it be impacting their retirement? | Legal & General,https://group.legalandgeneral.com/en/newsroom/press-releases/women-are-less-financially-confident-could-it-be-impacting-their-retirement,"Oct 30, 2023",3.898716749972664e-05
Legal & General selling general insurance business to Allianz for £242m,https://news.sky.com/story/legal-and-general-selling-general-insurance-business-to-allianz-for-242m-11732104,"May 31, 2019",0.9999997615814209
Legal & General sees profits rise 28 per cent,https://www.ftadviser.com/investments/2022/03/09/legal-general-sees-profits-rise-28-per-cent/,"Mar 9, 2022",0.9999997615814209
Legal & General completes leasing of its first entirely Capsule building at 390 Strand | Legal & General,https://group.legalandgeneral.com/en/newsroom/press-releases/legal-general-completes-leasing-of-its-first-entirely-capsule-building-at-390-strand,"May 24, 2022",0.9838273525238037
Legal & General completes largest residential investment in Northern Ireland | Legal & General,https://group.legalandgeneral.com/en/newsroom/press-releases/legal-general-completes-largest-residential-investment-in-northern-ireland,"Jun 5, 2023",0.9999371767044067
Can Legal & General sustain its dividend?,https://www.investorschronicle.co.uk/news/2023/12/15/can-legal-general-sustain-its-dividend/,"Dec 15, 2023",0.00011724268551915884
Legal & General names António Simões as new CEO,https://www.professionalpensions.com/news/4118090/legal-names-antonio-simoes-ceo,"Jun 15, 2023",4.377986988401972e-05
Legal and General joins investors shunning Deliveroo IPO,https://www.ft.com/content/fd86f79b-d813-44fb-96c1-ef25fa4a5751,"Mar 25, 2021",3.8700050026818644e-06
Legal & General addresses health outcomes for hidden workers as it commits to tackle health inequality in the UK ...,https://group.legalandgeneral.com/en/newsroom/press-releases/legal-general-addresses-health-outcomes-for-hidden-workers-as-it-commits-to-tackle-health-inequality-in-the-uk,"Dec 12, 2022",0.003823342965915799
Nigel Wilson led Legal and General in a 'considered way',https://www.ftadviser.com/investments/2023/02/08/nigel-wilson-led-legal-and-general-in-a-considered-way/,"Feb 8, 2023",0.0012653750600293279
New Group Corporate Affairs Director to join Legal & General | Legal & General,https://group.legalandgeneral.com/en/newsroom/press-releases/new-group-corporate-affairs-director-to-join-legal-general,"Mar 30, 2023",0.999151349067688
Legal & General opens new Welsh HQ | Legal & General,https://group.legalandgeneral.com/en/newsroom/press-releases/legal-general-opens-new-welsh-hq,"Oct 30, 2023",0.98434978723526
Co-op partners with Legal & General to offer Life Cover | Legal & General,https://group.legalandgeneral.com/en/newsroom/press-releases/co-op-partners-with-legal-general-to-offer-life-cover,"Dec 22, 2023",0.686484694480896
Legal & General partners with Cancer Research UK | Legal & General,https://group.legalandgeneral.com/en/newsroom/press-releases/legal-general-partners-with-cancer-research-uk,"Feb 14, 2022",0.0002546324976719916
Legal & General appoints managing director for protection arm,https://www.ftadviser.com/protection/2023/11/27/legal-general-appoints-managing-director-for-protection-arm/,"Nov 27, 2023",5.7480228861095384e-05
Oxford University Development marks first delivery milestone | Legal & General,https://group.legalandgeneral.com/en/newsroom/press-releases/oxford-university-development-marks-first-delivery-milestone,"Feb 15, 2023",0.0011606770567595959
Legal & General and RedSTART: financial education for kids | Legal & General,https://group.legalandgeneral.com/en/our-purpose/future-proofing-society/legal-general-and-redstart-financial-education-for-kids,"Nov 2, 2023",0.9992234706878662
LGIM reviews three funds after underperformance - FTAdviser,https://www.ftadviser.com/investments/2022/07/11/lgim-reviews-three-funds-after-underperformance/,"Jul 11, 2022",1.0413907070017103e-08
Legal & General agrees £1.8 billion buy-in with United Utilities | Legal & General,https://group.legalandgeneral.com/en/newsroom/press-releases/legal-general-agrees-1-8-billion-buy-in-with-united-utilities,"Jul 18, 2023",9.420722562936135e-06
Legal & General tops expectations with £940m profit as it reveals scale of accounting hit,https://www.cityam.com/lg-tops-expectations-with-940m-profit-as-it-reveals-scale-of-accounting-tweak-hit/,"Aug 15, 2023",0.9549118876457214
Legal & General confirms five-year targets,https://www.sharecast.com/news/news-and-announcements/legal-general-confirms-five-year-targets--13917916.html,"Jul 5, 2023",0.12739746272563934
Boots scheme completes £4.8bn buy-in with Legal & General,https://www.professionalpensions.com/news/4150162/boots-scheme-completes-gbp-8bn-legal,"Nov 24, 2023",5.952118226559833e-05
Rebuilding Britain Index (RBI) | Legal & General,https://group.legalandgeneral.com/en/the-rebuilding-britain-index-rbi,"Dec 18, 2023",0.013164923526346684
Boots secures a £4.8 billion full buy-in with Legal & General for the Boots Pension Scheme delivering greater certainty ...,https://www.boots-uk.com/newsroom/news/boots-secures-a-48-billion-full-buy-in-with-legal-general-for-the-boots-pension-scheme-delivering-greater-certainty-for-all-members/,"Nov 24, 2023",0.13554127514362335
Legal & General exits defined benefit admin market,https://www.ftadviser.com/pensions/2017/03/07/legal-general-exits-defined-benefit-admin-market/,"Mar 7, 2017",1.2721041457552928e-05
Legal & General sells off with profits business,https://www.ftadviser.com/pensions/2017/12/06/legal-general-sells-off-with-profits-business/,"Dec 6, 2017",3.0150454222166445e-07
Raising the (West) Bar: Investing in Sheffield | Legal & General,https://group.legalandgeneral.com/en/our-purpose/building-infrastructure/raising-the-west-bar-investing-in-sheffield,"Jan 12, 2023",0.9994391798973083
Legal and General re-imagining retail with rent-free high streets,https://fashionunited.uk/news/retail/legal-and-general-re-imagining-retail-with-rent-free-high-streets/2021041354948,"Apr 13, 2021",4.95676204081974e-06
What does an ESG-friendly office look like? | Legal & General,https://group.legalandgeneral.com/en/our-purpose/building-infrastructure/what-does-an-esg-friendly-office-look-like,"Nov 13, 2023",0.002978031523525715
L&G promotes Shattock as managing director for UK protection,https://www.covermagazine.co.uk/news/4150632/managing-director-uk-protection,"Nov 27, 2023",0.002125042723491788
"Legal & General announce £4bn investment commitment, working in partnership with the WMCA",https://www.wmca.org.uk/news/legal-general-announce-4bn-investment-commitment-working-in-partnership-with-the-wmca/,"May 18, 2022",0.008125836960971355
"Which is better value, the Aviva or Legal & General share price?",https://www.fool.co.uk/2023/07/23/which-is-better-value-the-aviva-or-legal-general-share-price/,"Jul 23, 2023",2.0933322957716882e-05
Buying 6195 dirt cheap Legal & General shares would give me a £100 monthly income,https://www.fool.co.uk/2023/05/04/buying-6195-dirt-cheap-legal-general-shares-would-give-me-a-100-monthly-income/,"May 4, 2023",1.1757191714423243e-05
Shopping around for an annuity could earn you £15000 more over the course of your retirement | Legal & General,https://group.legalandgeneral.com/en/newsroom/press-releases/shopping-around-for-an-annuity-could-earn-you-15-000-more-over-the-course-of-your-retirement,"Aug 8, 2023",0.9999649524688721
Legal & General vs Aviva: which is the best high-yield stock today?,https://www.fool.co.uk/2023/11/12/legal-general-vs-aviva-which-is-the-best-high-yield-stock-today/,"Nov 12, 2023",0.00013700025738216937
Legal & General chief executive Nigel Wilson to retire,https://www.investmentweek.co.uk/news/4066253/legal-chief-executive-nigel-wilson-retire,"Jan 30, 2023",0.9953320622444153
"If I'd put £1000 in Legal & General shares 5 years ago, here's what I'd have now!",https://www.fool.co.uk/2023/10/15/if-id-put-1000-in-legal-general-shares-5-years-ago-heres-what-id-have-now/,"Oct 15, 2023",1.706207331153564e-05
How to Revive a Dying Main Street? One U.K. Landlord Offered Free Rent.,https://www.nytimes.com/2023/07/12/business/england-high-street-retail-recovery.html,"Jul 12, 2023",0.0001686637697275728
Higher rates give Legal & General £8bn cash boost,https://www.investorschronicle.co.uk/news/2023/03/08/higher-rates-give-legal-general-8bn-cash-boost/,"Mar 8, 2023",0.9948047995567322
Legal & General Secure Over 100 New Homes for Suburban Build-to-Rent Business | Legal & General,https://group.legalandgeneral.com/en/newsroom/press-releases/legal-general-secure-over-100-new-homes-for-suburban-build-to-rent-business,"Jan 11, 2023",0.9999527931213379
Legal & General pull out of investment in electric vehicle firm,https://www.cityam.com/legal-and-general-pull-out-electric-vehicle-startup-onto/,"Jul 6, 2023",0.002822673646733165
Legal & General makes two senior appointments to protection team – Mortgage Finance Gazette,https://www.mortgagefinancegazette.com/uncategorised/legal-general-makes-two-senior-appointments-to-protection-team-27-11-2023/,"Nov 27, 2023",0.0019848195370286703
Legal & General and RedSTART: financial education for kids | Legal & General,https://group.legalandgeneral.com/en/our-purpose/future-proofing-society/legal-general-and-redstart-financial-education-for-kids,"Nov 2, 2023",0.9992234706878662
Legal & General shares: why 2024 will be rewarding for investors,https://ukinvestormagazine.co.uk/legal-general-shares-why-2024-will-be-rewarding-for-investors/,"Dec 21, 2023",0.014512503519654274
The best-performing Legal and General pension funds of the decade,https://www.trustnet.com/news/13391596/the-best-performing-legal-and-general-pension-funds-of-the-decade,"Oct 2, 2023",0.001488668262027204
L&G boosted by Aegon annuity deal,https://www.moneymarketing.co.uk/news/lg-boosted-aegon-annuity-deal/,"Nov 7, 2019",0.999992847442627
Legal & General hikes dividend after solid first half,https://www.sharecast.com/news/news-and-announcements/legal-general-hikes-dividend-after-solid-first-half--14380882.html,"Aug 15, 2023",0.9999547004699707
Kensa and Legal & General celebrate a greener future with official factory & office opening | Legal & General,https://group.legalandgeneral.com/en/newsroom/press-releases/kensa-and-legal-general-celebrate-a-greener-future-with-official-factory-office-opening,"Dec 6, 2022",0.0018424217123538256
Legal & General moves to digital LoA to speed up processes,https://www.moneymarketing.co.uk/news/legal-general-workplace-pensions-business-signs-with-origo-to-provide-digital-loas/,"Dec 4, 2023",0.9989351630210876
Legal & General returns to commission on authorisation model,https://www.covermagazine.co.uk/news/4115466/legal-returns-commission-authorisation-model,"May 16, 2023",0.1684693843126297
Legal & General life insurance review,https://www.standard.co.uk/business/money/legal-general-life-insurance-review-b990808.html,"Mar 28, 2022",1.3046295862295665e-05
Legal & General launches enhanced ‘Ignite’ platform for advisers,https://ifamagazine.com/legal-general-launches-enhanced-ignite-platform-for-advisers/,"Jul 4, 2023",0.9822083115577698
Legal & General: António Simões succeeds Nigel Wilson as CEO,https://www.cityam.com/legal-and-general-santander-europe-boss-antonio-simoes-to-succeed-sir-nigel-wilson-as-ceo/,"Jun 15, 2023",0.581252932548523
Legal & General Ignite freely accessible to Smartr365 users,https://www.ftadviser.com/mortgages/2023/11/15/legal-general-ignite-freely-accessible-to-smartr365-users/,"Nov 15, 2023",3.057792127947323e-05
5 reasons why Legal & General shares are too cheap,https://www.fool.co.uk/2023/08/11/5-reasons-why-legal-general-shares-are-too-cheap/,"Aug 11, 2023",1.3425009228740237e-06
Legal & General pulls plug on electric vehicle leasing group Onto,https://news.sky.com/story/legal-and-general-pulls-plug-on-electric-vehicle-leasing-group-onto-12915469,"Jul 5, 2023",4.472418368095532e-06
Aegon sells £3bn annuity book - FTAdviser,https://www.ftadviser.com/2016/05/23/pensions/annuities/aegon-sells-bn-annuity-book-o26ToGNjUeZLabUtfwivzK/article.html,"May 22, 2016",2.0930112441419624e-05
Legal & General names António Simões as new CEO,https://www.investmentweek.co.uk/news/4118057/legal-names-antonio-simoes-ceo,"Jun 15, 2023",0.00042170778033323586
Call centre rebroking Legal & General policies slammed by advisers,https://www.moneymarketing.co.uk/news/call-centre-rebroking-legal-general-policies-slammed-advisers/,"May 17, 2017",7.150459714466706e-05
"If I buy £1000 of Legal & General shares today, how much could I have in 3 years?",https://www.fool.co.uk/2023/09/21/if-i-buy-1000-of-legal-general-shares-today-how-much-could-i-have-in-3-years/,"Sep 21, 2023",1.350205707240093e-06
Legal & General Affordable Homes' social impact revealed,https://group.legalandgeneral.com/en/newsroom/press-releases/tackling-the-housing-and-climate-challenges-legal-general-affordable-homes-social-impact-revealed,"Oct 18, 2023",0.9999874830245972
Tackling health inequality across the UK | Legal & General,https://group.legalandgeneral.com/en/our-purpose/future-proofing-society/tackling-health-inequality-across-the-uk,"Jun 27, 2023",0.0019347476772964
Legal & General narrows gender pay gap in 2022,https://www.covermagazine.co.uk/news/4080629/legal-narrows-gender-pay-gap-2022,"Mar 16, 2023",0.0004256085667293519
5 reasons why Legal & General's share price is a brilliant bargain!,https://www.fool.co.uk/2023/01/16/5-reasons-why-legal-generals-share-price-is-a-brilliant-bargain/,"Jan 16, 2023",1.719366991892457e-05
Is FTSE 100 firm Legal & General a no-brainer stock for dividend investors in 2024?,https://www.fool.co.uk/2023/12/11/is-ftse-100-firm-legal-general-a-no-brainer-stock-for-dividend-investors-in-2024/,"Dec 11, 2023",5.915187284699641e-05
"Legal & General snaps up Spitalfields offices, with management fund portfolio now worth £3.8bn - CityAM",https://www.cityam.com/legal-general-acquires-150m-in-new-assets-with-management-fund-portfolio-now-worth-3-8bn/,"Feb 7, 2022",6.23908854322508e-05
Why the Legal & General share price could rally as interest rates fall!,https://www.fool.co.uk/2023/12/20/why-the-legal-general-share-price-could-rally-as-interest-rates-fall/,"Dec 20, 2023",0.00018492010713089257
Legal & General claims it has become Britain's first £1TRILLION investment manager,https://www.thisismoney.co.uk/money/markets/article-6776993/Legal-General-claims-Britains-1TRILLION-investment-manager.html,"Mar 6, 2019",0.9999990463256836
Legal & General adds new services to Virtual Clinic,https://www.covermagazine.co.uk/news/4087054/legal-adds-services-virtual-clinic,"Mar 22, 2023",0.00565894041210413
Tackling health inequality across the UK | Legal & General,https://group.legalandgeneral.com/en/our-purpose/future-proofing-society/tackling-health-inequality-across-the-uk,"Jun 27, 2023",0.0019347476772964
Legal & General and Bruntwood expand Bruntwood SciTech partnership into Scotland with £30m injection into ...,https://group.legalandgeneral.com/en/newsroom/press-releases/legal-general-and-bruntwood-expand-bruntwood-scitech-partnership-into-scotland-with-30m-injection-into-glasgow-s-met-tower,"May 12, 2022",0.023360440507531166
Legal & General modular homes arm reports £119m losses amid wind down,https://www.business-live.co.uk/enterprise/legal--general-modular-homes-28079362,"Nov 10, 2023",0.00011466181604191661
MTVH and Legal & General Affordable Homes shared ownership JV will help nearly two thousand families get a foot on ...,https://group.legalandgeneral.com/en/newsroom/press-releases/mtvh-and-legal-general-affordable-homes-shared-ownership-jv-will-help-nearly-two-thousand-families-get-a-foot-on-the-housing-ladder,"Nov 14, 2022",0.9999189376831055
Why the Legal & General share price could rally as interest rates fall!,https://www.fool.co.uk/2023/12/20/why-the-legal-general-share-price-could-rally-as-interest-rates-fall/,"Dec 20, 2023",0.00018492010713089257
Legal & General adds new services to Virtual Clinic,https://www.covermagazine.co.uk/news/4087054/legal-adds-services-virtual-clinic,"Mar 22, 2023",0.00565894041210413
"Legal & General and Bruntwood JV - Bruntwood Scitech, Post Record Profits | Legal & General",https://group.legalandgeneral.com/en/newsroom/press-releases/legal-general-and-bruntwood-jv-bruntwood-scitech-post-record-profits,"Feb 6, 2023",0.5990661978721619
Legal & General and Oxford University set to deliver new postgraduate accommodation as part of £4bn partnership ...,https://group.legalandgeneral.com/en/newsroom/press-releases/legal-general-and-oxford-university-set-to-deliver-new-postgraduate-accommodation-as-part-of-4bn-partnership,"May 13, 2022",0.03481120988726616
Grand opening of the Lexicon Bracknell this week | Legal & General,https://group.legalandgeneral.com/en/newsroom/press-releases/grand-opening-of-the-lexicon-bracknell-this-week,"Oct 20, 2021",1.2656376384256873e-05
Legal & General announces return to commission on authorisation for protection products,https://ifamagazine.com/legal-general-announces-return-to-commission-on-authorisation-for-protection-products/,"May 16, 2023",0.9278631806373596
L&G combines protection product and commercial teams under Shattock as Jones moves to annuities,https://healthcareandprotection.com/lg-combines-protection-product-and-commercial-teams-under-shattock-as-jones-moves-to-annuities/,"Jan 23, 2023",0.030526308342814445
Legal & General quits modular housing production,https://www.theconstructionindex.co.uk/news/view/legal-general-quits-modular-housing-factory,"May 5, 2023",0.1817566305398941
"Homes England, Muse and Legal & General recommit to The English Cities Fund to develop 6600 more homes and ...",https://www.gov.uk/government/news/homes-england-muse-and-legal-general-recommit-to-the-english-cities-fund-to-develop-6600-more-homes-and-deliver-against-levelling-up-agenda,"Mar 16, 2022",0.0002554984239395708
Legal & General Appoints Caroline Foulger,https://bernews.com/2023/06/legal-general-appoints-caroline-foulger/,"Jun 1, 2023",0.3133159875869751
Legal & General selects Darren Prior to be head of broker,https://www.insuranceage.co.uk/people/3987996/legal-general-selects-darren-prior-to-be-head-of-broker,"May 8, 2019",2.6136551696254173e-06
Legal & General brings in new faces at affordable housing arm,https://www.building.co.uk/news/legal-and-general-brings-in-new-faces-at-affordable-housing-arm/5096216.article,"Oct 24, 2018",2.8297345124883577e-05
Legal & General backs One Manchester housing group,https://www.housingtoday.co.uk/news/legal-and-general-backs-one-manchester-housing-group/5102896.article,"Nov 21, 2019",8.622955647297204e-06
New Legal & General chief Antonio Simoes lands a £7m pay bonanza,https://www.thisismoney.co.uk/money/markets/article-12200063/New-Legal-General-chief-Antonio-Simoes-lands-7m-pay-bonanza.html,"Jun 16, 2023",0.010252653621137142
Legal & General appoints SME investment director,https://www.propertyweek.com/news/legal-general-appoints-sme-investment-director,"Sep 22, 2021",1.6680386352163623e-06
"Cardiff bus interchange gets go-ahead as part of 500,000 sq ft development | GOV.WALES",https://www.gov.wales/cardiff-bus-interchange-gets-go-ahead-part-500000-sq-ft-development,"Jul 30, 2019",0.0002992022200487554
"The BrouHappy podcast, S2 Ep6 | Green Buildings: John Bromley - Legal & General, James Williams - Sero, Matthew ...",https://labmonline.co.uk/podcasts/the-brouhappy-podcast-s2-ep6-green-buildings-john-bromley-legal-general-james-williams-sero-matthew-trewhella-kensa-contracting/,"May 18, 2022",7.383635875157779e-06
"2 dirt cheap, high-yield FTSE 100 shares I'd love to buy right now",https://www.fool.co.uk/2023/11/13/2-dirt-cheap-high-yield-ftse-100-shares-id-love-to-buy-right-now/,"Nov 13, 2023",9.365761070512235e-05
I'd buy these 2 cheap FTSE 100 shares in a heartbeat!,https://www.fool.co.uk/2023/11/05/id-buy-these-2-cheap-ftse-100-shares-in-a-heartbeat/,"Nov 5, 2023",4.768042344949208e-06
The sneaky tactics life insurers use to catch out smokers,https://www.thisismoney.co.uk/money/news/article-4855868/The-sneaky-tactics-life-insurers-use-catch-smokers.html,"Sep 6, 2017",8.268340934591834e-06
Canalside South development in Wolverhampton to be delivered by Legal & General,https://www.pbctoday.co.uk/news/mmc-news/canalside-south-development-wolverhampton-legal-general/116324/,"Sep 30, 2022",0.005444617476314306
Boots offloads £4.8bn pension pot paving way for sale revival,https://www.thisismoney.co.uk/money/markets/article-12788497/Boots-offloads-4-8bn-pension-pot-paving-way-sale-revival.html,"Nov 25, 2023",0.026983510702848434
L&G chief executive Sir Nigel Wilson to retire,https://www.housingtoday.co.uk/news/landg-chief-executive-sir-nigel-wilson-to-retire/5121524.article,"Jan 30, 2023",0.361702561378479
L&G and BoKlok part of Bristol MMC pilot,https://www.housingtoday.co.uk/news/landg-and-boklok-part-of-bristol-mmc-pilot/5106636.article,"Jun 23, 2020",0.004555176943540573
