title,link,date,sentiment_score
History,https://www.lloyds.com/about-lloyds/history,"Jan 24, 2018",4.51E-06
What I Learned about Housing First from Lloyd Pendleton,https://endhomelessness.org/blog/what-i-learned-about-housing-first-from-lloyd-pendleton/,"May 6, 2019",0.000130234
Welding Certification Services,https://www.lr.org/en/services/classification-certification/materials-equipment-components-product-certification/welding-certification-services/,"Jul 27, 2023",0.039975259
Lloyds Bank Stops Direct Financing of Fossil Fuel Projects,https://carboncredits.com/lloyds-bank-ends-fossil-fuel-financing/,"Oct 25, 2022",0.000266628
The Lloyd's Corporation - London,https://www.lloyds.com/about-lloyds/the-corporation,"May 5, 2022",0.001206253
Classification and certification | LR,https://www.lr.org/en/services/classification-certification/,"Jun 27, 2023",0.999878287
Our purpose,https://www.lloyds.com/about-lloyds/our-purpose,"Jan 28, 2021",0.998662114
Claims at Lloyd's,https://www.lloyds.com/about-lloyds/our-market/claims,"Nov 11, 2022",0.999987006
Welcome to Lloyd's Lab - London,https://www.lloyds.com/news-and-insights/lloyds-lab,"Nov 18, 2021",0.983513176
About Lloyd's - Culture at Lloyd's,https://www.lloyds.com/about-lloyds/culture,"Sep 26, 2022",0.999763548
Cyber,https://www.lloyds.com/about-lloyds/our-market/what-we-insure/cyber,"May 5, 2022",0.999982476
"Lloyd's, marine insurance and slavery - Lloyd's",https://www.lloyds.com/about-lloyds/history/the-trans-atlantic-slave-trade/lloyds-marine-insurance-and-slavery,"Oct 4, 2022",6.58E-05
Market Oversight,https://www.lloyds.com/conducting-business/market-oversight,"Dec 17, 2021",0.534194529
Apprentices - London,https://www.lloyds.com/about-lloyds/careers/early-careers/apprentices,"Mar 29, 2022",0.000113984
Lloyd's Futureset - London,https://www.lloyds.com/news-and-insights/futureset,"Feb 8, 2021",0.999964833
Resources and servic... - Salvage Arbitration Branch,https://www.lloyds.com/resources-and-services/salvage-arbitration-branch,"May 30, 2023",3.13E-06
Lloyd's around the world,https://www.lloyds.com/lloyds-around-the-world,"Jan 24, 2018",0.998466372
Resources and servic... - Learning at Lloyd's,https://www.lloyds.com/resources-and-services/learning-at-lloyds,"Jan 15, 2021",0.069173656
Lloyd's Agency Network,https://www.lloyds.com/resources-and-services/lloyds-agency-network,"May 31, 2023",5.83E-05
Lloyd Noble Center - University of Oklahoma,https://soonersports.com/sports/2019/8/9/208803893,"Aug 9, 2019",6.11E-07
Houthis 'hijack' Israeli-owned car carrier Galaxy Leader,https://www.lloydslist.com/LL1147314/Houthis-hijack-Israeli-owned-car-carrier-Galaxy-Leader,"Nov 19, 2023",8.20E-06
Blueprint Two,https://www.lloyds.com/about-lloyds/blueprint-two,"Sep 26, 2023",0.999493599
Navigating the Underwriting Room,https://www.lloyds.com/resources-and-services/visiting-the-lloyds-building/access/navigating-the-underwriting-room,"Nov 14, 2022",1.15E-06
Lloyd J. Austin III > U.S,https://www.defense.gov/About/Biographies/Biography/article/2522687/lloyd-j-austin-iii/,"Nov 20, 2021",1.53E-06
Rear Admiral Jason M. Lloyd > United States Navy > Search,https://www.navy.mil/Leadership/Flag-Officer-Biographies/Search/Article/2293939/rear-admiral-jason-m-lloyd/,"Feb 21, 2022",2.81E-07
Chrishana M. Lloyd - Child Trends,https://www.childtrends.org/staff/chrishana-lloyd,"Jun 1, 2018",0.000964287
About Lloyd's - Our strategy,https://www.lloyds.com/about-lloyds/strategy,"Mar 30, 2019",0.006624588
Jennifer R. Lloyd - St. Mary's Law,https://law.stmarytx.edu/academics/faculty/jennifer-lloyd/,"Jan 12, 2017",9.31E-07
MarShawn Lloyd - Football,https://usctrojans.com/sports/football/roster/marshawn-lloyd/15770,"Jul 21, 2023",7.24E-08
'A Time for American Leadership': Remarks by Secretary of Defense Lloyd J. Austin III at t,https://www.defense.gov/News/Speeches/Speech/Article/3604755/a-time-for-american-leadership-remarks-by-secretary-of-defense-lloyd-j-austin-i/,"Dec 2, 2023",2.81E-07
Extreme weather leading to food and water shock,https://www.lloyds.com/news-and-insights/futureset/futureset-insights/systemic-risk-scenarios/extreme-weather-leading-to-food-and-water-shortage,"Oct 11, 2023",0.001137633
How I Broke Into a Bank Account With an AI-Generated Voice,https://www.vice.com/en/article/dy7axa/how-i-broke-into-a-bank-account-with-an-ai-generated-voice,"Feb 23, 2023",3.01E-05
Secretary of Defense Lloyd J. Austin III,https://www.defense.gov/About/Secretary-of-Defense/,"Sep 22, 2021",5.77E-05
Lloyd's and Moody's to develop an emissions accounting solution through the Lloyd's Lab,https://www.lloyds.com/about-lloyds/media-centre/press-releases/lloyds-and-moodys-to-develop-an-emissions-accounting-solution-through-the-lloyds-lab,"Sep 14, 2023",0.116574958
Dr. Lloyd R Hicken Obituary 2021 - Russon Mortuary & Crematory,https://www.russonmortuary.com/obituaries/dr-lloyd-r-hicken,"Aug 16, 2021",8.69E-06
A world at risk,https://www.lloyds.com/worldatrisk,"Oct 22, 2018",0.000978376
SecureShare - London,https://www.lloyds.com/resources-and-services/secureshare,"Jun 8, 2021",0.000113984
Maritime Careers,https://www.lr.org/en/careers/,"Jun 17, 2019",0.99992013
Remarks by Secretary of Defense Lloyd J. Austin III at a Joint Press Conference in Israel,https://www.defense.gov/News/Speeches/Speech/Article/3556833/remarks-by-secretary-of-defense-lloyd-j-austin-iii-at-a-joint-press-conference/,"Oct 13, 2023",2.81E-07
Lloyd's Maritime Academy I Informa Connect Academy | Lloyd's Maritime Academy,https://informaconnect.com/lloyds-maritime-academy/,"Dec 5, 2019",0.461261094
Edward Lloyd | Columbia Law School,https://www.law.columbia.edu/faculty/edward-lloyd-0,"Aug 9, 2023",8.46E-06
Our Global Reach and Multinational Capability,https://www.lloyds.com/conducting-business/multinational-policies-playbook,"Aug 23, 2023",0.998330891
Lloyd's CEO: Cyber attacks cost companies $400 billion every year,https://fortune.com/2015/01/23/cyber-attack-insurance-lloyds/,"Jan 23, 2015",0.000799529
Patrick Lloyd Bio | Office of the President,https://www.stonybrook.edu/commcms/pres/governance/lloyd-bio.php,"Oct 16, 2022",1.18E-06
LR ships in class - Online register of classed ships | LR,https://www.lr.org/en/about-us/who-we-are/lr-ships-in-class/,"Jun 27, 2023",1.52E-06
Lloyds accused of ‘stuffing bankers’ pockets’ as it proposes £9.1m CEO deal,https://www.theguardian.com/business/2023/feb/22/lloyds-bankers-bonus-pot,"Feb 22, 2023",0.007456711
Lloyds beats profit forecast on higher interest rates and drop in defaults,https://www.ft.com/content/fa60fe7a-3ab4-4661-a4ca-800cd22e1537,"Oct 25, 2023",3.87E-06
"T. Preston Lloyd, Jr. | Real Estate Attorney Richmond, VA",https://www.williamsmullen.com/people/t-preston-lloyd-jr,"Feb 1, 2019",1.54E-06
Lloyds embraces hybrid working with 20% cut in office space,https://www.theguardian.com/business/2021/feb/24/lloyds-profits-plunge-covid-defaults-dividend-payments,"Feb 24, 2021",0.00052957
Interview: Ben Lloyd-Hughes on Sanditon's Final Season,https://www.pbs.org/wgbh/masterpiece/specialfeatures/sanditon-season-3-ben-lloyd-hughes-interview/,"Apr 24, 2023",0.001396749
Why Lloyd's?,https://www.lloyds.com/about-lloyds/why-lloyds,"Feb 14, 2023",1
Lloyd's building is Richard Rogers' first high-tech office block,https://www.dezeen.com/2019/11/19/lloyds-building-richard-rogers-high-tech-london/,"Nov 19, 2019",5.59E-05
Investments at Lloyd's,https://www.lloyds.com/resources-and-services/investment,"May 3, 2022",0.000113984
Indie businesses thrive as Lloyd Center mall reinvents itself — again,https://www.opb.org/article/2023/06/11/indie-businesses-thrive-portland-oregon-lloyd-center-mall-future/,"Jun 11, 2023",1.34E-06
Lloyd's of London and Greene King to make slave trade reparations,https://www.theguardian.com/world/2020/jun/18/lloyds-of-london-and-greene-king-to-make-slave-trade-reparations,"Jun 17, 2020",0.000528666
Lloyds bank accounts targeted in huge cybercrime attack,https://www.theguardian.com/business/2017/jan/23/lloyds-bank-accounts-targeted-cybercrime-attack,"Jan 23, 2017",0.000438177
Nicholas Lloyd McQuaid,https://www.lw.com/en/people/nicholas-mcquaid,"Nov 23, 2022",3.15E-05
Devin Lloyd - Jacksonville Jaguars Linebacker,https://www.espn.com/nfl/player/_/id/4243256/devin-lloyd,"Apr 30, 2022",0.016158925
Lloyd's market to quit fossil fuel insurance by 2030,https://www.theguardian.com/business/2020/dec/17/lloyds-market-to-quit-fossil-fuel-insurance-by-2030,"Dec 17, 2020",3.71E-05
Carli Lloyd: Why I'm Fighting for Equal Pay (Published 2016),https://www.nytimes.com/2016/04/11/sports/soccer/carli-lloyd-why-im-fighting-for-equal-pay.html,"Apr 10, 2016",0.995017231
Annual report 2023,https://www.lloydsbankinggroup.com/investors/annual-report.html,"Dec 2, 2020",0.997502506
Lloyd's market to quit fossil fuel insurance by 2030,https://www.theguardian.com/business/2020/dec/17/lloyds-market-to-quit-fossil-fuel-insurance-by-2030,"Dec 17, 2020",3.71E-05
Carli Lloyd: Why I’m Fighting for Equal Pay (Published 2016),https://www.nytimes.com/2016/04/11/sports/soccer/carli-lloyd-why-im-fighting-for-equal-pay.html,"Apr 10, 2016",0.995017231
Annual report 2023,https://www.lloydsbankinggroup.com/investors/annual-report.html,"Dec 2, 2020",0.997502506
Colonel John Lloyd,https://www.usace.army.mil/About/Leadership/Bio-Article-View/Article/1634632/colonel-john-lloyd/,"Sep 15, 2018",1.12E-06
Maritime Decarbonisation Hub,https://www.lr.org/en/expertise/maritime-energy-transition/maritime-decarbonisation-hub/,"Jul 6, 2023",0.906203091
Containers Data Hub,https://lloydslist.com/markets/containers,"Sep 30, 2023",0.515685618
Group Executive Committee,https://www.lloydsbankinggroup.com/who-we-are/group-overview/group-executive-committee.html,"Jan 29, 2021",9.97E-06
Contact us,https://www.lr.org/en/contact-us/,"Jan 30, 2018",0.999929786
Sign-in to the LR Client Portal,https://www.lr.org/en/sign-in-client-portal/,"Jun 27, 2023",5.99E-06
Chief Master Sergeant LLOYD E. MORALES,https://www.wpafb.af.mil/Welcome/Biographies/Display/Article/3085934/lloyd-e-morales/,"Jul 19, 2022",5.32E-07
Lloyds back with a bang as RMBS trumps covereds,https://www.globalcapital.com/securitization/article/2boibmjoulndf10apvrwh/securitization/rmbs/lloyds-back-with-a-bang-as-rmbs-trumps-covereds,"May 18, 2023",0.521543562
Lloyd's of London 'deeply sorry' over slavery links,https://www.bbc.com/news/business-67354167,"Nov 8, 2023",1.16E-05
Overview of the Lloyd's Register Group | LR,https://www.lr.org/en/about-us/who-we-are/,"Jun 27, 2023",0.999998093
Prelude officially enters into Lloyd’s Register class.,https://www.lr.org/en/knowledge/press-room/press-listing/press-release/prelude-officially-enters-into-lloyds-register-class/,"Aug 23, 2017",0.034714323
Why Lloyd Returned To Music,https://www.thefader.com/2017/01/30/lloyd-tru-interview,"Jan 30, 2017",0.00015907
"More than 2,500 jobs at risk in Lloyds shake-up",https://www.theguardian.com/business/2023/nov/24/more-than-2500-jobs-at-risk-in-lloyds-shake-up,"Nov 24, 2023",0.135624051
Find Inspiration on Wisconsin's Frank Lloyd Wright Trail,https://www.travelwisconsin.com/frank-lloyd-wright,"Dec 2, 2016",3.08E-06
The impact of women in tech,https://www.lloydsbankinggroup.com/insights/the-impact-of-women-in-tech.html,"Jan 11, 2023",0.999172091
"Matt Lloyd Stats, Age, Position, Height, Weight, Fantasy & News | MiLB.com",https://www.milb.com/player/matt-lloyd-651016,"Mar 15, 2021",2.98E-07
Innovate ship design | Lloyd's Register | LR,https://www.lr.org/en/expertise/innovative-ship-design/,"Jun 27, 2023",0.999998689
Lloyds chief urges UK policymakers to keep their hands off banks’ profits,https://www.theguardian.com/business/2023/nov/28/lloyds-ceo-charlie-nunn-banks-profits-windfall-tax,"Nov 28, 2023",0.084225282
Lloyds pushes on with Telegraph auction despite new Barclay offer,https://www.ft.com/content/4039dbc2-3a34-4c9d-bbea-00048c9191d1,"Oct 16, 2023",3.87E-06
Lloyds tells office staff to be back in the building two days a week,https://www.ft.com/content/74ecf77e-df73-4d43-9bfe-153ec3a3f025,"Apr 27, 2023",3.87E-06
Hatton Garden ringleader 'also masterminded Lloyds heist 45 years ago',https://www.independent.co.uk/news/uk/crime/hatton-garden-ringleader-brian-reader-also-masterminded-lloyds-baker-street-heist-45-years-ago-a6814956.html,"Jan 15, 2016",1.56E-05
The Beautiful Bay Bridge Frank Lloyd Wright Never Got to Build,https://www.kqed.org/news/11642644/the-beautiful-bay-bridge-frank-lloyd-wright-never-got-to-build,"Jun 10, 2021",6.76E-07
Lloyd's of London to divest from coal over climate change,https://www.theguardian.com/business/2018/jan/21/lloyds-of-london-to-divest-from-coal-over-climate-change,"Jan 21, 2018",5.73E-05
Ukraine: A conflict that changed the world – the (re)insurance industry response,https://www.lloyds.com/news-and-insights/futureset/futureset-insights/ukraine-insurance-industry-response,"Oct 13, 2022",0.079120502
Ring-fencing,https://www.lloydsbankinggroup.com/who-we-are/group-overview/ring-fencing.html,"Dec 1, 2020",0.007691838
"Knowledge Hub: Research reports, class news & insights",https://www.lr.org/en/knowledge/,"Jun 27, 2023",0.999929786
"Diversity, equity, and inclusion",https://www.lr.org/en/about-us/who-we-are/diversity-inclusion/,"Jun 27, 2023",0.970527649
Lloyds reshuffles bankers as part of chief’s new strategy,https://www.ft.com/content/ef8c5d05-4f0e-4f45-abe8-fec9f00ff5d7,"Jun 29, 2022",3.87E-06
Upfront costs biggest barrier to green home improvements,https://www.lloydsbankinggroup.com/media/press-releases/2023/lloyds-banking-group-2023/upfront-costs-biggest-barrier-to-green-home-improvements.html,"Nov 23, 2023",0.996985257
Diversity and inclusion,https://www.lloydsbankinggroup.com/who-we-are/responsible-business/inclusion-and-diversity.html,"Dec 1, 2020",0.999946952
Lloyds rebuffs Barclay family’s latest £1bn attempt to regain Telegraph,https://www.ft.com/content/fa336412-ad3a-4b3e-bef1-894c08413573,"Nov 2, 2023",3.87E-06
Purpose and strategy,https://www.lloydsbankinggroup.com/who-we-are/our-strategy.html,"Dec 1, 2020",0.997529328
Retired British woman volunteering in Ukraine has bank account shut by Lloyds,https://www.theguardian.com/business/2023/jun/18/retired-british-woman-volunteering-in-ukraine-has-bank-account-shut-by-lloyds,"Jun 18, 2023",3.31E-05
Building a data-driven culture,https://www.lloydsbankinggroup.com/insights/building-a-data-driven-culture.html,"May 25, 2023",0.98374337
8 Frank Lloyd Wright Locations You Can Rent for Vacation,https://www.midwestliving.com/travel/around-region/frank-lloyd-wright-vacation-rentals-midwest/,"May 27, 2023",5.31E-07
About us,https://www.lloydsbankinggroup.com/who-we-are/group-overview.html,"Dec 1, 2020",0.999998808
Lloyds Banking Group appoints Dr Rebecca Heaton as Director of Environmental Sustainability,https://www.lloydsbankinggroup.com/media/press-releases/2022/lloyds-banking-group/lloyds-banking-group-appoints-dr-rebecca-heaton-director-of-environmental-sustainability.html,"Apr 21, 2022",0.030087048
"A Chicago Suburb Is Home to More Frank Lloyd Wright Homes Than Anywhere in the World, And They’re Showcased in a Walking Tour Each Year",https://news.artnet.com/art-world/frank-lloyd-wright-house-tour-chicago-2310117,"Jun 12, 2023",1.06E-07
Risk management,https://www.lloydsbankinggroup.com/who-we-are/group-overview/risk-management.html,"Feb 24, 2022",0.357042551
Lloyd's finds major hack of a payments system could cost $3.5tn,https://www.ft.com/content/f4f09c0d-19aa-41c4-ac72-5f3395118960,"Oct 18, 2023",3.87E-06
Advancing our collaboration with fintechs,https://www.lloydsbankinggroup.com/insights/advancing-our-collaboration-with-fintechs.html,"Jun 13, 2023",0.99994421
Lloyd Doggett,https://ballotpedia.org/Lloyd_Doggett,"Nov 9, 2015",0.000196419
Crisis partnership,https://www.lloydsbankinggroup.com/who-we-are/responsible-business/crisis-partnership.html,"Apr 18, 2023",0.999986053
Why invest in Lloyds Banking Group?,https://www.lloydsbankinggroup.com/investors/why-invest-lloyds-banking-group.html,"Jun 15, 2021",1
Launching a new digital proposition: Lloyds Bank 360,https://www.lloydsbankinggroup.com/insights/launching-lloyds-bank-360.html,"Sep 21, 2023",3.72E-06
What it means to be Head of Nature at Lloyds Banking Group,https://www.lloydsbankinggroup.com/insights/what-it-means-to-be-head-of-nature-at-lloyds-banking-group.html,"Sep 19, 2023",0.001408657
Lloyds boss calls for more UK green investment,https://www.ft.com/content/ad7e4e0e-f6e2-44ef-b3cb-05b6d60321e4,"Nov 28, 2023",3.87E-06
What we do,https://www.lloydsbankinggroup.com/who-we-are/what-we-do.html,"Nov 20, 2023",0.999999404
Responsible sourcing and supplier management,https://www.lloydsbankinggroup.com/who-we-are/working-with-suppliers/responsible-sourcing-supplier-management.html,"Dec 1, 2020",0.999889731
The Housebuilding Sustainability Finance Framework,https://www.lloydsbankinggroup.com/who-we-are/what-we-do/supporting-the-uk-housing-market/sustainability-finance-framework-housebuilders.html,"Nov 21, 2023",0.006066517
Our operational emissions,https://www.lloydsbankinggroup.com/who-we-are/sustainability/our-operational-climate-pledges.html,"May 18, 2022",0.001241813
Lloyds Bank aims to be UK's biggest private landlord by 2025,https://www.independent.co.uk/business/lloyds-bank-aims-to-be-uk-s-biggest-private-landlord-by-2025-b1905081.html,"Aug 19, 2021",5.33E-06
Two-thirds of all online shopping scams now start on Facebook and Instagram,https://www.lloydsbankinggroup.com/media/press-releases/2023/lloyds-banking-group-2023/two-thirds-of-all-online-shopping-scams-now-start-on-facebook-and-instagram.html,"May 30, 2023",0.012657357
Customers now able to set personalised gambling spend limits,https://www.lloydsbankinggroup.com/media/press-releases/2022/lloyds-bank/customers-now-able-to-set-personalised-gambling-spend-limits.html,"Nov 18, 2022",7.58E-06
Media centre,https://www.lloydsbankinggroup.com/media.html,"Dec 1, 2020",0.000172277
Press releases,https://www.lloydsbankinggroup.com/media/press-releases.html,"Dec 1, 2020",9.59E-05
Frank Lloyd Wright merged east and west at Tokyo's Imperial Hotel,https://www.dezeen.com/2017/06/15/imperial-hotel-tokyo-japan-frank-lloyd-wright-150th-anniversary/,"Jun 15, 2017",4.15E-07
Annual report archive,https://www.lloydsbankinggroup.com/investors/annual-report/annual-report-archive.html,"Dec 2, 2020",7.37E-05
The next chapter for Lloyds Banking Group,https://www.lloydsbankinggroup.com/insights/next-chapter-for-lloyds-banking-group.html,"Feb 24, 2022",0.999982119
Lloyds' profits hit by increased competition on mortgages and savings,https://www.ft.com/content/d0fca841-2991-4390-a4af-a9c72bef12d7,"Jul 26, 2023",3.87E-06
What's next for Lloyds Banking Group in 2023?,https://www.lloydsbankinggroup.com/insights/whats-next-for-lloyds-banking-group-2023.html,"Feb 22, 2023",0.126401767
Lloyds Bank careers,https://www.lloydsbankinggroup.com/careers/our-brands/lloyds-bank.html,"Dec 1, 2020",0.936125219
Warning over surge in advance fee scams,https://www.lloydsbankinggroup.com/media/press-releases/2023/lloyds-bank-2023/urgent-warning-issued-over-surge-in-advance-fee-scams.html,"Jan 24, 2023",0.032517347
LGBTQ+,https://www.lloydsbankinggroup.com/who-we-are/responsible-business/inclusion-and-diversity/lgbt.html,"Dec 9, 2020",0.999967456
Lloyds Banking Group 2022 press releases,https://www.lloydsbankinggroup.com/media/press-releases/2022/lloyds-banking-group.html,"Dec 23, 2021",0.000370944
Number of WhatsApp scams has surged,https://www.lloydsbankinggroup.com/media/press-releases/2022/lloyds-bank/whatsapp-scams-surge-by-over-2000-per-cent-in-a-year.html,"Jan 31, 2022",1.54E-05
Lloyd Garfield Ash - Obituary,https://www.carnells.com/obituaries/lloyd-garfield-ash/,"Oct 7, 2021",3.96E-06
How we work with fintechs,https://www.lloydsbankinggroup.com/who-we-are/working-with-suppliers/collaborating-with-fintechs.html,"Dec 2, 2020",4.98E-05
Making homes greener,https://www.lloydsbankinggroup.com/who-we-are/sustainability/making-homes-greener.html,"Nov 15, 2023",0.004158753
New homes are the best way to end homelessness,https://www.lloydsbankinggroup.com/insights/new-homes-best-way-to-end-homelessness.html,"Apr 20, 2023",1.18E-05
Criminals turn to romance scams as reports soar by 30%,https://www.lloydsbankinggroup.com/media/press-releases/2023/lloyds-bank-2023/criminals-turn-to-romance-scams-as-reports-soar-by-30-per-cent.html,"Feb 7, 2023",4.89E-06
Lloyds Banking Group completes acquisition of Cavendish Online,https://www.lloydsbankinggroup.com/insights/lloyds-banking-group-completes-acquisition-of-cavendish-online.html,"Dec 1, 2022",0.995645523
Lloyds chief swings the axe as honeymoon period ends,https://www.telegraph.co.uk/business/2023/12/02/lloyds-group-chief-charlie-nunn-honeymoon-period/,"Dec 2, 2023",0.000574574
The top challenges for UK SMEs in 2023,https://www.lloydsbankinggroup.com/insights/the-top-challenges-for-uk-smes-in-2023.html,"Feb 14, 2023",0.999051273
Lloyds Bank releases new Digital ID app with Yoti,https://www.lloydsbankinggroup.com/media/press-releases/2023/lloyds-bank-2023/lloyds-bank-releases-new-digital-id-app-with-yoti.html,"Oct 3, 2023",0.005158911
Lloyds unfair dismissal: Manager sacked after racial slur,https://www.personneltoday.com/hr/lloyds-unfair-dismissal-racial-slur/,"Sep 1, 2023",7.58E-05
Is Lloyds Engineering Works still a 'buy' after a 196% rally in 2023? Here's what Ventura Securities says | Stock Market News,https://www.livemint.com/market/stock-market-news/is-lloyds-engineering-works-still-a-buy-after-a-196-rally-in-2023-heres-what-ventura-securities-says-11703494588515.html,"Dec 25, 2023",1
Bank of Scotland,https://www.lloydsbankinggroup.com/who-we-are/our-brands/bank-of-scotland.html,"Dec 1, 2020",0.999484301
Customer complaints data,https://www.lloydsbankinggroup.com/who-we-are/group-overview/complaints-data.html,"Dec 1, 2020",0.996353388
Our Roll of Honour,https://www.lloydsbankinggroup.com/who-we-are/our-heritage/our-roll-of-honour.html,"Dec 1, 2020",0.000157309
Group invests €3 million in Enigio to accelerate use of digital documentation in trade,https://www.lloydsbankinggroup.com/media/press-releases/2023/lloyds-banking-group-2023/lloyds-banking-group-invests-three-million-euros-in-enigio-to-accelerate-use-of-digital-documentation-in-trade.html,"Sep 18, 2023",0.997997701
Breathing space regulations are important– but tackling problem debt requires u,https://www.lloydsbankinggroup.com/insights/breathing-space-regulations-problem-debt-needs-us-to-come-together.html,"May 14, 2021",0.000421224
Our values,https://www.lloydsbankinggroup.com/careers/culture-and-inclusion/values.html,"Dec 1, 2020",0.015667247
Charlie Nunn: day one as Chief Executive,https://www.lloydsbankinggroup.com/insights/charlie-nunn-day-one.html,"Aug 16, 2021",0.910761774
Sale of public's stake in Lloyds to restart shortly,https://www.gov.uk/government/news/sale-of-publics-stake-in-lloyds-to-restart-shortly,"Oct 7, 2016",8.26E-05
Lloyds Bank 2023 press releases,https://www.lloydsbankinggroup.com/media/press-releases/2023/lloyds-bank-2023.html,"Jan 3, 2023",0.002445789
Reducing electricity and gas usage across our offices and data centres,https://www.lloydsbankinggroup.com/who-we-are/sustainability/our-operational-climate-pledges/reducing-electricity-gas-usage.html,"Mar 8, 2023",0.99889189
Net zero carbon operations at Lloyds Bank Oxford Street,https://www.lloydsbankinggroup.com/who-we-are/sustainability/our-operational-climate-pledges/net-zero-carbon-operations-lloyds-bank-oxford-street.html,"Aug 21, 2022",0.519393682
to acquire Embark Group - Lloyds Banking Group plc,https://www.lloydsbankinggroup.com/insights/lloyds-banking-group-to-acquire-embark-group.html,"Jul 29, 2021",0.999974489
Lloyds Banking Group 2022 press releases,https://www.lloydsbankinggroup.com/media/press-releases/2022/lloyds-banking-group.html,"Dec 23, 2021",0.000370944
Number of WhatsApp scams has surged,https://www.lloydsbankinggroup.com/media/press-releases/2022/lloyds-bank/whatsapp-scams-surge-by-over-2000-per-cent-in-a-year.html,"Jan 31, 2022",1.54E-05
Money mules: how we're protecting our customers from financial fraud,https://www.lloydsbankinggroup.com/insights/money-mules-how-were-protecting-our-customers-from-financial-fraud.html,"Oct 6, 2022",0.000363294
How we work with fintechs,https://www.lloydsbankinggroup.com/who-we-are/working-with-suppliers/collaborating-with-fintechs.html,"Dec 2, 2020",4.98E-05
Making homes greener,https://www.lloydsbankinggroup.com/who-we-are/sustainability/making-homes-greener.html,"Nov 15, 2023",0.004158753
New homes are the best way to end homelessness,https://www.lloydsbankinggroup.com/insights/new-homes-best-way-to-end-homelessness.html,"Apr 20, 2023",1.18E-05
Criminals turn to romance scams as reports soar by 30%,https://www.lloydsbankinggroup.com/media/press-releases/2023/lloyds-bank-2023/criminals-turn-to-romance-scams-as-reports-soar-by-30-per-cent.html,"Feb 7, 2023",4.89E-06
Lloyds Banking Group completes acquisition of Cavendish Online,https://www.lloydsbankinggroup.com/insights/lloyds-banking-group-completes-acquisition-of-cavendish-online.html,"Dec 1, 2022",0.995645523
Lloyds chief swings the axe as honeymoon period ends,https://www.telegraph.co.uk/business/2023/12/02/lloyds-group-chief-charlie-nunn-honeymoon-period/,"Dec 2, 2023",0.000574574
The top challenges for UK SMEs in 2023,https://www.lloydsbankinggroup.com/insights/the-top-challenges-for-uk-smes-in-2023.html,"Feb 14, 2023",0.999051273
Lloyds Bank releases new Digital ID app with Yoti,https://www.lloydsbankinggroup.com/media/press-releases/2023/lloyds-bank-2023/lloyds-bank-releases-new-digital-id-app-with-yoti.html,"Oct 3, 2023",0.005158911
Is Lloyds Engineering Works still a 'buy' after a 196% rally in 2023? Here's what Ventura Securities says | Stock Market News,https://www.livemint.com/market/stock-market-news/is-lloyds-engineering-works-still-a-buy-after-a-196-rally-in-2023-heres-what-ventura-securities-says-11703494588515.html,"Dec 25, 2023",1
Bank of Scotland,https://www.lloydsbankinggroup.com/who-we-are/our-brands/bank-of-scotland.html,"Dec 1, 2020",0.999484301
Understanding and supporting customers in vulnerable circumstances,https://www.lloydsbankinggroup.com/insights/understanding-and-supporting-customers-in-vulnerable-circumstances.html,"Nov 25, 2021",0.096679598
Customer complaints data,https://www.lloydsbankinggroup.com/who-we-are/group-overview/complaints-data.html,"Dec 1, 2020",0.996353388
Our Roll of Honour,https://www.lloydsbankinggroup.com/who-we-are/our-heritage/our-roll-of-honour.html,"Dec 1, 2020",0.000157309
Group invests €3 million in Enigio to accelerate use of digital documentation in trade,https://www.lloydsbankinggroup.com/media/press-releases/2023/lloyds-banking-group-2023/lloyds-banking-group-invests-three-million-euros-in-enigio-to-accelerate-use-of-digital-documentation-in-trade.html,"Sep 18, 2023",0.997997701
Our values,https://www.lloydsbankinggroup.com/careers/culture-and-inclusion/values.html,"Dec 1, 2020",0.015667247
Charlie Nunn: day one as Chief Executive,https://www.lloydsbankinggroup.com/insights/charlie-nunn-day-one.html,"Aug 16, 2021",0.910761774
UK’s first digital promissory note purchase,https://www.lloydsbankinggroup.com/media/press-releases/2022/lloyds-bank/lloyds-bank-completes-uks-first-digital-promissory-note-purchase.html,"Aug 18, 2022",7.52E-05
Sale of public's stake in Lloyds to restart shortly,https://www.gov.uk/government/news/sale-of-publics-stake-in-lloyds-to-restart-shortly,"Oct 7, 2016",8.26E-05
Lloyds Bank 2023 press releases,https://www.lloydsbankinggroup.com/media/press-releases/2023/lloyds-bank-2023.html,"Jan 3, 2023",0.002445789
Reducing electricity and gas usage across our offices and data centres,https://www.lloydsbankinggroup.com/who-we-are/sustainability/our-operational-climate-pledges/reducing-electricity-gas-usage.html,"Mar 8, 2023",0.99889189
Net zero carbon operations at Lloyds Bank Oxford Street,https://www.lloydsbankinggroup.com/who-we-are/sustainability/our-operational-climate-pledges/net-zero-carbon-operations-lloyds-bank-oxford-street.html,"Aug 21, 2022",0.519393682
Frequently asked questions for suppliers,https://www.lloydsbankinggroup.com/who-we-are/working-with-suppliers/faqs.html,"Dec 2, 2020",0.000197698
Farming our Future,https://www.lloydsbankinggroup.com/insights/farming-our-future.html,"Sep 25, 2023",0.002521019
Cookie policy,https://www.lloydsbankinggroup.com/cookie-notice.html,"Dec 1, 2020",0.000326452
Lloyds Bank completes first digital trade transaction under new UK legislation,https://www.lloydsbankinggroup.com/media/press-releases/2023/lloyds-bank-2023/lloyds-bank-completes-first-digital-trade-transaction-under-new-.html,"Sep 20, 2023",0.030251559
Lloyds Banking Group and Crisis Partnership,https://www.crisis.org.uk/ending-homelessness/lloyds-banking-group-and-crisis-partnership/,"Oct 12, 2023",2.06E-05
Lloyds Bank 2024 press releases,https://www.lloydsbankinggroup.com/media/press-releases/2024/lloyds-bank-2024.html,"Dec 29, 2023",9.59E-05
Rewilding The Mound – green spaces at our Edinburgh office,https://www.lloydsbankinggroup.com/who-we-are/sustainability/our-operational-climate-pledges/rewilding-the-mound.html,"Aug 19, 2022",0.003327998
Lloyds issued with legal directions for PPI breaches,https://www.gov.uk/government/news/lloyds-issued-with-legal-directions-for-ppi-breaches,"Oct 4, 2018",0.002028806
Lloyds Bank grows North West team to increase support for corporate clients across region,https://www.lloydsbankinggroup.com/media/press-releases/2023/lloyds-bank-2023/lloyds-bank-grows-north-west-team-to-increase-support-for-corporate-clients-across-region.html,"Dec 22, 2023",0.937783539
"Go green, go digital",https://www.lloydsbankinggroup.com/investors/shareholder-information/go-digital.html,"Dec 21, 2021",1.63E-05
"UK house prices will not stop falling until 2025, Lloyds predicts",https://www.theguardian.com/business/2023/oct/25/uk-house-prices-will-not-stop-falling-until-2025-lloyds-predicts,"Oct 25, 2023",0.00213302
Warning over rising threat of crypto scams,https://www.lloydsbankinggroup.com/media/press-releases/2023/lloyds-bank-2023/lloyds-bank-issues-warning-over-crypto-scams.html,"Nov 10, 2023",7.46E-06
Suresh Balaji joins Lloyds Banking Group as Chief Marketing Officer,https://www.lloydsbankinggroup.com/media/press-releases/2023/lloyds-banking-group-2023/suresh-balaji-joins-lloyds-banking-group-as-chief-marketing-offi.html,"Oct 12, 2023",0.997599661
Colleague stories,https://www.lloydsbankinggroup.com/careers/colleague-stories.html,"Jun 6, 2023",0.008195451
Government shareholding in Lloyds Banking Group,https://www.gov.uk/government/news/government-shareholding-in-lloyds-banking-group,"May 17, 2017",8.07E-06
Chirantan Barua to join Lloyds Banking Group as CEO of Scottish Widows,https://www.lloydsbankinggroup.com/media/press-releases/2022/lloyds-banking-group/chirantan-barua-to-join-lloyds-banking-group-as-ceo-of-scottish-.html,"Nov 16, 2022",0.002126172
Learning and development,https://www.lloydsbankinggroup.com/careers/learn-and-develop.html,"Dec 2, 2020",0.010383379
Lloyds Bank partners with Fiserv to widely offer wholesale FX rates to UK and European Merchants on card transactions,https://www.lloydsbankinggroup.com/media/press-releases/2023/lloyds-bank-2023/lloyds-bank-partners-with-fiserv-to-widely-offer-wholesale-fx-ra.html,"Sep 19, 2023",0.999997377
November 2023 Business Barometer,https://www.lloydsbankinggroup.com/media/press-releases/2023/lloyds-bank-2023/november-2023-business-barometer.html,"Nov 30, 2023",0.999505401
Profits up at Lloyds - as it warns house prices to keep falling until 2025,https://news.sky.com/story/lloyds-profit-and-net-interest-margin-up-despite-fall-on-the-horizon-12992145,"Oct 25, 2023",0.017629208
Lloyds fined £218m over Libor rate rigging scandal,https://www.bbc.co.uk/news/business-28528349,"Jul 28, 2014",0.00174161
Lloyds to launch £600m Telegraph auction after seizing control,https://news.sky.com/story/lloyds-to-launch-600m-telegraph-auction-after-seizing-control-12897863,"Jun 7, 2023",2.62E-06
Culture and inclusion,https://www.lloydsbankinggroup.com/careers/culture-and-inclusion.html,"Dec 1, 2020",0.470224977
Lloyds Banking Group 2024 press releases,https://www.lloydsbankinggroup.com/media/press-releases/2024/lloyds-banking-group-2024.html,"Dec 21, 2023",0.082277283
Working in tech and data,https://www.lloydsbankinggroup.com/careers/roles-and-departments/tech-and-transformation.html,"Dec 1, 2020",0.999934793
Lloyds Banking Group acquires low emission vehicle leasing company Tusker,https://www.lloydsbankinggroup.com/media/press-releases/2023/lloyds-banking-group-2023/lloyds-banking-group-acquires-tusker.html,"Feb 22, 2023",0.999849558
Roles and departments,https://www.lloydsbankinggroup.com/careers/roles-and-departments.html,"Dec 1, 2020",0.997886002
How can we fix the UK's cladding crisis?,https://www.lloydsbankinggroup.com/insights/how-can-we-fix-the-uks-cladding-crisis.html,"Jan 25, 2023",0.003392508
Providing additional support for those impacted by domestic abuse,https://www.lloydsbankinggroup.com/insights/providing-additional-support-for-those-impacted-by-domestic-abus.html,"Dec 2, 2020",0.006886757
Privacy,https://www.lloydsbankinggroup.com/privacy.html,"Dec 1, 2020",2.18E-05
News and insight,https://www.lloydsbankinggroup.com/insights.html,"Dec 1, 2020",1.67E-05
Benefits,https://www.lloydsbankinggroup.com/careers/benefits.html,"Dec 1, 2020",0.999513745
Decarbonising the UK's housing stock,https://www.lloydsbankinggroup.com/insights/decarbonising-the-uks-homes.html,"Nov 23, 2023",1.57E-05
Barclays and Lloyds among bank branches announcing closures,https://news.sky.com/story/barclays-and-lloyds-among-bank-branches-announcing-closures-12895107,"Jun 2, 2023",2.52E-05
Housing Growth Partnership,https://www.lloydsbankinggroup.com/insights/housing-growth-partnership.html,"Sep 22, 2021",0.00814824
The top three challenges businesses face to get to net zero,https://www.lloydsbankinggroup.com/insights/the-top-three-challenges-businesses-face-to-get-to-net-zero.html,"Nov 23, 2021",0.000151538
Lloyds shareholders could reap £500m bonanza from Telegraph deal,https://news.sky.com/story/lloyds-shareholders-could-reap-500m-bonanza-from-telegraph-deal-13020220,"Dec 1, 2023",0.000195404
Our partnership with the Woodland Trust,https://www.lloydsbankinggroup.com/who-we-are/sustainability/woodland-trust.html,"May 7, 2022",0.855625868
Flexible working,https://www.lloydsbankinggroup.com/careers/culture-and-inclusion/agile-working.html,"Dec 1, 2020",0.018900448
Should you sell Lloyds shares or keep waiting for better days?,https://www.thisismoney.co.uk/money/share-investing/article-9994347/Should-sell-Lloyds-shares-waiting-better-days.html,"Sep 16, 2021",0.000248585
Lloyds Banking Group announces collaboration with Google Cloud to accelerate digital transformation,https://www.lloydsbankinggroup.com/media/press-releases/2020/lloyds-banking-group/lloyds-banking-group-announces-collaboration-with-google-cloud-to-accelerate-digital-transformation.html,"Dec 9, 2020",0.999997497
Lloyds Bank aiming to become giant UK landlord,https://www.bbc.co.uk/news/articles/cjkdyy9xgn3o,"Aug 19, 2021",0.00017676
Social housing,https://www.lloydsbankinggroup.com/who-we-are/what-we-do/supporting-the-uk-housing-market/social-housing.html,"Dec 4, 2023",1.18E-05
Scottish Widows careers,https://www.lloydsbankinggroup.com/careers/our-brands/scottish-widows.html,"Dec 9, 2021",0.906927705
Lloyds takes £700m bad loan charge as rate squeeze intensifies,https://news.sky.com/story/lloyds-takes-700m-bad-loan-charge-but-hikes-shareholder-rewards-12927527,"Jul 26, 2023",0.580355287
Lloyds Bank partners with lexicographer Susie Dent to demystify investments,https://www.lloydsbankinggroup.com/media/press-releases/2023/lloyds-bank-2023/half-of-brits-intimidated-by-investing-with-thirty-eight-per-cent-baffled-by-financial-jargon.html,"Jul 11, 2023",1.65E-05
Therese Lloyd,https://www.health.org.uk/about-the-health-foundation/our-people/improvement-analytics-unit-iau/therese-lloyd,"Nov 20, 2018",8.55E-05
Colleagues with disabilities in senior management,https://www.lloydsbankinggroup.com/media/press-releases/2023/lloyds-banking-group-2023/lloyds-banking-group-sets-ambitious-goal-to-double-the-represent.html,"Apr 12, 2023",0.991338491
Most only have £500 of savings says Lloyds boss,https://www.bbc.co.uk/news/business-62057301,"Jul 6, 2022",0.028208632
Halifax careers,https://www.lloydsbankinggroup.com/careers/our-brands/halifax.html,"Dec 1, 2020",0.999999404
Power of Attorney misconceptions leave Brits exposed,https://www.lloydsbankinggroup.com/media/press-releases/2022/lloyds-bank/power-of-attorney-misconceptions-leave-brits-exposed.html,"Mar 4, 2022",1.80E-05
Our brands,https://www.lloydsbankinggroup.com/careers/our-brands.html,"Dec 1, 2020",0.998752952
Government to sell part of its remaining shareholding in Lloyds through a trading plan.,https://www.gov.uk/government/news/government-to-sell-part-of-its-remaining-shareholding-in-lloyds-through-a-trading-plan,"Dec 17, 2014",4.02E-05
What makes the Group worth coming back to?,https://www.lloydsbankinggroup.com/careers/learn-and-develop/what-makes-lloyds-banking-group-worth-coming-back-to.html,"Oct 19, 2023",0.010383379
Applying for a job with us,https://www.lloydsbankinggroup.com/careers/about-applying.html,"Dec 1, 2020",0.000284204
Working in customer-focused teams,https://www.lloydsbankinggroup.com/careers/roles-and-departments/customer.html,"Dec 1, 2020",0.041355465
What being a Black role model means to me,https://www.lloydsbankinggroup.com/insights/what-being-a-black-role-model-means-to-me.html,"Dec 2, 2020",0.050576564
"UK house prices to fall until 2025, predicts Lloyds",https://www.bbc.co.uk/news/business-67214201,"Oct 25, 2023",0.024333984
Simon Lloyd,https://www.bankofengland.co.uk/research/researchers/simon-lloyd,"Oct 19, 2023",6.95E-05
Supporting the UK housing market,https://www.lloydsbankinggroup.com/who-we-are/what-we-do/supporting-the-uk-housing-market.html,"Nov 21, 2023",0.818879664
Kate Bryant,https://www.lloydsbankinggroup.com/careers/colleague-stories/kate-bryant.html,"Jul 19, 2023",0.009814306
Getting paid,https://www.lloydsbankinggroup.com/who-we-are/working-with-suppliers/getting-paid.html,"Dec 1, 2020",9.92E-05
Lloyds joins crowd with new 40% overdraft rates,https://www.bbc.co.uk/news/business-51206067,"Jan 22, 2020",0.000905257
PDA Reps Network in Lloyds,https://www.the-pda.org/get-involved/become-a-pda-rep/pda-reps-network-in-lloyds/,"May 28, 2021",0.997440696
Telegraph court showdown to be adjourned after Barclays offer Lloyds £1.16bn,https://news.sky.com/story/telegraph-court-showdown-to-be-adjourned-after-barclays-offer-lloyds-1-16bn-13010846,"Nov 18, 2023",4.24E-06
Dillon Takher,https://www.lloydsbankinggroup.com/careers/colleague-stories/dillon-takher.html,"Aug 9, 2023",0.785970211
Winnet Piercy,https://www.lloydsbankinggroup.com/careers/colleague-stories/winnet-piercy.html,"May 31, 2023",0.097473666
Working in specialist functions,https://www.lloydsbankinggroup.com/careers/roles-and-departments/specialist-functions.html,"Dec 1, 2020",1.08E-06
CMA stops Lloyds 'bundling' business accounts with loans,https://www.gov.uk/government/news/cma-stops-lloyds-bundling-business-accounts-with-loans,"Sep 8, 2020",2.80E-05
Emma Stacey,https://www.lloydsbankinggroup.com/careers/colleague-stories/emma-stacey.html,"Jun 6, 2023",0.027599031
McKesson sells Lloyds to Aurelius group as part of £477m deal,https://www.pharmacymagazine.co.uk/news/mckesson-sells-lloyds-to-aurelius-group-as-part-of-477m-deal,"Nov 1, 2021",2.12E-05
Lloyds chief executive Antonio Horta-Osorio to retire from bank next year,https://news.sky.com/story/lloyds-chief-executive-antonio-horta-osorio-to-retire-from-bank-next-year-12022141,"Jul 6, 2020",5.06E-05
"Lloyds Bank staff to get £1,000 to help with cost of living",https://www.bbc.co.uk/news/business-61781313,"Jun 13, 2022",0.551305234
"'Lloyds is forcing my bed-bound brother, 89, to visit their branch on a stretcher'",https://www.telegraph.co.uk/money/consumer-affairs/bed-bound-brother-pay-care-fees-visit-lloyds-branch/,"Dec 15, 2023",1.66E-07
Bank of Scotland careers,https://www.lloydsbankinggroup.com/careers/our-brands/bank-of-scotland.html,"Dec 1, 2020",0.999973178
Lloyds Bank offers Smart Start account for 11-15 year olds,https://www.lloydsbankinggroup.com/media/press-releases/2022/lloyds-bank/lloyds-bank-offers-smart-start-account-for-11-15-year-olds.html,"Sep 28, 2022",0.019902604
Josh Reynolds,https://www.lloydsbankinggroup.com/careers/colleague-stories/josh-reynolds.html,"Jul 19, 2023",0.988729537
First time buyers deserve an attainable dream,https://www.lloydsbankinggroup.com/insights/first-time-buyers-deserve-an-attainable-dream.html,"Jul 20, 2022",0.040935054
Rhona Lloyd,https://scottishrugby.org/teams/scotland-women/rhona-lloyd/,"Oct 5, 2022",4.75E-06
Lloyds and Halifax to shut 40 branches as footfall declines with shift to online banking,https://news.sky.com/story/lloyds-and-halifax-to-shut-40-branches-as-footfall-declines-with-shift-to-online-banking-12790874,"Jan 20, 2023",4.00E-05
UK housing market review and outlook for 2024,https://www.lloydsbankinggroup.com/media/press-releases/2023/halifax-2023/uk-housing-market-review-outlook-2024.html,"Dec 15, 2023",0.995790422
"Lloyds, Halifax and Bank of Scotland branches to be shut",https://news.sky.com/story/lloyds-halifax-and-bank-of-scotland-branches-to-be-shut-13019376,"Nov 30, 2023",7.06E-06
Noel Edmonds reaches compensation deal with Lloyds over scam,https://www.bbc.co.uk/news/business-49138587,"Jul 27, 2019",6.93E-05
Call for more affordable homes to tackle the housing crisis,https://www.lloydsbankinggroup.com/media/press-releases/2023/lloyds-banking-group-2023/lloyds-banking-group-crisis-and-simon-community-northern-ireland-call-for-action-for-affordable-homes-to-tackle-housing-crisis.html,"Oct 10, 2023",2.74E-05
Health and wellbeing,https://www.lloydsbankinggroup.com/careers/culture-and-inclusion/wellbeing.html,"Dec 1, 2020",0.931266785
Lloyds Bank to close Cambridge branch - a month after Barclays’ closure in same road,https://www.cambridgeindependent.co.uk/news/lloyds-bank-to-close-cambridge-branch-a-month-after-barcla-9306776/,"Apr 4, 2023",1.44E-07
Lloyds Bank Announces New Measures To Support Retail Customers,https://www.lloydsbankinggroup.com/media/press-releases/2020/lloyds-bank/lloyds-bank-announces-new-measures-to-support-retail-customers.html,"Mar 26, 2020",0.00017009
"CMA locks in a total of £975,000 for Lloyds’ PPI customers",https://www.gov.uk/government/news/cma-locks-in-a-total-of-975-000-for-lloyds-ppi-customers,"Feb 3, 2021",0.000877118
"NatWest, Lloyds, Barclays and HSBC among banks quizzed over savings rates",https://www.bbc.co.uk/news/business-66111098,"Jul 6, 2023",0.026669219
UK Taxpayer no longer largest Lloyds Bank shareholder,https://www.gov.uk/government/news/uk-taxpayer-no-longer-largest-lloyds-bank-shareholder,"Jan 9, 2017",0.0103556
Lloyds Coaches Machynlleth supports food waste enterprise Criw Compostio to encourage local food growing.,https://businesswales.gov.wales/walesruralnetwork/news-and-events/lloyds-coaches-machynlleth-supports-food-waste-enterprise-criw-compostio-encourage,"Jan 30, 2023",0.58226037
Do my old Lloyds Bank paper shares from 1992 still have value?,https://www.thisismoney.co.uk/money/diyinvesting/article-12170437/Do-old-Lloyds-Bank-paper-shares-1992-value.html,"Jun 13, 2023",2.63E-06
Lloyds Bank sets ‘ambitious’ disability targets in inclusivity drive,https://www.standard.co.uk/business/business-news/lloyds-bank-sets-ambitious-disability-targets-in-inclusivity-drive-b1073508.html,"Apr 11, 2023",1.30E-05
Taxpayers get all their money back from Lloyds,https://www.gov.uk/government/news/taxpayers-get-all-their-money-back-from-lloyds,"Apr 21, 2017",0.174219221
"David Lloyd Profile - Cricket Player England | Stats, Records, Video",https://www.espncricinfo.com/cricketers/david-lloyd-361700,"Jan 23, 2023",4.38E-06
Birmingham's NEC group sold to Lloyds Banking Group in £307m deal,https://www.bbc.co.uk/news/uk-england-birmingham-30835754,"Jan 16, 2015",1.71E-06
Henry Lloyd,https://www.gov.uk/government/people/henry-lloyd,"Aug 30, 2017",2.55E-05
How will this year’s pension changes impact the UK’s workforce?,https://www.lloydsbankinggroup.com/insights/how-will-this-year-s-pension-changes-impact-the-uk-s-workforce-.html,"Jun 27, 2023",1.04E-05
"Lloyds Club Premium stopped my travel insurance at age 80, is this fair?",https://www.thisismoney.co.uk/money/experts/article-6496075/Lloyds-Club-Premium-stopped-travel-insurance-age-80-fair.html,"Dec 21, 2018",0.000335494
Lloyds brings branding and uniforms to Sainsbury's branches,https://www.chemistanddruggist.co.uk/CD008314/Lloyds-brings-branding-and-uniforms-to-Sainsburys-branches,"Aug 1, 2021",6.82E-05
Ipswich Borough Council takes ownership of the Lloyds building,https://www.ipswich.gov.uk/content/ipswich-borough-council-takes-ownership-lloyds-building,"Aug 9, 2023",2.38E-06
Tusker customers to benefit from Lloyds scale and funding,https://www.fleetnews.co.uk/news/leasing-news/2023/04/13/tusker-customers-to-benefit-from-lloyds-scale-and-funding,"Apr 14, 2023",0.996069193
GNPC Operating Services Company (“GOSCO”) and Lloyd’s Register to deliver services to Ghana,https://www.gov.uk/government/news/gnpc-operating-services-company-gosco-and-lloyds-register-to-deliver-services-to-ghana,"Apr 13, 2017",0.999996185
Janine Lloyd-Jones,https://www.gov.uk/government/people/janine-lloyd-jones,"Jul 12, 2023",2.55E-05