title,link,date,sentiment_score
"Part 2: How NatWest Group built a secure, compliant, self-service MLOps platform using AWS Service Catalog and ...",https://aws.amazon.com/blogs/machine-learning/part-2-how-natwest-group-built-a-secure-compliant-self-service-mlops-platform-using-aws-service-catalog-and-amazon-sagemaker/,"Apr 26, 2022",0.12090619653463364
How NatWest is building a relationship bank in a digital world,https://news.microsoft.com/en-gb/2023/05/03/how-natwest-building-relationship-bank-digital-world/,"May 3, 2023",4.949560207023751e-06
NatWest Group digitizes check-clearing processes,https://dxc.com/us/en/insights/customer-stories/natwest-group-digitizes-check-clearing-processes,"Apr 21, 2022",0.03708888962864876
NatWest and IBM Collaborate on Generative AI Initiative to Enhance Customer Experience,https://newsroom.ibm.com/2023-11-06-NatWest-and-IBM-Collaborate-on-Generative-AI-Initiative-to-Enhance-Customer-Experience,"Nov 6, 2023",0.9998348951339722
NatWest Bank CEO ousted after furor over politician Nigel Farage's bank account,https://apnews.com/article/natwest-nigel-farage-account-closed-9c9d7ef19a4ef805efbafc6784f88748,"Jul 26, 2023",9.366744779981673e-05
NatWest to end new business loans for oil and gas extraction,https://www.theguardian.com/global/2023/feb/09/natwest-to-end-new-business-loans-for-oil-and-gas-extraction,"Feb 9, 2023",0.010637725703418255
NatWest Group Optimizes User Experience Through Improved Security and Development Environments,http://news.vmware.com/emea/security/natwest-group-optimizes-user-experience-through-improved-security-and-development-environments,"Mar 1, 2023",0.9995036125183105
NatWest preparing for just 13% of staff to work in office full-time,https://www.theguardian.com/business/2021/jun/01/natwest-preparing-for-just-13-of-staff-to-work-in-office-full-time,"Jun 1, 2021",3.5156213584741636e-07
Natwest,https://www.futurebrand.com/our-work/natwest,"Aug 22, 2017",0.7844412922859192
"NatWest, OneID Launch Embedded Digital ID Service",https://www.pymnts.com/digital-identity/2023/natwest-group-oneid-launch-embedded-digital-id-service/,"Mar 20, 2023",0.5157275795936584
NatWest pleads guilty to US charges over spoofing Treasury markets,https://www.ft.com/content/29b25a13-da44-43b6-be2f-1cb1a17707bd,"Dec 21, 2021",3.8700050026818644e-06
NatWest to pay $35M for defrauding U.S. Treasury markets,https://www.complianceweek.com/regulatory-enforcement/natwest-to-pay-35m-for-defrauding-us-treasury-markets/31202.article,"Dec 22, 2021",0.00017570021736901253
NatWest creates new £120mn UK BaaS business alongside Vodeno,https://fintechmagazine.com/articles/natwest-to-create-new-120mn-uk-baas-business-alongside-vodeno,"Oct 20, 2022",0.9975131750106812
We’ve set out commitments to racial equality,https://www.natwestgroup.com/news-and-insights/latest-stories/diversity-equity-and-inclusion/2020/oct/we-have-set-out-commitments-to-racial-equality.html,"Oct 20, 2020",0.9763404726982117
FCA launches proceedings against NatWest over alleged money laundering,https://www.theguardian.com/business/2021/mar/16/fca-launches-proceedings-against-natwest-over-alleged-money-laundering,"Mar 16, 2021",0.0006113366107456386
Michelle Girard appointed as Head of US for NatWest Markets,https://www.natwestgroup.com/news-and-insights/news-room/press-releases/our-updates/2022/mar/michelle-girard-appointed-as-head-of-us-for-natwest-markets.html,"Mar 15, 2022",0.19376467168331146
RBS to change name to NatWest and shrink investment bank,https://www.ft.com/content/f3790dec-4ef9-11ea-95a0-43d18ec715f5,"Feb 13, 2020",3.8700050026818644e-06
Our journey to net zero,https://www.natwestgroup.com/news-and-insights/latest-stories/climate/2023/nov/our-journey-to-net-zero.html,"Nov 28, 2023",0.028423883020877838
NatWest is first big UK bank to let customers open account with a selfie,https://www.theguardian.com/business/2019/jun/20/natwest-is-first-big-uk-bank-to-let-customers-open-account-with-a-selfie,"Jun 20, 2019",0.00010498304618522525
Our values,https://www.natwestgroup.com/who-we-are/about-natwest-group/our-values.html,"Jul 6, 2023",0.9999818801879883
Driving strategic and positive change,https://www.natwestgroup.com/news-and-insights/latest-stories/diversity-equity-and-inclusion/2023/feb/driving-strategic-and-positive-change.html,"Feb 10, 2023",0.9974477291107178
Supporting a secure and sustainable agricultural sector,https://www.natwestgroup.com/news-and-insights/latest-stories/climate/2023/may/supporting-a-secure-and-sustainable-agricultural-sector.html,"May 16, 2023",0.8900092840194702
NatWest faces £340m fine after admitting ‘money-laundering’ failings,https://www.theguardian.com/business/2021/oct/07/natwest-fine-money-laundering-failings-bank,"Oct 7, 2021",0.000421009463025257
NatWest Group engages IBM to move content management to hybrid cloud,https://www.ibm.com/blog/natwest-group-engages-ibm-to-move-content-management-to-hybrid-cloud/,"Mar 30, 2022",0.0007557757780887187
NatWest admits 'serious failings' in Nigel Farage incident; shares slide after earnings,https://www.cnbc.com/2023/10/27/natwest-slides-as-regulator-finds-potential-breaches-over-farage-case.html,"Oct 27, 2023",7.984590047271922e-05
NatWest to pull out of Ireland and focus on UK market,https://www.ft.com/content/27e1f8fe-cb23-4e5b-8281-dfe4ef38b5b9,"Feb 17, 2021",3.8700050026818644e-06
Natwest fined £264m after taking deposits of laundered cash in bin bags,https://www.theguardian.com/business/2021/dec/13/natwest-fined-264m-after-admitting-breaching-anti-money-laundering-rules,"Dec 13, 2021",0.00010456489690113813
NatWest boss Alison Rose resigns over Nigel Farage Coutts accounts row,https://www.theguardian.com/business/2023/jul/26/natwest-boss-alison-rose-nigel-farage-account-coutts,"Jul 25, 2023",2.3961203623912297e-05
NatWest Group and COP26,https://www.natwestgroup.com/who-we-are/about-natwest-group/our-purpose/climate/cop26.html,"Jul 7, 2023",0.5715421438217163
Our strategy,https://www.natwestgroup.com/who-we-are/about-natwest-group/our-strategy.html,"Jul 6, 2023",0.9444444179534912
NatWest issues social bond linked to women-led enterprises,https://www.natwestgroup.com/news-and-insights/latest-stories/enterprise/2023/mar/natwest-issues-social-bond-linked-to-women-led-enterprises.html,"Mar 7, 2023",1.708395211608149e-05
NatWest accused of ‘unjust’ profiteering after CEO paid £5.2m,https://www.theguardian.com/business/2023/feb/17/natwest-makes-largest-profit-since-financial-crisis-on-higher-rates,"Feb 17, 2023",0.08680940419435501
Downing St 'concerned' by Alison Rose's leadership at NatWest after 'debanking' of Farage,https://www.ft.com/content/3309313f-4a5e-49c6-ab79-e65cf27d03e4,"Jul 25, 2023",3.8700050026818644e-06
Alison Rose: The bank boss brought down by the Nigel Farage row,https://www.bbc.com/news/business-66256912,"Jul 26, 2023",0.013120169751346111
NatWest and Vodeno create strategic partnership,https://www.natwestgroup.com/news-and-insights/news-room/press-releases/our-updates/2022/oct/natwest-and-vodeno-create-strategic-partnership.html,"Oct 20, 2022",0.9616024494171143
"NatWest Bank tests Cora, an AI bot that will answer customer questions",https://www.theguardian.com/money/2018/feb/21/natwest-bank-tests-cora-an-ai-bot-that-will-answer-customer-questions,"Feb 21, 2018",1.1609881767071784e-05
NatWest poised to report biggest profits since 2008 financial crisis,https://www.theguardian.com/business/2023/feb/12/natwest-set-to-report-51bn-profits-biggest-since-2008-financial-crisis,"Feb 12, 2023",0.34216785430908203
"NatWest Beats Estimates on Smaller Loan Provision, Margin Growth",https://www.bloomberg.com/news/articles/2023-04-28/natwest-beats-estimates-on-smaller-loan-provision-margin-growth,"Apr 28, 2023",5.8766690926859155e-05
NatWest partners with Marcus Rashford MBE,https://www.natwestgroup.com/news-and-insights/latest-stories/financial-capability-and-learning/2022/feb/natwest-partners-with-marcus-rashford-mbe.html,"Feb 15, 2022",0.009091885760426521
"UK Bank NatWest Limits Daily Crypto Payments to $1,200",https://www.coindesk.com/business/2023/03/14/uk-bank-natwest-limits-daily-crypto-payments-to-1200/,"Mar 14, 2023",3.6846206057816744e-05
NatWest first-quarter profits jump by 50% after interest rate rises,https://www.theguardian.com/business/2023/apr/28/natwest-first-quarter-profits-jump-after-interest-rate-rises,"Apr 28, 2023",0.9981074333190918
Jeremy Hunt plans sale of NatWest stake to retail investors,https://www.ft.com/content/5d5d783e-b803-4602-ad36-fb7bd0a608ad,"Nov 22, 2023",3.308161467430182e-05
NatWest chair vows to stay on to provide ‘stability’ after Farage controversy,https://www.theguardian.com/business/2023/jul/28/natwest-chair-vows-stay-stability-farage-controversy-howard-davies,"Jul 28, 2023",5.2754847274627537e-05
NatWest fails to stem Farage pressure as shareholders turn against board,https://www.ft.com/content/6ce25027-e002-4191-9931-8c7eec341a43,"Jul 26, 2023",3.8700050026818644e-06
Sensitive NatWest customer files set to be returned after High Court agreement,https://www.computerweekly.com/news/366551512/Sensitive-NatWest-customer-files-set-to-be-returned-after-High-Court-agreement,"Sep 8, 2023",1.4372985788213555e-05
NatWest boss refuses to attend parliamentary hearing,https://www.ft.com/content/a1d389a2-e7c4-469d-a169-1f4c0e6f99e1,"Feb 1, 2023",3.308161467430182e-05
"Nigel Farage, NatWest and a political storm",https://www.economist.com/britain/2023/07/26/nigel-farage-natwest-and-a-political-storm,"Jul 26, 2023",0.0002441956603433937
NatWest Group awarded the Sustainable Markets Initiative's Terra Carta Seal,https://www.natwestgroup.com/news-and-insights/latest-stories/climate/2023/jan/natwest-group-awarded-the-sustainable-market-initiatives-terra-c.html,"Jan 11, 2023",0.8933155536651611
NatWest appoints ex-Mastercard boss Rick Haythornthwaite as chair,https://www.ft.com/content/4e13e219-4d27-434d-96ba-fe8f91315577,"Sep 6, 2023",3.8700050026818644e-06
NatWest Group publishes SBTi validated science-based targets,https://www.natwestgroup.com/news-and-insights/latest-stories/climate/2022/dec/natwest-group-publishes-sbti-validated-science-based-targets.html,"Dec 16, 2022",0.05889717862010002
NatWest reports profit rise amid fallout from Farage fiasco,https://www.cnbc.com/2023/07/28/natwest-reports-profit-rise-amid-fallout-from-farage-fiasco.html,"Jul 28, 2023",8.896581857698038e-05
‘Up all night worrying’: 92-year-old debanked by NatWest after move to Jamaica,https://www.theguardian.com/business/2023/aug/06/92-year-old-debanked-natwest-jamaica,"Aug 6, 2023",1.6488909750478342e-05
A CEO quits and the BBC apologizes to Trump ally Nigel Farage. A banking scandal erupts in Britain,https://www.cnbc.com/2023/07/26/nigel-farage-coutts-saga-natwest-ceo-alison-rose-resigns-after-media-storm.html,"Jul 26, 2023",4.518871264735935e-06
NatWest shares plunge after bank downgrades profit outlook,https://www.theguardian.com/business/2023/oct/27/natwest-shares-plunge-after-bank-downgrades-profit-outlook,"Oct 27, 2023",0.0005483370623551309
McCain Foods and Natwest join forces to support growers' sustainable practices with new incentives,https://www.natwestgroup.com/news-and-insights/news-room/press-releases/enterprise/2023/may/mccain-foods-and-natwest-join-forces-to-support-growers-sustaina.html,"May 9, 2023",0.9832240343093872
New NatWest boss worked for oil firm under investigation in ‘world’s biggest financial scandal’,https://www.theguardian.com/business/2023/sep/09/new-natwest-boss-rick-haythornthwaite-saudi-company-petro-saudi-1mdb,"Sep 9, 2023",1.992509169213008e-05
NatWest cuts exposure to most polluting clients,https://www.ft.com/content/33d1233b-79f1-49b4-99a4-f71f20112165,"Feb 20, 2022",3.8700050026818644e-06
Annual Results 2022,https://www.natwestgroup.com/news-and-insights/latest-stories/financial-reporting/2023/feb/annual-results-2022.html,"Feb 17, 2023",0.9999997615814209
Protecting people against financial scams,https://www.natwestgroup.com/news-and-insights/latest-stories/financial-capability-and-learning/2023/oct/protecting-people-against-financial-scams.html,"Oct 17, 2023",5.228240115684457e-05
Let's talk values – Curious,https://www.natwestgroup.com/news-and-insights/latest-stories/community-and-culture/2023/jun/lets-talk-values-curious.html,"Jul 7, 2023",0.004534207284450531
Coutts chief quits and crisis wipes £1bn off NatWest shares,https://www.theguardian.com/business/2023/jul/27/coutts-chief-quits-and-crisis-wipes-1bn-off-natwest-shares,"Jul 27, 2023",2.5460594770265743e-05
NatWest starts to sound out successors for departed CEO Dame Alison Rose,https://www.ft.com/content/0d72521e-975e-42f8-8065-22e1b603de32,"Aug 5, 2023",3.8700050026818644e-06
NatWest boss apologises to Nigel Farage over Coutts account closure row,https://www.theguardian.com/politics/2023/jul/20/natwest-boss-apologises-to-nigel-farage-coutts-bank-account-closure-row,"Jul 20, 2023",1.235595209436724e-05
Supporting our customers to achieve their climate ambitions,https://www.natwestgroup.com/news-and-insights/latest-stories/climate/2023/feb/supporting-our-customers-to-achieve-their-climate-ambitions.html,"Feb 9, 2023",3.117002052022144e-06
NatWest to pay UK government £190m as Farage crisis rocks bank,https://www.theguardian.com/business/2023/jul/28/natwest-to-pay-uk-government-190m-as-farage-crisis-rocks-bank,"Jul 28, 2023",0.5762848258018494
NatWest fined £265m for money laundering failures,https://www.ft.com/content/f080cc09-62bc-4898-9814-ee7759d80cd7,"Dec 13, 2021",3.8700050026818644e-06
How the downfall of NatWest boss Alison Rose over Farage and Coutts unfolded – timeline,https://www.theguardian.com/business/2023/jul/26/how-the-downfall-of-natwest-boss-alison-rose-over-farage-and-coutts-unfolded,"Jul 26, 2023",1.993909108932712e-06
ICO apologises to ex-NatWest chief over claim she broke privacy law on Farage,https://www.theguardian.com/business/2023/nov/06/ex-natwest-chief-apology-ico-data-privacy-law-alison-rose-nigel-farage,"Nov 6, 2023",0.00035761421895585954
The Alison Rose Review of Female Entrepreneurship,https://www.natwestgroup.com/news-and-insights/latest-stories/enterprise/2023/feb/the-alison-rose-review-of-female-entrepreneurship.html,"Feb 22, 2023",0.9749225378036499
NatWest CEO resigns after admitting to 'serious error' over Nigel Farage leak,https://www.cnbc.com/2023/07/26/natwest-ceo-resigns-after-admitting-to-serious-error-over-nigel-farage-leak.html,"Jul 25, 2023",4.367969449958764e-05
Q3 2023 NatWest Group Results,https://www.natwestgroup.com/news-and-insights/latest-stories/financial-reporting/2023/oct/q3-2023-natwest-group-results.html,"Oct 27, 2023",0.9999994039535522
NatWest shares slide on disappointing deposit figures despite profit surge,https://www.ft.com/content/57ef02a7-e122-432f-a118-75b49f766ac1,"Apr 28, 2023",3.8700050026818644e-06
"Director of Strategy, Corporate Development & Sustainability announced",https://www.natwestgroup.com/news-and-insights/news-room/press-releases/our-updates/2022/jun/director-of-strategy-corporate-development-sustainability-announ.html,"Jun 28, 2022",0.06656444817781448
Sunak and Hunt accused of ‘damaging UK plc’ over NatWest boss’s exit,https://www.theguardian.com/business/2023/jul/26/sunak-hunt-uk-natwest-alison-rose,"Jul 26, 2023",5.5602326028747484e-05
Free online learning resource launched to help people build skills,https://www.natwestgroup.com/news-and-insights/latest-stories/community-and-culture/2021/dec/free-online-learning-resource-launched-to-help-people-build-skil.html,"Dec 16, 2021",0.12685070931911469
NatWest scraps £7.6m of Alison Rose’s payout after Farage scandal,https://www.theguardian.com/business/2023/nov/10/natwest-poised-to-scrap-most-of-alison-rose-payout-after-farage-scandal,"Nov 10, 2023",0.00011577273835428059
NatWest Group teams up with AWS to harness the power of Generative AI – Intelligent CISO,https://www.intelligentciso.com/2023/09/19/natwest-group-teams-up-with-aws-to-harness-the-power-of-generative-ai/,"Sep 19, 2023",0.9990129470825195
A clean transport revolution,https://www.natwestgroup.com/news-and-insights/latest-stories/climate/2023/nov/a-clean-transport-revolution.html,"Nov 28, 2023",0.9999610185623169
How Nigel Farage forced out NatWest chief,https://www.ft.com/content/664c1603-7e3e-40cf-b87f-29b7dcf37d8c,"Jul 26, 2023",3.8700050026818644e-06
NatWest CEO Dame Alison Rose facing government pressure to resign,https://www.bbc.com/news/business-66308627,"Jul 25, 2023",0.00013458907778840512
Transitioning the Agriculture Ecosystem,https://www.natwestgroup.com/news-and-insights/latest-stories/climate/2023/mar/supporting-the-transition-to-sustainable-agriculture.html,"Mar 13, 2023",0.9826985597610474
NatWest CEO admits ‘serious error’ of discussing Farage bank accounts but clings on to job,https://www.theguardian.com/business/2023/jul/25/natwest-stands-by-ceo-after-error-of-discussing-farage-furore-with-bbc-reporter,"Jul 25, 2023",7.474766789528076e-06
Ex-NatWest chief Alison Rose to forfeit £7.6mn after Nigel Farage scandal,https://www.ft.com/content/c37ab3c2-3b6f-4005-be4b-757d34905be7,"Nov 10, 2023",3.308161467430182e-05
NatWest offers compensation to customer affected by data breach exposed by whistleblower,https://www.computerweekly.com/news/366548138/NatWest-offers-compensation-to-customer-affected-by-data-breach-exposed-by-whistleblower,"Aug 14, 2023",0.00015840560081414878
H1 2022 NatWest Group Results,https://www.natwestgroup.com/news-and-insights/latest-stories/financial-reporting/2022/jul/h1-2022-natwest-group-results.html,"Jul 29, 2022",1.0
NatWest bank chief quits over Nigel Farage 'debanking' saga,https://www.politico.eu/article/natwest-chief-alison-rose-step-down-nigel-farage-debanking-saga/,"Jul 26, 2023",5.787491772935027e-06
Time to Change report – our progress so far,https://www.natwestgroup.com/news-and-insights/latest-stories/diversity-equity-and-inclusion/2023/may/time-to-change-report-our-progress-so-far.html,"May 12, 2023",0.356119841337204
"NatWest chair quitting over Coutts row would not be ‘helpful’, says City minister",https://www.theguardian.com/business/2023/jul/29/natwest-chair-howard-davies-coutts-andrew-griffith-nigel-farage,"Jul 29, 2023",4.922922471450875e-06
NatWest Results: Shares Recover After Brutal Week,https://www.morningstar.co.uk/uk/news/237758/natwest-results-shares-recover-after-brutal-week.aspx,"Jul 28, 2023",0.9985670447349548
NatWest plays it safe with new chairman Rick Haythornthwaite,https://www.theguardian.com/business/nils-pratley-on-finance/2023/sep/06/natwest-plays-safe-new-chairman-rick-haythornthwaite,"Sep 6, 2023",1.1408836144255474e-05
"Supporting our trans customers, colleagues and communities",https://www.natwestgroup.com/news-and-insights/latest-stories/diversity-equity-and-inclusion/2022/aug/supporting-our-trans-customers-colleagues-and-communities.html,"Aug 12, 2022",0.37468773126602173
"UK government sells £1.26bn of NatWest shares, taking stake below 40%",https://www.theguardian.com/business/2023/may/22/uk-government-sells-natwest-shares,"May 22, 2023",0.0026539387181401253
"NatWest decision to close Nigel Farage’s bank accounts was lawful, says report",https://www.theguardian.com/business/2023/oct/27/natwest-decision-to-close-nigel-farage-bank-accounts-was-lawful-says-report-coutts,"Oct 27, 2023",0.00018489727517589927
How to Buy Crypto With NatWest [2024],https://finbold.com/guide/buy-bitcoin-with-natwest/,"Feb 1, 2023",1.6332365930793458e-06
NatWest Group and AWS to deliver personalised banking experience,https://www.natwestgroup.com/news-and-insights/news-room/press-releases/data-and-technology/2022/mar/natwest-group-and-aws-to-deliver-personalised-banking-experience.html,"Mar 4, 2022",0.9999984502792358
NatWest saga shows running a bank is more of a high-wire act than ever,https://www.ft.com/content/4bab6dd5-d7f4-486e-8d02-5f070692174a,"Jul 27, 2023",3.8700050026818644e-06
'We f*cked up' admits RBS Group CMO as it 'presses reset' on NatWest,https://www.marketingweek.com/we-fcked-up-admits-rbs-group-cmo-as-it-presses-reset-for-new-natwest-campaign/,"Sep 24, 2016",0.0003170702839270234
"‘A role model in financial services’: who is Alison Rose, forced to quit NatWest top job?",https://www.theguardian.com/business/2023/jul/26/who-is-alison-rose-the-natwest-ceo-forced-to-quit-over-nigel-farage-row,"Jul 26, 2023",0.005856610834598541
UK government sells £1.26bn of NatWest shares,https://www.ft.com/content/945dcf16-263f-41aa-bd3b-69af4097deef,"May 22, 2023",3.308161467430182e-05
Vincent Goedegebuure to join NatWest as Chief Executive Officer of NatWest Markets N.V.,https://www.natwestgroup.com/news-and-insights/news-room/press-releases/our-updates/2022/jan/vincent-goedegebuure-to-become-ceo-natwest-markets-nv-in-may.html,"Jan 19, 2022",2.884322384488769e-05
Q1 2023 NatWest Group Results,https://www.natwestgroup.com/news-and-insights/latest-stories/financial-reporting/2023/apr/q1-2023-natwest-group-results.html,"Apr 28, 2023",1.0
Nigel Farage to sue NatWest and wants a class action over bank account closures,https://www.theguardian.com/politics/2023/nov/11/nigel-farage-to-take-legal-action-against-natwest-over-closure-of-bank-accounts,"Nov 11, 2023",6.924881017766893e-05
NatWest was caught out by Nigel Farage’s deft political game,https://www.theguardian.com/politics/2023/jul/26/natwest-caught-out-nigel-farage-deft-political-game,"Jul 26, 2023",4.5819215301889926e-05
"How can NatWest lose my Dad’s £10,000 Isa cash?",https://www.theguardian.com/money/2023/oct/24/how-can-natwest-lose-my-dads-10000-isa-cash,"Oct 24, 2023",2.0712952391477302e-05
Harnessing neurodiversity to create accessible banking,https://www.natwestgroup.com/news-and-insights/latest-stories/community-and-culture/2023/mar/harnessing-neurodiversity-to-create-accessible-banking.html,"Mar 16, 2023",0.0025480780750513077
NatWest admits ‘serious failings’ in closure of Nigel Farage’s Coutts bank account,https://www.cnn.com/natwest-nigel-farage-account-closure/index.html,"Oct 27, 2023",1.23217669170117e-05
Our new Partner Leave policies,https://www.natwestgroup.com/news-and-insights/latest-stories/community-and-culture/2022/sep/our-new-partner-leave-policies.html,"Sep 26, 2022",0.0011719110189005733
"Nigel Farage, NatWest and the fight over 'woke' capitalism",https://www.ft.com/content/f7c5300a-b92d-44dd-bc03-22cf4d840902,"Jul 28, 2023",3.8700050026818644e-06
Nigel Farage downgraded from Coutts to NatWest,https://www.ft.com/content/e81766f7-304a-40b5-bbe2-db1569c8ad65,"Jul 4, 2023",3.308161467430182e-05
"Government may sell UK’s remaining stake in NatWest to public, says Jeremy Hunt",https://www.theguardian.com/uk-news/2023/nov/22/government-may-sell-uks-remaining-stake-in-natwest-to-public-says-jeremy-hunt,"Nov 22, 2023",2.86206682176271e-06
Why Sunak was wrong to back Farage over NatWest,https://www.ft.com/content/8cdf173e-4628-4e7a-9289-5d9cc7bf74b4,"Aug 13, 2023",3.308161467430182e-05
NatWest chair to stay as lawyers appointed to probe Nigel Farage row,https://www.ft.com/content/971b5a17-5c45-48b8-91da-06e140b5530d,"Jul 28, 2023",3.8700050026818644e-06
Was NatWest’s Alison Rose held to a higher standard than male bank bosses?,https://www.theguardian.com/business/2023/jul/27/was-alison-rose-held-to-higher-standard-because-woman,"Jul 28, 2023",0.00010477342584636062
NatWest boss Dame Alison Rose quits after row over Nigel Farage account,https://www.bbc.com/news/uk-66309080,"Jul 26, 2023",0.0007746979827061296
Accelerate and regenerate,https://www.natwestgroup.com/news-and-insights/latest-stories/climate/2023/nov/accelerate-and-regenerate.html,"Nov 28, 2023",0.19218125939369202
Climate Matters: Supporting the transition to net zero,https://www.natwestgroup.com/news-and-insights/latest-stories/climate/2023/nov/climate-matters-supporting-the-transition-to-net-zero.html,"Nov 28, 2023",0.9999994039535522
Tell Sid all you like — but he might not buy NatWest,https://www.ft.com/content/e5f8823e-549c-4dbd-82e3-1d00e753f492,"Nov 23, 2023",3.308161467430182e-05
"Irish Government, NatWest Begin Crisis-Era PTSB Stake Disposal",https://www.bloomberg.com/news/articles/2023-06-02/irish-government-natwest-begin-crisis-era-ptsb-stake-disposal,"Jun 2, 2023",0.00019411886751186103
UK watchdog apologises to ex-NatWest chief for misleading impression on Farage probe,https://www.ft.com/content/04798e4f-c96c-4d4a-9135-c31d0409da6e,"Nov 6, 2023",3.8700050026818644e-06
"Ex-NatWest chief breached Nigel Farage’s privacy, watchdog rules",https://www.theguardian.com/politics/2023/oct/25/ex-natwest-chief-breached-nigel-farages-privacy-watchdog-rules,"Oct 26, 2023",0.0006858908454887569
MBA 30 – a targeted education programme for Black entrepreneurs,https://www.natwestgroup.com/news-and-insights/latest-stories/diversity-equity-and-inclusion/2023/oct/mba-30-a-targeted-education-programme-for-black-entrepreneurs.html,"Oct 6, 2023",0.30741769075393677
Support for our mortgage customers,https://www.natwestgroup.com/news-and-insights/latest-stories/financial-capability-and-learning/2023/jun/support-for-our-mortgage-customers.html,"Jun 26, 2023",0.0005048370221629739
‘It’s ridiculous’: the teens struggling to access NatWest child trust funds,https://www.theguardian.com/money/2022/may/07/teens-access-child-trust-funds-natwest,"May 7, 2022",7.015887604211457e-07
NatWest accused of 'intrusion' after starting new function that combs customers' accounts to track their carbo,https://www.dailymail.co.uk/news/article-12705155/NatWest-accused-intrusion-starting-new-function-combs-customers-accounts-track-carbon-footprint.html,"Nov 3, 2023",6.130769907031208e-05
NatWest boss Alison Rose quits after admitting Farage leak to BBC,https://www.independent.co.uk/news/uk/politics/dame-alison-rose-quits-farage-natwest-b2381916.html,"Jul 26, 2023",4.0930157410912216e-05
NatWest trials fingerprint debit cards to remove £30 limit,https://www.theguardian.com/money/2019/mar/11/natwest-trials-fingerprint-debit-cards-to-remove-30-limit,"Mar 11, 2019",0.0027267239056527615
NatWest chair defies calls to quit and blames 'political pressure' for CEO ousting,https://www.independent.co.uk/news/uk/home-news/natwest-profits-nigel-farage-coutts-b2383151.html,"Jul 28, 2023",2.3472790417145006e-05
NatWest chief executive Alison Rose steps down after Nigel Farage row,https://www.ft.com/content/24982b65-3403-47c2-b062-7a596a737a49,"Jul 26, 2023",3.8700050026818644e-06
Supporting our neurodivergent colleagues,https://www.natwestgroup.com/news-and-insights/latest-stories/community-and-culture/2023/jun/supporting-our-neurodivergent-colleagues.html,"Jun 23, 2023",0.0003034499241039157
It will be surprising if NatWest’s Howard Davies hasn’t gone by Christmas,https://www.theguardian.com/business/nils-pratley-on-finance/2023/jul/28/natwest-howard-davies-coutts-nigel-farage,"Jul 28, 2023",2.1271152945701033e-05
NatWest Group's support for Ukraine,https://www.natwestgroup.com/news-and-insights/news-room/press-releases/community-and-culture/2022/mar/natwest-group-s-support-for-ukraine.html,"Mar 25, 2022",1.9503000658005476e-05
NatWest hit by outlook cut and Nigel Farage probe,https://www.ft.com/content/48082d70-2356-485d-9dcb-06e8d4097767,"Oct 27, 2023",8.244335185736418e-05
NatWest chair Sir Howard Davies says he won't quit over Farage row,https://www.bbc.com/news/business-66333091,"Jul 28, 2023",1.4566415302397218e-05
Natwest debuts payment links for open banking payments,https://www.finextra.com/newsarticle/42925/natwest-debuts-payment-links-for-open-banking-payments,"Sep 12, 2023",0.0003210678114555776
Ex-NatWest chief’s name axed from ‘Rose review’ into female-led firms,https://www.theguardian.com/business/2023/dec/26/ex-natwest-chiefs-name-axed-from-rose-review-into-female-led-firms,"Dec 26, 2023",2.076152668450959e-06
Ex-NatWest CEO breached data laws during Nigel Farage account scandal,https://www.ft.com/content/1f72a9f6-864f-4add-ba93-148e34a27e8a,"Oct 26, 2023",3.8700050026818644e-06
NatWest included in the Times Top 50 Employers for Gender Equality list,https://www.natwestgroup.com/news-and-insights/latest-stories/diversity-equity-and-inclusion/2023/jun/natwest-included-in-the-times-top-50-employers-for-gender-equali.html,"Jun 29, 2023",0.9996352195739746
Collaborating on climate education,https://www.natwestgroup.com/news-and-insights/latest-stories/climate/2023/nov/collaborating-on-climate-education.html,"Nov 28, 2023",0.8799841403961182
NatWest SE100 | The Social Enterprise Magazine,https://www.pioneerspost.com/se100index,"Nov 5, 2018",2.0348683392512612e-05
NatWest Group to donate £350000 to charities for #GivingTuesday,https://www.natwestgroup.com/news-and-insights/latest-stories/community-and-culture/2022/nov/natwest-group-to-donate-350000-to-charities-for-giving-tuesday.html,"Nov 29, 2022",0.34696412086486816
"NatWest gives RBS the full makeover including carpets, couches and cafes",https://www.theguardian.com/business/2021/sep/11/natwest-gives-rbs-the-full-makeover-including-carpets-couches-and-cafes,"Sep 11, 2021",6.275893156271195e-07
Nigel Farage demands records of NatWest's Alison Rose over Coutts account closure,https://www.ft.com/content/5f211a28-5f2c-4ea7-81cc-945a34b8d5fd,"Jul 21, 2023",3.8700050026818644e-06
NatWest: mass free share offer could revive UK stock ownership culture,https://www.ft.com/content/ef465b3f-e045-4e6e-a669-e76fb378be81,"May 18, 2023",3.308161467430182e-05
Nigel Farage considering suing NatWest as account closure row rumbles on,https://www.independent.co.uk/news/uk/politics/nigel-farage-suint-coutts-account-closure-b2380044.html,"Jul 22, 2023",1.5714629626017995e-05
NatWest to examine Irish unit over small business loans,https://www.ft.com/content/fe69e324-4118-4e86-bf6d-181bda0e1cb7,"Sep 17, 2023",3.8700050026818644e-06
Alison Rose’s position at NatWest was untenable after Nigel Farage row. She had to go,https://www.theguardian.com/business/nils-pratley-on-finance/2023/jul/26/alison-rose-position-at-natwest-was-untenable-after-nigel-farage-row-she-had-to-go,"Jul 26, 2023",0.0005143852904438972
NatWest's mishandling of the Farage farrago,https://www.ft.com/content/b41c0209-d7f1-4680-8c32-4fd81583eb86,"Jul 26, 2023",3.8700050026818644e-06
NatWest to close another 43 branches across UK,https://www.theguardian.com/money/2022/oct/13/natwest-to-close-another-43-branches-in-uk-full-list,"Oct 13, 2022",0.01132681593298912
HSBC and NatWest cut mortgage rates again as rivals tipped to follow,https://www.theguardian.com/money/2023/sep/04/hsbc-and-natwest-cut-mortgage-rates-again-as-others-tipped-to-follow,"Sep 4, 2023",0.004561379086226225
Rishi Sunak refuses to back NatWest chair over Farage controversy,https://www.theguardian.com/politics/2023/jul/27/rishi-sunak-refuses-back-natwest-chair-farage-controversy-howard-davies,"Jul 27, 2023",8.310246812470723e-06
Supporting local communities with the rising cost of living,https://www.natwestgroup.com/news-and-insights/latest-stories/community-and-culture/2023/dec/supporting-local-communities-with-the-rising-cost-of-living.html,"Dec 18, 2023",0.9244233965873718
NatWest chief ousted over Nigel Farage accounts row in line for £2.4m payout,https://www.theguardian.com/business/2023/aug/23/natwest-chief-alison-rose-pay-package-bank-nigel-farage-coutts,"Aug 23, 2023",3.152646513626678e-06
NatWest goes back to its roots with new branding,https://www.designweek.co.uk/issues/3-9-october-2016/natwest-goes-back-roots-new-branding/,"Oct 4, 2016",7.857641321606934e-06
Our support for charities and good causes in 2023,https://www.natwestgroup.com/news-and-insights/latest-stories/community-and-culture/2023/nov/our-support-for-charities-and-good-causes-in-2023.html,"Nov 28, 2023",0.02759837731719017
How we're supporting people with their financial wellbeing,https://www.natwestgroup.com/news-and-insights/latest-stories/financial-capability-and-learning/2023/jul/how-were-supporting-people-with-their-financial-wellbeing.html,"Jul 13, 2023",0.019754603505134583
Apple's Tap to Pay arrives in the UK with Revolut and Natwest first out of the gate,https://www.finextra.com/newsarticle/42642/apples-tap-to-pay-arrives-in-the-uk-with-revolut-and-natwest-first-out-of-the-gate,"Jul 13, 2023",0.7807904481887817
Branch colleagues enjoy time in the spotlight on breakfast TV,https://www.natwestgroup.com/news-and-insights/latest-stories/diversity-equity-and-inclusion/2022/sep/branch-colleagues-enjoy-time-in-the-spotlight-on-breakfast-tv.html,"Sep 27, 2022",2.426953324174974e-05
NatWest chief apologises to Nigel Farage over Coutts bank account closure,https://www.ft.com/content/1f36570f-186d-409f-b825-f52ec13479e9,"Jul 20, 2023",3.308161467430182e-05
Stresses of scaling up,https://www.natwestgroup.com/news-and-insights/latest-stories/enterprise/2023/nov/stresses-of-scaling-up.html,"Nov 14, 2023",0.9989957213401794
How we're supporting with the rising cost of living,https://www.natwestgroup.com/news-and-insights/latest-stories/our-updates/2023/jan/how-were-supporting-with-the-rising-cost-of-living.html,"Jan 11, 2023",0.0001928287383634597
NatWest and Lloyds among rivals weighing bids for parts of Metro Bank,https://www.ft.com/content/fe6f375e-c52f-496f-90dd-9c34e64cb581,"Oct 8, 2023",3.8700050026818644e-06
5 minutes with our Aspire Network,https://www.natwestgroup.com/news-and-insights/latest-stories/community-and-culture/2023/may/5-minutes-with-our-aspire-network.html,"May 15, 2023",0.9999353885650635
NatWest combs customer accounts – and tells them to go vegetarian,https://www.telegraph.co.uk/money/banking/natwest-combs-customer-accounts-tells-them-go-vegan/,"Nov 2, 2023",8.636796337668784e-06
Failure and Fault: What the NatWest Case Tells Us About Corporate Liability for Money Laundering,https://www.bcl.com/failure-and-fault-what-the-natwest-case-tells-us-about-corporate-liability-for-money-laundering/,"Oct 13, 2021",0.00023189156490843743
NatWest Group digitises check-clearing processes,https://dxc.com/nz/en/insights/customer-stories/natwest-group-digitizes-check-clearing-processes,"Oct 21, 2022",0.02408530004322529
New Natwest logo uses 1968 symbol for rebrand,https://www.creativereview.co.uk/new-natwest-logo/,"Oct 4, 2016",0.0010398729937151074
Helping people fight fraud this Christmas,https://www.natwestgroup.com/news-and-insights/latest-stories/financial-capability-and-learning/2023/nov/fighting-fraud-this-christmas.html,"Nov 28, 2023",0.0030556698329746723
UK bank NatWest CEO resigns after Farage 'error',https://m.economictimes.com/news/international/business/uk-bank-natwest-ceo-resigns-after-farage-error/articleshow/102149337.cms,"Jul 27, 2023",2.0593570297933184e-05
Take NatWest shares into Britain's classrooms,https://www.ft.com/content/5a022e25-d47d-4a0d-bd8f-a5a6e6f3edb6,"Nov 28, 2023",0.0035932972095906734
Nigel Farage called 'sketchy crackpot' in secret NatWest emails,https://www.independent.co.uk/news/uk/politics/nigel-farage-natwest-coutts-alison-rose-b2435066.html,"Oct 24, 2023",8.312064892379567e-06
NatWest names ex-Centrica boss as chair after Farage saga,https://www.theguardian.com/business/2023/sep/06/natwest-expected-to-name-ex-centrica-boss-as-chair-after-nigel-farage-saga,"Sep 6, 2023",4.974683179170825e-06
"Windrush pensioner, 92, among overseas NatWest customers having accounts axed by bank",https://www.independent.co.uk/news/uk/home-news/natwest-bank-account-closure-windrush-pensioner-b2386391.html,"Aug 5, 2023",1.1306546184641775e-05
Supporting financial wellbeing for our customers,https://www.natwestgroup.com/news-and-insights/latest-stories/financial-capability-and-learning/2023/jun/supporting-financial-wellbeing-for-our-customers.html,"Jun 14, 2023",0.00027532290550880134
Nigel Farage and NatWest: A timeline of what happened,https://news.sky.com/story/nigel-farages-bank-accounts-whats-it-all-about-and-whats-the-coutts-threshold-12915155,"Jul 26, 2023",5.734209935326362e-06
Let's talk values – Robust,https://www.natwestgroup.com/news-and-insights/latest-stories/community-and-culture/2023/jun/lets-talk-values-robust.html,"Jul 7, 2023",0.8018603920936584
"Business confidence is falling, says Natwest boss",https://www.bbc.com/news/business-61599029,"May 26, 2022",1.8822534912033007e-05
NatWest sees £850m fall in value as Nigel Farage calls for heads to roll,https://www.independent.co.uk/news/uk/politics/natwest-farage-alison-rose-share-value-b2382354.html,"Jul 26, 2023",5.888396117370576e-05
NatWest chief gets huge bonus as bank reveals profits surged,https://news.sky.com/story/natwest-reveals-profits-surged-by-more-than-a-third-to-5-1bn-last-year-12812902,"Feb 17, 2023",0.020365791395306587
Government sells £1.26 billion of NatWest shares reducing stake to 38.6%,https://www.gov.uk/government/news/government-sells-126-billion-of-natwest-shares-reducing-stake-to-386,"May 22, 2023",0.042304739356040955
Disasters Emergency Committee launches Turkey-Syria Earthquake Appeal,https://www.natwestgroup.com/news-and-insights/latest-stories/community-and-culture/2023/feb/disasters-emergency-committee-launches-turkey-syria-earthquake-a.html,"Feb 9, 2023",0.00017559684056323022
Team GB partners with NatWest for Paris 2024 Olympic Games,https://www.teamgb.com/article/team-gb-natwest-paris-2024/5r8pPLmGrUkSETt8NmWCX2,"Sep 14, 2023",0.9792019724845886
Let's talk values – Sustainable,https://www.natwestgroup.com/news-and-insights/latest-stories/community-and-culture/2023/jun/lets-talk-values-sustainable.html,"Jul 7, 2023",0.47817131876945496
Full list of NatWest and RBS branches closing - and when they will shut,https://news.sky.com/story/full-list-of-natwest-and-rbs-branches-closing-and-when-they-will-shut-13014366,"Nov 23, 2023",1.8771433474285004e-07
NatWest review GHG content following NFU intervention,https://www.nfuonline.com/updates-and-information/natwest-review-ghg-content-following-nfu-intervention/,"Nov 23, 2023",0.9992353916168213
Nigel Farage calls for more NatWest resignations - as data privacy watchdog writes to banks,https://news.sky.com/story/natwest-boss-steps-down-with-immediate-effect-over-nigel-farage-bank-account-leak-12927506,"Jul 26, 2023",2.6947735022986308e-05
NatWest launches 'urgent' cryptocurrency scam alert,https://www.bbc.co.uk/news/technology-57267199,"May 27, 2021",6.156880408525467e-05
"NatWest shares could be sold to public, says Hunt",https://www.bbc.co.uk/news/business-67500460,"Nov 22, 2023",1.968069682334317e-06
How Alison Rose blew 30 years at NatWest in less than a month,https://www.telegraph.co.uk/business/2023/07/26/natwest-board-meeting-alison-rose-quit/,"Jul 26, 2023",0.00013667455641552806
NatWest apologises after thousands of accounts mistakenly show double payments,https://www.independent.co.uk/money/natwest-apologises-after-thousands-of-accounts-mistakenly-show-double-payments-b2075840.html,"May 10, 2022",3.460951120359823e-05
NatWest fined £265m after bin bags of cash laundered,https://www.bbc.co.uk/news/business-59629711,"Dec 13, 2021",0.002849974436685443
NatWest limits cryptocurrency transfers over scam fears,https://www.bbc.co.uk/news/technology-64954119,"Mar 14, 2023",6.346146983560175e-05
NatWest poised to cancel bulk of Rose's potential £10m payoff,https://news.sky.com/story/natwest-poised-to-cancel-bulk-of-roses-potential-10m-payoff-13004283,"Nov 10, 2023",1.9348308342159726e-06
NatWest boss admits she was the BBC's source in Nigel Farage row – but keeps her job,https://www.independent.co.uk/news/uk/politics/natwest-bbc-nigel-farage-bank-b2381701.html,"Jul 25, 2023",2.0054058040841483e-05
NatWest now 38.6% state owned as govt sells £1.2bn of shares,https://news.sky.com/story/natwest-now-38-6-state-owned-as-govt-sells-1-2bn-of-shares-12886649,"May 22, 2023",0.954766571521759
Getting back on track with finances,https://www.natwestgroup.com/news-and-insights/latest-stories/financial-capability-and-learning/2023/nov/getting-back-on-track-with-finances.html,"Nov 7, 2023",8.2697908510454e-05
NatWest board meeting over CEO's future as chancellor has 'significant concerns' over handling of Farage bank accounts leak,https://news.sky.com/story/nigel-farage-calls-position-of-natwest-boss-totally-untenable-over-bank-details-leak-12927366,"Jul 25, 2023",0.00012346879520919174
NatWest braced for showdown over former CEO's payoff,https://news.sky.com/story/natwest-braced-for-showdown-over-former-ceos-payoff-12984271,"Oct 14, 2023",1.369470737699885e-06
NatWest review finds no political discrimination in Coutts account closures,https://www.bbc.co.uk/news/business-67729427,"Dec 15, 2023",0.0001283254096051678
'I'm leaving NatWest after 20 years for what they did to Nigel Farage',https://www.telegraph.co.uk/money/banking/current-accounts/im-leaving-natwest-after-20-years-nigel-farage/,"Jul 27, 2023",5.6847569794626907e-05
Why Alison Rose had to quit as NatWest chief,https://www.spectator.co.uk/article/natwest-group-chief-apologises-for-inaccurate-farage-leaking/,"Jul 26, 2023",9.818598300626036e-06
Farage to seek millions in damages from NatWest and former CEO Rose,https://news.sky.com/story/farage-to-seek-millions-in-damages-from-natwest-and-former-ceo-rose-13005311,"Nov 11, 2023",0.0004290277720429003
Farage debanking row: NatWest review finds no evidence of widespread political discrimination,https://news.sky.com/story/farage-debanking-row-natwest-review-finds-no-evidence-of-widespread-political-discrimination-13030827,"Dec 15, 2023",0.00014589448983315378
RBS to rebrand as NatWest Group as CMO David Wheldon retires,https://www.marketingweek.com/rbs-rebrand-natwest-group-cmo-david-wheldon-retires/,"Feb 14, 2020",0.030699333176016808
NatWest faces criminal case over money laundering,https://www.bbc.co.uk/news/business-56412393,"Mar 16, 2021",0.0006039914442226291
NatWest chairman refuses to quit over Farage debacle as bank reports surge in profits,https://news.sky.com/story/natwest-profits-surge-as-bank-reels-from-farage-de-banking-debacle-12928939,"Jul 28, 2023",4.647244713851251e-05
NatWest hit by profit fears as it admits Nigel Farage failings,https://www.bbc.co.uk/news/business-67236693,"Oct 27, 2023",0.0003612531581893563
NatWest launches 100 Female Entrepreneurs to Watch,https://www.telegraph.co.uk/business/women-entrepreneurs/100-to-watch-campaign-launch/,"Jul 4, 2022",0.008198165334761143
'Milestone in returning NatWest to full private ownership' as government sells £1.26bn worth of shares - CityAM,https://www.cityam.com/natwest-government-reduces-stake-in-bank-to-under-40-per-cent/,"May 22, 2023",0.1299494057893753
NatWest admits serious failings over Nigel Farage's bank account closure,https://www.independent.co.uk/business/nigel-farage-bank-account-natwest-failings-b2436960.html,"Oct 27, 2023",2.124472666764632e-05
Dame Alison Rose forfeits £7.6m as NatWest scraps bonus and share awards,https://www.telegraph.co.uk/business/2023/11/10/natwest-alison-rose-bonus-nigel-farage-debanking/,"Nov 10, 2023",0.002674497663974762
NatWest employee jailed over £1mn theft from customers,https://www.ftadviser.com/regulation/2023/10/02/natwest-employee-jailed-over-1mn-theft-from-customers/,"Oct 2, 2023",3.743543857126497e-05
'NatWest refuses to tell me who paid £2k into my current account',https://www.telegraph.co.uk/money/consumer-affairs/natwest-current-account-payment-overdraft/,"Nov 19, 2023",4.9620753998169675e-05
Taxpayer no longer majority NatWest shareholder,https://www.bbc.co.uk/news/business-60898614,"Mar 28, 2022",0.0010557902278378606
Ex-NatWest boss Alison Rose loses out on £7.6m after Nigel Farage row,https://www.bbc.co.uk/news/business-67377140,"Nov 10, 2023",0.002475721761584282
NatWest allows staff to identify as men and women on different days,https://www.telegraph.co.uk/politics/2023/07/04/natwest-allows-staff-identify-men-and-women-different-days/,"Jul 4, 2023",2.6925707061309367e-05
NatWest group to hire 3000 employees in India in next three years,https://www.thehindubusinessline.com/companies/natwest-group-to-hire-3000-employees-in-india-in-next-three-years/article67071657.ece,"Jul 12, 2023",1.9305473415442975e-06
NatWest: Former boss set for £2.4m pay package after Farage scandal,https://www.bbc.co.uk/news/business-66590997,"Aug 23, 2023",2.6791600248543546e-05
"UK's NatWest Group to hire 3,000 engineers in India to power its AI, analytical & cloud capabilities",https://www.cnbctv18.com/business/uk-natwest-group-to-hire-3000-engineers-india-ai-cloud-capabilities-17201901.htm,"Jul 12, 2023",0.1393817663192749
Former NatWest chief weighs legal options as pay verdict looms,https://news.sky.com/story/former-natwest-chief-weighs-legal-options-as-pay-verdict-looms-12991830,"Oct 25, 2023",1.535396404506173e-05
Dame Alison Rose: the rise and fall of NatWest's first female boss,https://www.thetimes.com/business-money/companies/article/dame-alison-rose-the-rise-and-fall-of-natwests-first-female-boss-532kn80q2,"Jul 26, 2023",6.663833482889459e-05
NatWest boss gets £5m payout as mortgage profits soar,https://www.bbc.co.uk/news/business-64667668,"Feb 17, 2023",0.9999998807907104
RBS to rebrand as NatWest Group,https://www.scottishfinancialnews.com/article/rbs-to-rebrand-as-natwest-group,"Feb 14, 2020",0.9999992847442627
Where is my money?' Thousands of NatWest customers' deposits disappear causing panic in 'ongoing incident' wit,https://www.dailymail.co.uk/news/article-12548131/Thousands-NatWest-customers-plunged-red-money-deposited-accounts-disappears-bank-bosses-blame-cash-machine-meltdown.html,"Sep 22, 2023",0.0006263058166950941
Natwest to cut 550 jobs in branches and close one office,https://www.bbc.co.uk/news/business-53754464,"Aug 12, 2020",0.026355719193816185
Dame Alison Rose's ousting is a sad end to a distinguished career with no obvious successor,https://news.sky.com/story/dame-alison-roses-ousting-is-a-sad-end-to-a-distinguished-career-with-no-obvious-successor-12927974,"Jul 26, 2023",3.788152025663294e-05
NatWest chief apologises to Farage and promises account closure review,https://news.sky.com/story/natwest-chief-apologises-to-farage-and-promises-account-closure-review-12924418,"Jul 21, 2023",5.957806934020482e-05
'NatWest treated me like a criminal',https://www.thetimes.com/business-money/companies/article/natwest-treated-me-like-a-criminal-2mkqmrflh,"May 27, 2023",6.964363274164498e-05
NatWest says issue of missing cash deposits has been resolved,https://www.bbc.co.uk/news/business-66883086,"Sep 22, 2023",0.001715195132419467
NatWest let down Jeff Prestridge's mum - when she needed it most,https://www.thisismoney.co.uk/money/bills/article-10792289/NatWest-let-Jeff-Prestridges-mum-needed-most.html,"May 8, 2022",6.630076677538455e-05
Nigel Farage row sparks hundreds of NatWest personal data requests,https://www.bbc.co.uk/news/business-66272594,"Jul 21, 2023",7.378694135695696e-06
Nigel Farage says more NatWest bosses must go in Coutts row,https://www.bbc.co.uk/news/business-66309899,"Jul 26, 2023",0.0001046274701366201
GB News owner's fund makes millions from short position as NatWest shares slide,https://www.standard.co.uk/business/gb-news-owner-s-firm-makes-millions-as-natwest-shares-slide-b1097128.html,"Jul 27, 2023",1.3046295862295665e-05
Nigel Farage: NatWest boss admits 'serious error' in bank closure row,https://www.bbc.co.uk/news/business-66307353,"Jul 25, 2023",2.5681836632429622e-05
Why did NatWest's CEO have to step aside?,https://www.bbc.co.uk/news/av/business-66310392,"Jul 26, 2023",4.4256903493078426e-05
"Former NatWest boss Alison Rose breached data rules over Nigel Farage bank details, watchdog finds",https://news.sky.com/story/alison-rose-breached-data-rules-over-nigel-farage-bank-details-information-commissioner-rules-12992873,"Oct 26, 2023",0.00010121190280187875
NatWest boss Alison Rose was cut loose by government for being a thorn in de-banking backlash,https://news.sky.com/story/alison-rose-cut-loose-by-government-for-being-a-thorn-in-de-banking-backlash-12927596,"Jul 26, 2023",1.9803854229394346e-05
Dame Alison Rose: Former NatWest boss loses £7.6m over Nigel Farage debanking row,https://news.sky.com/story/former-natwest-boss-dame-alison-rose-to-lose-7-6m-over-farage-debanking-row-13004625,"Nov 10, 2023",2.3692888134974055e-05
Natwest set to appoint Rick Haythornthwaite as new chair,https://www.cityam.com/natwest-set-to-appoint-rick-haythornwaite-as-new-chair/,"Sep 6, 2023",8.453422196907923e-05
£600000 in refunds over NatWest 'bundling',https://www.gov.uk/government/news/600-000-in-refunds-over-natwest-bundling,"Aug 31, 2022",0.005970013327896595
Alison Rose: Watchdog apologises to former NatWest boss over Farage inquiry,https://www.bbc.co.uk/news/business-67331209,"Nov 6, 2023",0.0017176585970446467
I have no idea why NatWest shut my accounts with £12k and dumped me as a customer – it was ridiculous...,https://www.thesun.co.uk/money/23245695/natwest-shut-accounts-reason-customer-bank-guide/,"Jul 29, 2023",7.442889454978285e-06
Ex-NatWest boss Dame Alison Rose who resigned over Nigel Farage row could bank £2.4m,https://news.sky.com/story/ex-natwest-boss-dame-alison-rose-who-resigned-over-nigel-farage-row-to-bank-2-4m-12945753,"Aug 23, 2023",5.608327683148673e-06
NatWest issues update after cash machine glitch saw customers' money go missing,https://www.mirror.co.uk/money/natwest-issues-update-after-cash-31000462,"Sep 22, 2023",4.550912308332045e-06
Lord Lee: Give NatWest shares to schools to teach kids,https://www.investorschronicle.co.uk/news/2023/11/29/a-new-investor-class-for-natwest/,"Nov 29, 2023",0.0001752902171574533
NatWest on track to return to private ownership as successful trading plan extended,https://www.gov.uk/government/news/natwest-on-track-to-return-to-private-ownership-as-successful-trading-plan-extended,"Apr 3, 2023",0.7821354269981384
NatWest chairman under pressure to resign as Farage row wipes £850m off value,https://www.telegraph.co.uk/business/2023/07/26/ftse-100-markets-live-news-natwest-boe-interest-rates/,"Jul 26, 2023",2.0441937522264197e-05
NatWest share sale to 'get Sid investing again' - but would investors want to buy?,https://www.thisismoney.co.uk/money/investing/article-12780089/Government-considers-NatWest-share-offer-retail-investors-12-months.html,"Nov 22, 2023",0.0001741787273203954
NatWest urged to reverse closing Peak District's only bank branch,https://www.bbc.co.uk/news/uk-england-derbyshire-67635545,"Dec 6, 2023",2.2174349396664184e-06
NatWest to close last remaining bank branch in the Peak District,https://www.telegraph.co.uk/money/banking/natwest-closes-last-remaining-bank-branch-peak-district/,"Nov 30, 2023",3.724953501205164e-07
Hertford NatWest to be stripped following upcoming closure,https://www.bbc.co.uk/news/uk-england-beds-bucks-herts-66085737,"Jul 3, 2023",1.2536072063085157e-05
NatWest online glitch resolved,https://www.bbc.co.uk/news/business-50598909,"Nov 29, 2019",9.997280722018331e-05
NatWest's year of reckoning: Bank which was once a basket case faces public sale in 2024,https://www.thisismoney.co.uk/money/markets/article-12904429/NatWests-year-reckoning-Bank-basket-case-faces-public-sale-2024.html,"Dec 27, 2023",0.00013482464419212192
NatWest issues alert to customers who use mobile banking,https://www.gbnews.com/money/natwest-mobile-banking-online-app,"Oct 26, 2023",4.0226525015896186e-05
Former NatWest fraud boss leaves after moonlighting for law firm... which specialised in suing banks on behalf,https://www.thisismoney.co.uk/money/markets/article-12706363/Former-NatWest-fraud-boss-leaves-moonlighting-law-firm-specialised-suing-banks-behalf-scam-victims.html,"Nov 21, 2023",1.1345911843818612e-05
RBS and NatWest: Brand new,https://www.bbc.co.uk/news/uk-scotland-51514201,"Feb 15, 2020",0.003297120099887252
NatWest's Milsom Street branch closes next month.,https://bathnewseum.com/2017/04/01/natwests-milsom-street-branch-closes-next-month/,"Apr 1, 2017",1.8995366701801686e-07
Natwest set to receive £47m after reducing stake in Irish bank Permanent TSB - CityAM,https://www.cityam.com/natwest-set-to-receive-47m-after-reducing-stake-in-irish-bank-permanent-tsb/,"Jun 2, 2023",0.9397924542427063
Autumn statement 2023 – NatWest retail share offer,https://www.hl.co.uk/news/autumn-statement-2023-natwest-retail-share-offer,"Nov 28, 2023",0.0021135560236871243
Landmark £1.2 billion share sale sees Government stake in NatWest Group reduced to below 50% for first time since ...,https://www.gov.uk/government/news/landmark-12-billion-share-sale-sees-government-stake-in-natwest-group-reduced-to-below-50-for-first-time-since-financial-crisis,"Mar 28, 2022",0.00010781265154946595
NatWest Chiswick branch closing in February - Chiswick Calendar News,https://chiswickcalendar.co.uk/natwest-chiswick-branch-closing-in-february/,"Nov 27, 2023",1.581157675900613e-06
Crisis hit NatWest gobbles up highest number of current account switchers in latest count thanks to £200 cash,https://www.thisismoney.co.uk/money/saving/article-12339735/Crisis-hit-NatWest-gobbles-highest-number-current-account-switchers-latest-count-thanks-200-cash-bribe.html,"Jul 26, 2023",0.9571034908294678
Police issue warning to anyone with a NatWest bank account,https://www.liverpoolecho.co.uk/news/uk-world-news/police-issue-warning-anyone-natwest-28012696,"Oct 31, 2023",9.433743980480358e-05
NatWest increases overpayment allowance to 20% – Mortgage Strategy,https://www.mortgagestrategy.co.uk/news/natwest-increases-overpayment-allowance-to-20/,"Mar 13, 2023",0.0013463898794725537
Natwest Group takes axe to 29 more bank branches,https://www.mortgagesolutions.co.uk/news/2023/11/24/natwest-group-takes-axe-to-29-more-bank-branches/,"Nov 24, 2023",6.0043821576982737e-05
NatWest mixed my parish council employer's online banking with mine,https://www.thisismoney.co.uk/money/experts/article-9745131/NatWest-mixed-parish-council-employers-online-banking-mine.html,"Jul 5, 2021",2.6585971681925002e-06
'My money has disappeared' - YOUR reactions to NatWest banking issues,https://www.coventrytelegraph.net/news/coventry-news/my-money-disappeared-your-reactions-12959503,"Apr 28, 2017",0.0007292452501133084
How nearly £1m has gone 'missing' from NatWest Isa savings transfers,https://www.thisismoney.co.uk/money/saving/article-12786799/How-nearly-1m-gone-missing-NatWest-Isa-savings-transfers.html,"Dec 1, 2023",3.024826401087921e-05
Spiralling cost to taxpayer of the Big NatWest Bailout,https://www.thisismoney.co.uk/money/markets/article-12710055/Spiralling-cost-taxpayer-Big-NatWest-Bailout.html,"Nov 4, 2023",0.0008078601094894111
Police warning to anyone with a NatWest bank account,https://www.walesonline.co.uk/news/uk-news/police-warning-anyone-natwest-bank-28009953,"Oct 30, 2023",5.8591416745912284e-05
Natwest and Santander confirm detail of Mortgage Charter support,https://www.mortgagesolutions.co.uk/news/2023/07/18/natwest-and-santander-confirm-detail-of-mortgage-charter-support/,"Jul 18, 2023",4.363241896498948e-05
Natwest bank's decision to close Reigate branch this summer branded a 'disappointment',https://www.getsurrey.co.uk/news/surrey-news/natwest-banks-decision-close-reigate-14109534,"Jan 3, 2018",1.2566301847982686e-05
"Full list of NatWest branches set to close across UK including Glasgow, Edinburgh, Ayr, Dundee and Aberdeen",https://www.dailyrecord.co.uk/lifestyle/money/full-list-natwest-branch-closures-28236227,"Oct 14, 2022",3.1749521440360695e-05
Full reaction: NatWest to close its branch in Burnham-On-Sea today,https://www.burnham-on-sea.com/news/nat-west-burnham-on-sea-branch-shuts-this-week-09-10-17/,"Oct 10, 2017",2.979914643219672e-05
