title,link,date,sentiment_score
Prudential plc and Google Cloud Announce Strategic Partnership to Make Healthcare and Financial Security More ...,https://www.prnewswire.com/news-releases/prudential-plc-and-google-cloud-announce-strategic-partnership-to-make-healthcare-and-financial-security-more-accessible-across-asia-and-africa-301643560.html,"Oct 10, 2022",0.9999761581420898
Prudential Plc seals M&G demerger,https://www.insurancebusinessmag.com/us/news/breaking-news/prudential-plc-seals-mandg-demerger-189249.aspx,"Oct 22, 2019",1.0
Prudential Plans to Double New Business Profit by 2027,https://www.bloomberg.com/news/articles/2023-08-30/prudential-s-insurance-new-business-profit-beats-estimate,"Aug 29, 2023",1.0
"Africa the next 'growth engine' for Prudential, says new chief",https://www.ft.com/content/31e842e3-76f7-4794-a142-1bb5ad50f882,"Sep 2, 2023",3.8700050026818644e-06
"Insurers/Prudential: smoke, mirrors and embedded values",https://www.ft.com/content/414c54fb-5d5f-454d-8886-abc2b4f25f54,"Mar 16, 2023",3.8700050026818644e-06
Prudential's chief financial officer resigns after conduct probe,https://www.ft.com/content/95302d34-a8c2-4ab3-9f27-44d56c83a22b,"May 31, 2023",3.8700050026818644e-06
Prudential hit by China's zero-Covid policy,https://www.ft.com/content/0c3f71e4-fd1d-481e-956f-85a8f528625e,"Aug 10, 2022",3.8700050026818644e-06
Prudential chief Anil Wadhwani plans to reduce reliance on Hong Kong and China,https://www.ft.com/content/fd9e31a3-3745-4eb5-8091-8a181136d6c8,"Aug 30, 2023",3.8700050026818644e-06
Jackson Financial Completes Separation From Prudential,https://www.businesswire.com/news/home/20210913005232/en/Jackson-Financial-Completes-Separation-From-Prudential,"Sep 13, 2021",0.9991727471351624
Prudential plc to Demerge M&G Prudential from Prudential plc,https://www.coverager.com/prudential-plc-demerge-mg-prudential-prudential-plc/,"Mar 14, 2018",0.9999716281890869
Prudential plc to open Macau branch | Insurance Business Asia,https://www.insurancebusinessmag.com/asia/news/breaking-news/prudential-plc-to-open-macau-branch-434208.aspx,"Jan 27, 2023",0.9999868869781494
Prudential to split off US business in latest step of break-up plan,https://www.ft.com/content/aa94ecd7-266a-44d6-bbd9-383dbf79b822,"Aug 11, 2020",3.8700050026818644e-06
Prudential to split into two companies to target Asia,https://www.theguardian.com/business/2018/mar/14/prudential-to-split-into-two-companies-to-target-asia,"Mar 14, 2018",0.02224830724298954
Prudential targets growth for China life insurance joint-venture,https://www.reinsurancene.ws/prudential-targets-growth-for-china-life-insurance-joint-venture/,"Dec 22, 2023",0.9999525547027588
Anne Richards Quits M&G to Head $414 Billion Money Manager,https://www.bloomberg.com/news/articles/2018-07-27/richards-quits-as-m-g-investments-ceo-before-prudential-demerger,"Jul 27, 2018",6.951128398213768e-06
Prudential pivots to Asia just as regional storm clouds gather,https://www.ft.com/content/1f2acd65-8b97-45a3-8a0f-924e9561a986,"Sep 1, 2022",3.8700050026818644e-06
Profit-Hungry Climate Investors Descend on Dubai,https://www.bloomberg.com/news/articles/2023-12-04/profit-hungry-climate-investors-descend-on-dubai,"Dec 3, 2023",8.351400992978597e-07
Prudential CFO James Turner Resigns Over Probe Into Conduct,https://www.bloomberg.com/news/articles/2023-05-31/prudential-cfo-james-turner-resigns-over-probe-into-conduct,"May 31, 2023",5.148915442987345e-05
Prudential plc doubles size of executive committee | Insurance Business Asia,https://www.insurancebusinessmag.com/asia/news/breaking-news/prudential-plc-doubles-size-of-executive-committee-410893.aspx,"Jun 25, 2022",0.9999899864196777
Prudential to Spin Off Jackson US Unit in Second Quarter to Focus on Asia,https://www.bloomberg.com/news/articles/2021-03-03/prudential-says-u-s-unit-will-be-spun-off-in-second-quarter,"Mar 3, 2021",0.0003278828808106482
Prudential Plc passes finish line with M&G demerger,https://www.insurancebusinessmag.com/asia/news/breaking-news/prudential-plc-passes-finish-line-with-mandg-demerger-189251.aspx,"Oct 22, 2019",1.0
Prudential: AIA's strength leaves Wadhwani as the wannabe,https://www.ft.com/content/d4d42430-9784-4808-b036-ff83af6f18f8,"Aug 30, 2023",3.8700050026818644e-06
Prudential New CEO Sticks to Asia Growth Story as Shares Rally,https://www.bloomberg.com/news/articles/2015-08-11/prudential-profit-beat-estimates-in-wells-first-earnings-as-ceo,"Aug 11, 2015",0.9999736547470093
Prudential Plc shareholders give green light to M&G demerger,https://www.insurancebusinessmag.com/asia/news/breaking-news/prudential-plc-shareholders-give-green-light-to-mandg-demerger-180647.aspx,"Oct 16, 2019",5.058237093180651e-06
Prudential to split Asian and US businesses amid activist's pressure,https://asia.nikkei.com/Business/Insurance/Prudential-to-split-Asian-and-US-businesses-amid-activist-s-pressure,"Mar 11, 2020",1.3090763104628422e-06
Is Prudential plc's (LON:PRU) CEO Being Overpaid?,https://finance.yahoo.com/news/prudential-plcs-lon-pru-ceo-124518467.html,"Apr 20, 2020",0.008388426154851913
New Asia-Based CEO Takes Up Prudential Plc Post,https://www.wealthbriefing.com/html/article.php/New-Asia_dash_Based-CEO-Takes-Up-Prudential-Plc-Post,"Feb 24, 2023",5.900766154809389e-06
"Asian Investors Are Warming Up to Prudential, CEO Says",https://www.bloomberg.com/news/articles/2023-01-11/asian-investors-warming-up-to-prudential-ceo-fitzpatrick-says,"Jan 11, 2023",0.0009518006118014455
Prudential Hires Goldman's Former Top Southeast Asia FIG Banker,https://www.bloomberg.com/news/articles/2018-09-24/prudential-hires-goldman-s-former-top-southeast-asia-fig-banker-jmfzh0k2,"Sep 24, 2018",2.0778299585799687e-05
Prudential to focus on two fronts for Asia EM decarbonisation | Asset Owners,https://www.asianinvestor.net/article/prudential-to-focus-on-two-fronts-for-asia-em-decarbonisation/483804,"Mar 26, 2023",0.02633378468453884
Prudential Plc completes M&G demerger | Insurance Business UK,https://www.insurancebusinessmag.com/uk/news/breaking-news/prudential-plc-completes-mandg-demerger-189248.aspx,"Oct 22, 2019",1.0
Prudential Has a Breakup Lesson for HSBC's Activists,https://www.bloomberg.com/opinion/articles/2022-05-30/prudential-has-a-breakup-lesson-for-hsbc-s-activists,"May 29, 2022",0.6349133849143982
10 Biggest Insurance Companies,https://www.investopedia.com/articles/personal-finance/010715/worlds-top-10-insurance-companies.asp,"Nov 30, 2023",2.157243670808384e-06
Prudential CEO on 1H results and Business Outlook,https://www.bloomberg.com/news/videos/2023-09-04/prudential-ceo-on-1h-results-and-business-outlook-video,"Sep 3, 2023",4.975542105967179e-05
Prudential Plans to Split Jackson Off Without an IPO,https://www.thinkadvisor.com/2021/01/28/prudential-plans-to-split-jackson-off-without-an-ipo/,"Jan 28, 2021",0.0004642270505428314
Prudential Plc crosses finish line with M&G demerger,https://www.insurancebusinessmag.com/nz/news/breaking-news/prudential-plc-crosses-finish-line-with-mandg-demerger-189252.aspx,"Oct 22, 2019",1.0
Jackson to Fully Separate From Prudential plc Through Proposed Spin-Off in 2Q 2021,https://www.businesswire.com/news/home/20210128005542/en/Jackson-to-Fully-Separate-From-Prudential-plc-Through-Proposed-Spin-Off-in-2Q-2021,"Jan 28, 2021",0.001649611396715045
Prudential UK announces US reinsurance transaction & investment by Athene,https://www.reinsurancene.ws/prudential-announces-us-reinsurance-transaction-investment-by-athene/,"Jun 18, 2020",0.631112813949585
Michele Bang joins RGA's Board of Directors,https://www.reinsurancene.ws/michele-bang-joins-rgas-board-of-directors/,"Oct 2, 2023",0.10603984445333481
Prudential: Asia green investment options limited despite ESG momentum | ESG,https://www.asianinvestor.net/article/prudential-asia-green-investment-options-limited-despite-esg-momentum/484059,"Apr 17, 2023",0.8732407093048096
Loeb's Third Point calls for break-up of UK's Prudential,https://www.ft.com/content/3f3c8848-5725-11ea-abe5-8e03987b7b20,"Feb 24, 2020",3.8700050026818644e-06
Prudential continues pivot to Hong Kong despite 'difficult' conditions,https://www.ft.com/content/1885f89c-e76e-4315-a677-c0856e695796,"Mar 9, 2022",3.8700050026818644e-06
Pru CFO Resigns Amid 'Recruitment' Code of Conduct Probe,https://www.morningstar.co.uk/uk/news/235748/pru-cfo-resigns-amid-recruitment-code-of-conduct-probe.aspx,"May 31, 2023",5.304711521603167e-06
Prudential shuffles leadership amid departure of CEO Mike Wells,https://www.reinsurancene.ws/prudential-shuffles-leadership-amid-departure-of-ceo-mike-wells/,"Feb 10, 2022",0.0013651647605001926
Prudential fears Covid curbs will force next CEO to start outside Hong Kong,https://www.ft.com/content/a3e2214d-2b6c-4f41-815c-a88620088f55,"Feb 17, 2022",3.8700050026818644e-06
Prudential appoints group chief investment officer | Insurance Business Asia,https://www.insurancebusinessmag.com/asia/news/breaking-news/prudential-appoints-group-chief-investment-officer-419054.aspx,"Sep 2, 2022",2.4286807729367865e-06
Prudential unveils Q3 financial results | Insurance Business UK,https://www.insurancebusinessmag.com/uk/news/breaking-news/prudential-unveils-q3-financial-results-465742.aspx,"Nov 6, 2023",1.0
Prudential Plc completes Jackson split | Insurance Business UK,https://www.insurancebusinessmag.com/uk/news/breaking-news/prudential-plc-completes-jackson-split-309893.aspx,"Sep 14, 2021",0.9999982118606567
Prudential plc share price may gain from stronger Asia focus,https://capital.com/prudential-plc-share-price-may-gain-from-stronger-asia-focus,"May 27, 2022",0.004070092458277941
Prudential carve-up set to complete next month,https://www.ft.com/content/50a710b5-1ae9-4525-bb88-d5e584e00fdd,"Aug 11, 2021",3.8700050026818644e-06
Prudential Appoints Diana Guzman as Director of Group ESG,https://www.esgtoday.com/11471-2/,"Jan 19, 2023",3.0024344596313313e-05
Prudential mis-selling: are you eligible for compensation?,https://www.ft.com/content/87767826-e68c-11e9-b112-9624ec9edc59,"Oct 4, 2019",3.8700050026818644e-06
Jackson Financial unveils further leadership changes ahead of demerger,https://www.insurancebusinessmag.com/us/news/breaking-news/jackson-financial-unveils-further-leadership-changes-ahead-of-demerger-246453.aspx,"Feb 15, 2021",0.00021385606669355184
Jackson National Life CEO returns to Nashville roots,https://www.tennessean.com/story/money/2015/07/07/barry-stowe-jackson-ceo-nashville-roots/29815401/,"Jul 7, 2015",5.051739208283834e-05
"Prudential on the hunt for sustainable PE, real estate | Asset Owners",https://www.asianinvestor.net/article/prudential-on-the-hunt-for-sustainable-pe-real-estate/483361,"Feb 21, 2023",0.6028302907943726
Prudential Plc. names Anil Wadhwani as new Group CEO,https://vir.com.vn/prudential-plc-names-anil-wadhwani-as-new-group-ceo-93809.html,"May 28, 2022",0.9994871616363525
Prudential names former Citi banker Anil Wadhwani as next chief executive,https://www.ft.com/content/b59a3fdc-49b2-4a44-ae91-d3fb7e59c8bf,"May 25, 2022",3.8700050026818644e-06
Prudential underscores strong performance in half-year results,https://www.insurancebusinessmag.com/uk/news/breaking-news/prudential-underscores-strong-performance-in-halfyear-results-458041.aspx,"Aug 31, 2023",0.9999990463256836
Prudential's Sanchit Maini receives international risk governance honour,https://www.insurancebusinessmag.com/asia/news/breaking-news/prudentials-sanchit-maini-receives-international-risk-governance-honour-257599.aspx,"Jun 11, 2021",0.9999963045120239
Prudential launches financial advisory arm | Insurance Business Asia,https://www.insurancebusinessmag.com/asia/news/breaking-news/prudential-launches-financial-advisory-arm-443449.aspx,"Apr 21, 2023",0.9999998807907104
Prudential Names Don Guo Group CIO | Chief Investment Officer,https://www.ai-cio.com/news/prudential-names-don-guo-group-cio/,"Sep 9, 2022",2.5554969397489913e-05
"Manulife, Prudential implement Asia leadership shakeups | Insurance Business UK",https://www.insurancebusinessmag.com/uk/news/breaking-news/manulife-prudential-implement-asia-leadership-shakeups-407404.aspx,"May 25, 2022",4.3356893002055585e-05
Pru says pandemic has changed how life insurance is sold 'forever',https://www.ft.com/content/694d3403-cc4c-43a4-bde4-bf534d6d4a6d,"Mar 3, 2021",3.8700050026818644e-06
Prudential Plc pulls off resilient performance in 2022,https://apanews.net/prudential-plc-pulls-off-resilient-performance-in-2022/,"Apr 12, 2023",0.21075747907161713
Prudential to demerge US business and raise up to $3bn of equity,https://www.ft.com/content/bc612830-f10d-4870-824c-5332163b1e2d,"Jan 28, 2021",3.8700050026818644e-06
Prudential: emerging markets overlooked in the rush for responsible investment | Asset Owners,https://www.asianinvestor.net/article/prudential-emerging-markets-overlooked-in-the-rush-for-responsible-investment/478349,"Jun 6, 2022",9.636790309741627e-06
Prudential to raise up to $2.9bn to help fund push into Asia and Africa,https://www.ft.com/content/85efde3a-a7f3-495e-9ed3-2e97f8a250cc,"Sep 20, 2021",3.8700050026818644e-06
Rothesay Life reinsures £12 billion annuity book for Prudential,https://www.reinsurancene.ws/rothesay-life-reinsures-12-billion-annuity-book-prudential/,"Mar 14, 2018",0.057691480964422226
The Pru's CEO base is a Hong Kong bellwether,https://www.ft.com/content/170bf396-fbc4-4e3d-9fc4-f27e49b30e64,"Feb 16, 2022",3.8700050026818644e-06
Prudential to base next chief in Asia after Mike Wells steps down,https://www.ft.com/content/78a5b3e8-7dd6-4c5f-9c14-a0dd447a30ba,"Feb 9, 2022",3.8700050026818644e-06
Prudential app measures daily health and stress levels through face scan,https://www.insurancebusinessmag.com/asia/news/breaking-news/prudential-app-measures-daily-health-and-stress-levels-through-face-scan-403789.aspx,"Apr 27, 2022",0.9996708631515503
Eastspring Asset in Korea up for grabs at about $77 mn,https://www.kedglobal.com/mergers-acquisitions/newsView/ked202311280007,"Nov 28, 2023",1.4128886505204719e-06
Prudential hires new group CIO based in Singapore | Asset Owners,https://www.asianinvestor.net/article/prudential-hires-new-group-cio-based-in-singapore/481203,"Sep 1, 2022",5.989481360302307e-05
The World’s Ten Largest Insurance Companies,https://www.tharawat-magazine.com/facts/the-worlds-ten-largest-insurance-companies/,"Aug 26, 2021",0.009998070076107979
Prudential turns to AI to secure computer networks against cyber attacks,https://www.computerweekly.com/news/252480057/Prudential-turns-to-AI-to-secure-networks-against-cyber-attacks,"Mar 18, 2020",9.61923215072602e-05
Shriti Vadera to become next chair of Prudential,https://www.ft.com/content/7ebe12b6-434d-11ea-abea-0c7a29cd66fe,"Jan 30, 2020",3.8700050026818644e-06
Prudential partners Google Cloud for digital transformation,https://www.itnews.asia/news/prudential-partners-google-cloud-for-digital-transformation-586321,"Oct 11, 2022",0.9996857643127441
Britain’s Prudential Opens Macao’s Second Life Insurance Operation in 20 Years,https://www.caixinglobal.com/2023-06-14/britains-prudential-opens-macaos-second-life-insurance-operation-in-20-years-102065583.html,"Jun 14, 2023",5.592381512542488e-06
Jackson Announces Leadership Changes Led By New CEO Laura Prieskorn,https://www.businesswire.com/news/home/20210212005383/en/Jackson-Announces-Leadership-Changes-Led-By-New-CEO-Laura-Prieskorn,"Feb 12, 2021",2.016648795688525e-05
Jackson Announces Strategic Transaction With Athene,https://www.businesswire.com/news/home/20200618005334/en/Jackson-Announces-Strategic-Transaction-With-Athene,"Jun 18, 2020",0.9973166584968567
"FSI firms need to be ready to combat the “dark side” of generative AI: Andy Chun, Prudential plc, ET CIO SEA",https://ciosea.economictimes.indiatimes.com/news/next-gen-technologies/fsi-firms-need-to-be-ready-to-combat-the-dark-side-of-generative-ai-andy-chun-prudential-plc/103679190,"Sep 18, 2023",0.6581716537475586
"Investors' Chronicle: Bunzl, Prudential, PureTech",https://www.ft.com/content/7956eceb-2a6f-4687-9d79-07eb58dbd288,"Sep 1, 2023",3.8700050026818644e-06
Prudential to spin off UK and European business in radical break-up,https://www.cnbc.com/2018/03/14/prudential-to-spin-off-uk-and-european-business-in-radical-break-up.html,"Mar 14, 2018",0.00013539308565668762
British firm Prudential says to split into two,https://vir.com.vn/british-firm-prudential-says-to-split-into-two-57197.html,"Mar 15, 2018",0.0003407863259781152
Prudential appoints new CEO on £7.5m pay package,https://www.theguardian.com/business/2015/may/01/prudential-appoints-new-ceo-on-75m-pay-package,"May 1, 2015",0.006202338729053736
New Asia-Based CEO Takes Up Prudential Plc Post,https://www.wealthbriefingasia.com/article.php/New-Asia_dash_Based-CEO-Takes-Up-Prudential-Plc-Post,"Feb 24, 2023",5.900766154809389e-06
Prudential - Corporate Partner,https://www.savethechildren.org.uk/about-us/who-we-work-with/corporate-partners/prudential,"Oct 11, 2017",0.9990898370742798
Prudential shares: 5 reasons to buy (or not buy) in 2023,https://www.fool.co.uk/2023/01/04/prudential-shares-5-reasons-to-buy-or-not-buy-in-2023/,"Jan 4, 2023",2.1587247829302214e-05
Citi's Lawrence Lam leaves firm to join Prudential HK as CEO,https://www.marketing-interactive.com/citi-lawrence-lam-leaves-firm-to-join-prudential-hk-as-ceo,"Aug 25, 2022",0.5582898259162903
Rebecca Cousin - London,https://www.slaughterandmay.com/people/rebecca-cousin/,"May 5, 2020",4.3846439439221285e-06
Citi's Lawrence Lam leaves firm to join Prudential HK as CEO,https://www.marketing-interactive.com/citi-lawrence-lam-leaves-firm-to-join-prudential-hk-as-ceo,"Aug 25, 2022",0.5582898259162903
Rebecca Cousin - London,https://www.slaughterandmay.com/people/rebecca-cousin/,"May 5, 2020",4.3846439439221285e-06
Recognised for our extensive parental support – M&G plc,https://www.mandg.com/views-and-insights/2023/recognised-for-our-extensive-parental-support,"Jun 20, 2023",0.9990309476852417
UK regulator under fire over £12bn annuity deal,https://www.ft.com/content/9c2e453c-eff1-11e9-ad1e-4367d8281195,"Oct 27, 2019",3.8700050026818644e-06
M&G group CEO John Foley announces retirement | Insurance Business UK,https://www.insurancebusinessmag.com/uk/news/breaking-news/mandg-group-ceo-john-foley-announces-retirement-403847.aspx,"Apr 27, 2022",1.0
Prudential Asia names Robin Spencer as Thailand CEO,https://www.insurancebusinessmag.com/asia/news/breaking-news/prudential-asia-names-robin-spencer-as-thailand-ceo-221055.aspx,"Apr 30, 2020",1.0
Ex-Prudential chief joins Athora as CEO | Insurance Business UK,https://www.insurancebusinessmag.com/uk/news/breaking-news/exprudential-chief-joins-athora-as-ceo-412751.aspx,"Jul 12, 2022",1.0
M&G pulls $13b of Prudential assets from Eastspring | Asset Owners,https://www.asianinvestor.net/article/mg-pulls-13b-of-prudential-assets-from-eastspring/462969,"Aug 18, 2020",2.3089066871762043e-06
"Manulife, Prudential plc appointed new CEO",https://www.ceoinsightsasia.com/news/manulife-prudential-plc-appointed-new-ceo-nwid-9507.html,"May 26, 2022",8.716015872778371e-05
Manulife Asia CEO takes top job at Prudential | Asset Owners,https://www.asianinvestor.net/article/manulife-asia-ceo-takes-top-job-at-prudential/478110,"May 25, 2022",2.3685162886977196e-05
Credit Suisse appoints Tidjane Thiam as new CEO,https://www.cnbc.com/2015/03/10/credit-suisse-appoints-tidjane-thiam-as-new-ceo-replacing-brady-dougan.html,"Mar 10, 2015",0.9154598712921143
Revival of the central London office market,https://www.mandg.com/views-and-insights/2023/revival-of-the-central-london-office-market,"Sep 4, 2023",0.9998998641967773
FCA fines Prudential nearly £24 million for failures in annuities sales,https://www.insurancebusinessmag.com/uk/news/breaking-news/fca-fines-prudential-nearly-24-million-for-failures-in-annuities-sales-179372.aspx,"Oct 1, 2019",5.0820417527575046e-05
Ready for health biz too: Prudential CEO,https://timesofindia.indiatimes.com/business/india-business/ready-for-health-biz-too-prudential-ceo/articleshow/94084052.cms,"Sep 9, 2022",0.9009009599685669
M&G Prudential to boost Scottish presence,https://www.bbc.com/news/uk-scotland-scotland-business-48546056,"Jun 7, 2019",0.00023413611052092165
Prudential pens commitment that ups its contribution to climate action,https://nation.africa/kenya/brand-book/prudential-pens-commitment-that-ups-its-contribution-to-climate-action-4415724,"Oct 27, 2023",0.006279607769101858
TCS wins $690 mn deal with UK's M&G Prudential; second deal this year,https://www.business-standard.com/article/companies/tcs-wins-690-mn-deal-with-uk-s-m-g-prudential-second-deal-this-year-118011600829_1.html,"Jan 16, 2018",0.9999980926513672
Urban Jungle gains further backing from former Prudential UK boss,https://www.insurancebusinessmag.com/uk/news/technology/urban-jungle-gains-further-backing-from-former-prudential-uk-boss-166739.aspx,"May 8, 2019",0.9999998807907104
Prudential plc and Google Cloud Announce Strategic Partnership to Make Healthcare and Financial Security More ...,https://www.media-outreach.com/news/hong-kong/2022/10/11/168759/prudential-plc-and-google-cloud-announce-strategic-partnership-to-make-healthcare-and-financial-security-more-accessible-across-asia-and-africa/,"Oct 11, 2022",0.00011823544627986848
Africa Prudential Awarded Best Registrar in West Africa,https://allafrica.com/view/group/main/main/id/00054246.html,"Mar 3, 2018",1.9260437511547934e-06
PRA fines the former Chief Information Officer of TSB Bank plc for a breach of the PRA's Senior Manager Conduct Rules,https://www.bankofengland.co.uk/news/2023/april/pra-fines-former-cio-of-tsb-bank-plc-for-breach-of-pra-senior-manager-conduct-rules,"Apr 13, 2023",0.000151764543261379
Prudential's CFO leaves after 'falling short of standards' but insurer gives few details,https://www.cityam.com/prudentials-cfo-leaves-after-falling-short-of-standards-but-insurer-gives-few-details/,"May 31, 2023",0.004855081904679537
TCS Expands Partnership with M&G Prudential – Digital Transformation of Customer Services to Cover Almost 6 million ...,https://www.tcs.com/who-we-are/newsroom/press-release/tcs-expands-partnership-m-and-g-prudential-uk,"Jun 12, 2018",0.9999910593032837
"Down 20% in 2023, is the Prudential share price a major investment opportunity?",https://www.fool.co.uk/2023/11/06/down-20-in-2023-is-the-prudential-share-price-a-major-investment-opportunity/,"Nov 6, 2023",2.2957572582527064e-05
Insurance firm Prudential appoints Anil Wadhwani as new Group CEO | Company Business News,https://www.livemint.com/companies/news/insurance-firm-prudential-appoints-anil-wadhwani-as-new-group-ceo-11653472041232.html,"May 25, 2022",0.9999969005584717
Powering Prudential's new purpose-driven strategy - Singapore,https://www.channelnewsasia.com/advertorial/powering-prudentials-new-purpose-driven-strategy-3885456,"Nov 9, 2023",0.9997833371162415
Rothesay Life and Prudential appeal against £12bn transfer ruling,https://www.ft.com/content/934fe8a2-e12e-11e9-9743-db5a370481bc,"Sep 27, 2019",3.8700050026818644e-06
With-Profits Bonus Declaration February 2024 | Prudential,https://www.mandg.com/pru/customer/en-gb/existing-customers/announcements/bonus-declarations/declaration,"Jun 8, 2022",1.3531712284020614e-05
"After 174 years based in London, why the 'man from the Pru' is heading for Asia",https://news.sky.com/story/after-174-years-based-in-london-why-the-man-from-the-pru-is-heading-for-asia-12538352,"Feb 10, 2022",1.3853667724106344e-06
Major UK life insurance company launches in Uganda,https://www.gov.uk/government/news/major-uk-life-insurance-company-launches-in-uganda,"Jul 10, 2015",0.0839778259396553
Prudential closes Singapore wealth management arm amid global reorganisation,https://www.straitstimes.com/business/prudential-closes-singapore-wealth-management-arm-amid-global-reorganisation,"Sep 13, 2023",0.039407774806022644
"Anil Wadhwani takes over as Prudential plc CEO, says thrilled to join the team at an exciting time - EasternEye",https://www.easterneye.biz/anil-wadhwani-takes-over-as-prudential-plc-ceo-says-thrilled-to-join-the-team-at-an-exciting-time/,"Feb 27, 2023",0.945436418056488
ICICI Prudential Life plans to sell 5% stake | Company Business News,https://www.livemint.com/Companies/h3gUSt1q9G1o3UlVGWjB2N/ICICI-Prudential-Life-plans-to-sell-5-stake.html,"Feb 13, 2015",6.441562163672643e-06
Gwen Kinisu Is The New CEO At Prudential Kenya,https://cioafrica.co/gwen-kinisu-is-the-new-ceo-at-prudential-kenya/,"Oct 25, 2021",0.9178902506828308
​Prudential Cambodia and SSMC partnership improving Kingdom's healthcare landscape​,https://www.phnompenhpost.com/business/prudential-cambodia-and-ssmc-partnership-improving-kingdoms-healthcare-landscape,"Jan 31, 2023",0.062243737280368805
Julian Adams,https://www.abi.org.uk/events/2020/5/the-future-of-conduct-regulation/julian-adams/,"Mar 4, 2020",7.327262210310437e-07
Why Prudential is rebranding as M&G Investments – Moonstone Information Refinery,https://www.moonstone.co.za/why-prudential-is-rebranding-as-mg-investments/,"Sep 20, 2021",4.5642475015483797e-05
Prudential advances customer-centric services for sustainable development,https://e.vnexpress.net/news/business/prudential-advances-customer-centric-services-for-sustainable-development-4665447.html,"Oct 17, 2023",1.0
​Prudential celebrates 10th anniversary in Cambodia and 175 years of history worldwide​,https://www.phnompenhpost.com/business/prudential-celebrates-10th-anniversary-cambodia-and-175-years-history-worldwide,"Mar 21, 2023",0.9330467581748962
Africa Prudential Plc declares N1 billion dividend for shareholders,https://nairametrics.com/2021/03/26/africa-prudential-plc-declares-n1-billion-dividend-for-shareholders-2/,"Mar 26, 2021",0.0002102589642163366
Fumbi Chima appointed as new Independent Non-executive Director of Africa Prudential Plc,https://punchng.com/fumbi-chima-appointed-as-new-independent-non-executive-director-of-africa-prudential-plc/,"Sep 14, 2020",0.9927902221679688
"Fumbi Chima - Independent Non-Executive Director, Africa Prudential Plc",https://businessday.ng/interview/women-in-business/article/fumbi-chima-independent-non-executive-director-africa-prudential-plc/,"Dec 1, 2023",0.8850838541984558
Africa Prudential appoints Festus Izevbizua as new CFO,https://nairametrics.com/2023/09/27/africa-prudential-appoints-festus-izevbizua-as-new-cfo/,"Sep 27, 2023",4.753471785079455e-07
Africa Prudential appoints new CFO,https://punchng.com/africa-prudential-appoints-new-cfo/,"Oct 4, 2023",1.3156549357518088e-05
Winning Secrets: Prudential Singapore's people strategy is to invest in the social capital of the workforce,https://www.humanresourcesonline.net/winning-secrets-prudential-singapore-s-people-strategy-is-to-invest-in-the-social-capital-of-the-workforce,"Jan 16, 2023",0.9913451671600342
Indian-born Anil Wadhwani named CEO of British insurer Prudential,https://www.cnbctv18.com/business/companies/indian-born-anil-wadhwani-named-ceo-of-british-insurer-prudential-13611192.htm,"May 25, 2022",0.0456690676510334
Africa Prudential Unveils Its Contemporary Office Building: Elevating Service and Business Solutions Delivery,https://punchng.com/africa-prudential-unveils-its-contemporary-office-building-elevating-service-and-business-solutions-delivery/,"Dec 14, 2023",0.9935147762298584
Prudential makes insurance more accessible by broadening the concept of family,https://www.media-outreach.com/news/hong-kong/2022/05/10/135795/prudential-makes-insurance-more-accessible-by-broadening-the-concept-of-family/,"May 10, 2022",0.029923608526587486
Winning Secrets: Prudential Singapore's people strategy is to invest in the social capital of the workforce,https://www.humanresourcesonline.net/winning-secrets-prudential-singapore-s-people-strategy-is-to-invest-in-the-social-capital-of-the-workforce,"Jan 16, 2023",0.9913451671600342
Africa Prudential appoints new CFO,https://punchng.com/africa-prudential-appoints-new-cfo/,"Oct 4, 2023",1.3156549357518088e-05
"Prudential: Digital-first, not digital-only, to drive greater value in insurance",https://www.businesstimes.com.sg/companies-markets/banking-finance/prudential-digital-first-not-digital-only-to-drive-greater-value-in-insurance,"Nov 14, 2023",0.9782137870788574
Prudential Investment Managers (South Africa) strengthens ties with global parent M&G plc,https://www.fanews.co.za/article/company-news-results/1/general/1056/prudential-investment-managers-south-africa-strengthens-ties-with-global-parent-m-g-plc/31395,"Mar 9, 2021",0.9999998807907104
Prudential Plc to set up at Nairobi's International Financial Hub,https://kenyanwallstreet.com/prudential-picks-nairobi-financial-centre/,"Jul 28, 2021",9.748509910423309e-05
Prudential posts 35% rise in Q1 APE sales; new business profit up 30%,https://www.businesstimes.com.sg/companies-markets/prudential-posts-35-rise-q1-ape-sales-new-business-profit-30,"Apr 28, 2023",0.9999995231628418
Does the Prudential share price make the stock a buy?,https://www.fool.co.uk/2023/05/18/does-the-prudential-share-price-make-the-stock-a-buy/,"May 18, 2023",1.4503555576084182e-05
Prudential plc announced FY 2021 results,https://www.malaysiakini.com/announcement/613800,"Mar 10, 2022",0.9999998807907104
2022 list of UK firms designated as other systemically important institutions (O-SIIs),https://www.bankofengland.co.uk/prudential-regulation/publication/2022/november/2022-list-of-uk-firms-designated-as-osiis,"Nov 29, 2022",6.946637586224824e-05
Prudential Unveils Extra Benefits To Shelter Clients Against COVID-19,https://kenyanwallstreet.com/prudential-customers-to-get-extra-benefits-if-diagnosed-with-covid-19/,"Apr 1, 2020",0.00026814351440407336
Prudential Zenith Life Insurance PAT up 18% full year,https://businessday.ng/insurance/article/prudential-zenith-life-insurance-pat-up-18-full-year/,"Jul 11, 2023",0.999991774559021
"Julian Adams, Director of Public Policy & Regulation, M&G plc",https://www.abi.org.uk/events/2021/2/annual-conference-2021/speaker-biographies/julian-adams/,"Feb 4, 2021",1.4044258023204748e-06
Prudential gets new CEO for Africa,https://www.independent.co.ug/prudential-gets-new-ceo-for-africa/,"Nov 16, 2022",0.7212008833885193
Prudential Life Insurance Ghana leads industry with highest number of MDRT qualifiers,https://thebftonline.com/2023/11/08/prudential-life-insurance-ghana-leads-industry-with-highest-number-of-mdrt-qualifiers/,"Nov 8, 2023",0.9991195797920227
​Prudential teams with tech firms to enhance its insurance offerings​,https://www.phnompenhpost.com/business/prudential-teams-tech-firms-enhance-its-insurance-offerings,"Oct 21, 2020",0.003917227499186993
"Africa Prudential to host a webinar on ""Thriving with digital skills as a woman"" on International Women's Day 2023",https://techcabal.com/2023/03/06/africa-prudential-to-host-a-webinar-on-thriving-with-digital-skills-as-a-woman-on-international-womens-day-2023/,"Mar 6, 2023",0.00038623044383712113
"Meet Obong Idiong, the new CEO of Africa Prudential Plc",https://nairametrics.com/2018/06/27/africa-prudential-plc-appoints-obong-idiong-as-new-ceo/,"Jun 27, 2018",1.3176073707654723e-06
Prudential plans health insurance venture in India,https://timesofindia.indiatimes.com/business/india-business/prudential-plans-health-insurance-venture-in-india/articleshow/102328380.cms,"Aug 2, 2023",0.07224154472351074
Africa Prudential partners Newgen on digital innovation,https://businessday.ng/companies/article/africa-prudential-partners-newgen-on-digital-innovation/,"Jul 6, 2023",0.9999996423721313
"Ivy Ikpeme-Mbakwem - Chief Experience Officer, Africa Prudential Plc",https://businessday.ng/interview/women-in-business/article/ivy-ikpeme-mbakwem-chief-experience-officer-africa-prudential-plc/,"Sep 9, 2022",0.010915926657617092
Alert: Large volume trades trail Sanni’s exit at UCAP,https://nairametrics.com/2018/06/14/africa-prudential-and-united-capital-move-large-volumes-this-week/,"Jun 14, 2018",7.306978773158335e-07
Africa Prudential records 48% decline in H1 pre-tax profit,https://businessday.ng/technology/article/africa-prudential-records-48-decline-in-h1-pre-tax-profit/,"Jul 27, 2023",0.7306190133094788
Prudential Cambodia and ACLEDA Bank streamline premiums payment process via ACLEDA ToanChet,https://www.acledabank.com.kh/kh/eng/md_ln20190329,"Mar 29, 2019",0.9645360708236694
TechM wins $800m contract from Jackson Life Insurance,https://timesofindia.indiatimes.com/business/india-business/techm-wins-800m-contract-from-jackson-life-insurance/articleshow/73790063.cms,"Jan 31, 2020",0.8549922108650208
"Icici Prudential Mutual Fund - Latest Mutual fund Schemes, Statement, Nav, Performance & Returns 2024",https://cleartax.in/mutual-funds/icici-prudential-mutual-fund,"Dec 2, 2021",2.5699284833535785e-06
"Africa Prudential, a corporate reinvention journey from share registration to tech solutions company",https://businessday.ng/interview/article/africa-prudential-a-corporate-reinvention-journey-from-share-registration-to-tech-solutions-company/,"Oct 19, 2022",0.008645755238831043
Prudential Zenith Life Insurance Grows PAT By 18% – THISDAYLIVE,https://www.thisdaylive.com/index.php/2023/07/10/prudential-zenith-life-insurance-grows-pat-by-18/,"Jul 10, 2023",0.999115526676178
Prudential Zenith Life Insurance Records 75% Profit Growth in 2021 – THISDAYLIVE,https://www.thisdaylive.com/index.php/2022/09/20/prudential-zenith-life-insurance-records-75-profit-growth-in-2021/,"Sep 20, 2022",0.9999995231628418
Prudential Malaysia Records APE Sales Of RM1.9 Billion Up 31% For 2021,https://www.businesstoday.com.my/2022/03/09/prudential-malaysia-records-ape-sales-of-rm1-9-billion-up-31-for-2021/,"Mar 9, 2022",1.0
Prudential Zenith Life exceeds recapitalisation benchmark,https://guardian.ng/prudential-zenith-life-exceeds-recapitalisation-benchmark/,"Jan 5, 2021",0.9999997615814209
Lifetime achievement award won by Prudential chairman,https://timesofmalta.com/article/lifetime-achievement-award-won-by-prudential-chairman.693599,"Nov 6, 2018",1.5096034076123033e-05
High Court rules in favour of Prudential over stake in Malaysian licensee,https://theedgemalaysia.com/article/high-court-rules-favour-prudential-over-stake-malaysian-licensee,"Aug 18, 2020",2.8738879336742684e-05
ICICI Prudential Life Insurance Company Limited (All Inclusive),https://instafiling.com/icici-prudential-life-insurance-company-limited/,"Feb 4, 2023",1.0939697858702857e-05
