title,link,date,sentiment_score
Margo Jefferson wins 2023 Rathbones Folio prize,https://www.theguardian.com/books/2023/mar/27/margo-jefferson-wins-2023-rathbones-folio-prize,"Mar 28, 2023",3.530316462274641e-05
Rathbones Selects InvestCloud for New Digital Solutions,https://www.businesswire.com/news/home/20220228005083/en/Rathbones-Selects-InvestCloud-for-New-Digital-Solutions,"Feb 28, 2022",0.999599039554596
"Rathbones Folio Prize, Looking for New Sponsor, Names Winners",https://publishingperspectives.com/2023/03/rathbones-folio-prize-looking-for-new-sponsor-names-its-2023-winners/,"Mar 27, 2023",1.4692383956571575e-05
Rathbones: Votes against slavery | Case study | PRI,https://www.unpri.org/rathbones-votes-against-slavery/9412.article,"Feb 10, 2022",0.035214636474847794
"Rathbones, Longtime Upper East Side Bar, Closes Permanently",https://patch.com/new-york/upper-east-side-nyc/rathbones-longtime-upper-east-side-bar-closes-permanently,"Feb 5, 2021",2.0603388293238822e-06
Rathbones agrees wealth deal with Investec to create £100bn business,https://www.ft.com/content/2bb02772-4f84-4fb9-8d68-f38b8c8b21b1,"Apr 4, 2023",3.8700050026818644e-06
"Daniel ""Dan"" Rathbone Obituary 2022 - Wells Funeral Homes & Cremation Service",https://www.wellsfuneralhome.com/obituaries/danieldan-rathbone,"Apr 20, 2022",4.447840638022171e-06
Rathbones Buys Investec UK Wealth Unit in £839 Million Deal,https://www.bloomberg.com/news/articles/2023-04-04/investec-rathbones-to-create-100-billion-uk-wealth-manager,"Apr 4, 2023",0.002989713568240404
1990s Des Moines band The Rathbones to perform at xBk Live,https://www.desmoinesregister.com/story/entertainment/music/2023/11/14/1990s-des-moines-band-the-rathbones-to-perform-at-xbk-live/71421673007/,"Nov 14, 2023",2.749219163433736e-07
"Rathbones Folio prize paid £30,000 to scammers posing as the winner",https://www.theguardian.com/books/2021/apr/15/rathbones-folio-prize-paid-scammers-posing-as-the-winner-valeria-luiselli,"Apr 15, 2021",7.777732389513403e-05
Gerald Stuart Rathbone Obituary 2023 - Wells Funeral Homes & Cremation Service,https://www.wellsfuneralhome.com/obituaries/gerald-rathbone,"Aug 3, 2023",3.063292751903646e-05
"Valeria Luiselli wins £30,000 Rathbones Folio prize for third novel",https://www.theguardian.com/books/2020/mar/23/valeria-luiselli-wins-rathbones-folio-prize-lost-children-archive,"Mar 23, 2020",1.0115400073118508e-05
Folio prize returns with nonfiction joining novels on the 2017 shortlist,https://www.theguardian.com/books/2017/apr/06/folio-prize-returns-with-nonfiction-joining-novels-on-the-2017-shortlist,"Apr 6, 2017",3.395558223928674e-06
Carmen Maria Machado Wins the 2021 Rathbones Folio Prize,https://publishingperspectives.com/2021/03/in-the-dream-house-carmen-maria-machado-wins-rathbones-folio-prize/,"Mar 24, 2021",8.604880349594168e-06
"From Novels to Comedy for TV, Rathbone's Creating a Writer's Life",https://news.virginia.edu/content/novels-comedy-tv-rathbones-creating-writers-life,"Aug 10, 2017",8.732702553970739e-05
Devin Anthony Rathbone Obituary 2022,https://www.appalachianfuneralservices.com/obituaries/devin-rathbone,"Mar 11, 2022",3.3012432254508894e-07
Carmen Maria Machado wins Rathbones Folio prize for queer abuse memoir,https://www.theguardian.com/books/2021/mar/24/carmen-maria-machado-wins-rathbones-folio-prize-for-queer-abuse-memoir,"Mar 24, 2021",2.964930172311142e-05
How will the Rathbones-Investec tie-up affect me?,https://www.ft.com/content/ea4bcfd6-b203-45f6-9965-64d9b262a7b1,"Apr 6, 2023",3.8700050026818644e-06
Phillips Collection Curator Eliza Rathbone Retires,https://www.artnews.com/art-in-america/features/phillips-collection-curator-eliza-rathbone-retires-59841/,"Sep 9, 2014",1.935437268230089e-07
Artists in their own words: Rathbone – Via Nola Vie,https://www.vianolavie.org/2017/07/28/artists-in-their-own-words-rathbone/,"Jul 28, 2017",3.6303477827459574e-05
Rathbones Group: Votes Against Slavery | Case study | PRI,https://www.unpri.org/the-pri-awards/rathbones-group-votes-against-slavery/10821.article,"Dec 1, 2022",0.0011456325883045793
Monique Roffey leads strong showing for indies on Rathbones Folio shortlist,https://www.theguardian.com/books/2021/feb/10/monique-roffey-leads-strong-showing-for-indies-on-rathbones-folio-shortlist,"Feb 10, 2021",1.927651283040177e-05
Irish novelist Colm Tóibín wins Rathbones Folio prize for The Magician,https://www.theguardian.com/books/2022/mar/22/irish-novelist-colm-toibin-wins-rathbones-folio-prize-for-the-magician,"Mar 23, 2022",7.139375611586729e-06
'Always unintended consequences': Industry on Rathbones and Investec tie-up,https://www.ftadviser.com/investments/2023/04/04/always-unintended-consequences-industry-on-rathbones-and-investec-tie-up/,"Apr 4, 2023",0.0013990835286676884
"Sanjiv Tumkur of Rathbone Investment Management on virtual meetings, thematic evolutions and life post-Investec ...",https://www.irmagazine.com/investor-perspectives/sanjiv-tumkur-rathbone-investment-management-virtual-meetings-thematic,"Nov 28, 2023",2.2028882540325867e-06
Jack Rathbone - Pittsburgh Penguins Defense,https://www.espn.com/nhl/player/_/id/4419767/jack-rathbone,"Feb 16, 2021",1.2193994791687146e-07
Rathbones and Investec Wealth merge to create £100bn business,https://www.ftadviser.com/investments/2023/04/04/rathbones-and-investec-wealth-merge-to-create-100bn-business/,"Apr 4, 2023",0.9950056672096252
Raymond Antrobus becomes first poet to win Rathbones Folio prize,https://www.theguardian.com/books/2019/may/20/raymond-antrobus-becomes-first-poet-to-win-folio-prize,"May 20, 2019",6.295430011959979e-06
Rathbone Funds Now Live on Charles River IMS® and State Street Alpha® Data Platform,https://finance.yahoo.com/news/rathbone-funds-now-live-charles-103000356.html,"Jul 20, 2023",0.991935133934021
Wealth management consolidation leaves smaller groups on borrowed time,https://www.ft.com/content/6bd98d0c-e556-4358-aa0a-a80e1628517f,"Apr 22, 2023",3.8700050026818644e-06
Rathbones' Chief Client Officer Dies,https://www.wealthbriefing.com/html/article.php/Rathbones%27-Chief-Client-Officer-Dies,"May 24, 2023",0.31107544898986816
James “Morgan” Rathbone | Obituaries | themountaineer.com,https://www.themountaineer.com/obituaries/james-morgan-rathbone/article_18ef115a-46a6-11ee-a8ab-c718a4e16085.html,"Aug 29, 2023",1.379694936076703e-06
Local author Emma Rathbone stays focused with Losing It,https://www.c-ville.com/local-author-emma-rathbones-stays-focused-losing,"Jul 19, 2016",0.0010025184601545334
Expert Investors: Evangelos Assimakos of Rathbones,https://www.etfstream.com/articles/expert-investors-evangelos-assimakos-of-rathbones,"Sep 16, 2020",6.118954729572579e-07
Folio prize goes to Hisham Matar's memoir The Return,https://www.theguardian.com/books/2017/may/24/folio-prize-goes-to-hisham-matars-memoir-the-return,"May 24, 2017",1.858222094597295e-05
Rathbone to be renovated over the summer,https://thebrownandwhite.com/2017/04/30/lehigh-rathbone-summer-renovation/,"Apr 30, 2017",2.8301597012614366e-06
"Foreign Correspondent Richard Lloyd Parry Wins £20,000 Rathbones Folio Prize",https://publishingperspectives.com/2018/05/richard-lloyd-parry-wins-rathbones-folio-prize-2018/,"May 8, 2018",6.975298674660735e-06
"OPINION | OLD NEWS: Mrs. Basil Rathbone, ex-Little Rock girl, 'really did hate' 1920s Hollywood parties | Arkansas ...",https://www.arkansasonline.com/news/2022/apr/25/opinion-old-news-mrs-basil-rathbone-ex-little/,"Apr 25, 2022",2.330139295736444e-06
Jackson Rathbone: Meet My Baby Girl Presley Bowie,https://people.com/parents/jackson-rathbone-daughter-presley-bowie-son-family-photo/,"Dec 2, 2020",0.0007239608094096184
Former Twilight Star Jackson Rathbone and Wife Sheila Welcome a Son: 'Happiest New Year!',https://people.com/parents/jackson-rathbone-welcomes-third-child-son/,"Jan 6, 2020",3.848755659419112e-05
Rathbones Folio Prize 2023: Margo Jefferson big winner of the night,https://howtobe247.com/rathbones-folio-prize-2023/,"Mar 26, 2023",7.687473043915816e-06
"Jackson Rathbone Expecting Third Child, a Son",https://people.com/parents/jackson-rathbone-expecting-third-child-son-wife-sheila-pregnant/,"Jun 28, 2019",0.0002974538365378976
Losing It Is Like The 40-Year-Old Virgin for Women,https://www.vogue.com/article/emma-rathbone-losing-it-interview,"Jul 20, 2016",1.2035859981551766e-05
"Unknown | March from Annapolis to Washington, Robert C. Rathbone, Sergeant Major, Seventh Regiment, New York ...",https://www.metmuseum.org/art/collection/search/302378,"Oct 18, 2017",4.6620448301837314e-07
Rathbone Wine Group Wraps Up Excellent 2023 Vintage,https://wineindustryadvisor.com/2023/06/26/rathbone-wine-group-wraps-up-excellent-2023-vintage/,"Jun 26, 2023",0.9791048169136047
Doris Rathbone Obituary 2022,https://www.wellsfuneralhome.com/obituaries/doris-rathbone,"May 9, 2022",7.124884291442868e-07
Penguins Acquire Jack Rathbone and Karel Plasek from the Canucks in Exchange for Mark Friedman and Ty Glover ...,https://www.nhl.com/penguins/news/penguins-acquire-jack-rathbone-and-karel-plasek-from-the-canucks-in-exchange-for-mark-friedman-and-ty-glover,"Oct 17, 2023",2.4101501594486763e-07
Rathbones appoints Lynsey Carson to drive Scottish expansion,https://www.scottishfinancialnews.com/articles/rathbones-appoints-lynsey-carson-drive-rathbones-scottish-expansion,"Jul 25, 2023",0.9253348112106323
All Gold Everything - Team USA Rolls Undefeated at RWLC17,https://laxallstars.com/gold-team-usa-rwlc17/,"Jul 24, 2017",0.02293708547949791
Exclusive: Rathbone Unit Trust Management outsources trading to Northern Trust,https://www.fi-desk.com/exclusive-rathbones-outsources-trading-to-northern-trust/,"Apr 24, 2023",0.052621081471443176
West Roxbury NHL prospect Jack Rathbone has priorities in right place,https://www.bostonherald.com/2017/06/15/west-roxbury-nhl-prospect-jack-rathbone-has-priorities-in-right-place/,"Jun 15, 2017",1.2114988976463792e-06
"Travis Rathbone, The Alchemist",https://www.popphoto.com/american-photo/travis-rathbone-alchemist/,"Jan 17, 2014",6.429276709241094e-06
Rathbone Square reveals final penthouses,https://www.wallpaper.com/architecture/rathbone-square-make-echlin-london,"Mar 2, 2018",1.6127612525451696e-06
Canaccord hires Rathbones' Blake as senior investment director,https://portfolio-adviser.com/canaccord-hires-rathbones-blake-as-senior-investment-director/,"Sep 26, 2023",0.9683812260627747
Jackson Rathbone talks Condor's Nest - Exclusive Interview,https://www.flickeringmyth.com/exclusive-interview-jackson-rathbone-talks-condors-nest/,"Feb 4, 2023",7.842644117772579e-05
Rathbones and Investec W&I complete merger to create £100bn wealth manager,https://www.investmentweek.co.uk/news/4127405/rathbones-investec-complete-merger-create-gbp100bn-wealth-manager,"Sep 21, 2023",0.00014297619054559618
"Katherine “Kathy” Elsie Rathbone, 80 - Southern Maryland News Net",https://smnewsnet.com/archives/431397/katherine-kathy-elsie-rathbone-80/,"Mar 16, 2018",5.586051088357635e-07
"Ashley Greene Had Crush on Twilight Costar Jackson Rathbone: 'If He Did Know, He Just Wasn't Into Me'",https://people.com/movies/ashley-greene-had-crush-on-twilight-costar-jackson-rathbone/,"Apr 8, 2022",0.00030234389123506844
Rathbone Greenbank hires duo to boost ethical investment team - PA Future,https://esgclarity.com/rathbone-greenbank-ethical/,"Feb 27, 2023",0.17032532393932343
Carmen Maria Machado wins The Rathbones Folio Prize 2021,https://timesofindia.indiatimes.com/life-style/books/features/carmen-maria-machado-wins-the-rathbones-folio-prize-2021/articleshow/81690680.cms,"Mar 27, 2021",3.0424616852542385e-05
Marc Hoover: The forgotten life of war hero Henry Rathbone,https://www.clermontsun.com/2018/10/11/marc-hoover-the-forgotten-life-of-war-hero-henry-rathbone,"Oct 11, 2018",1.6396927094319835e-05
Rathbones-Investec merger could lead to more M&A,https://www.investorschronicle.co.uk/news/2023/04/04/could-rathbones-merger-signal-further-sector-m-a/,"Apr 4, 2023",0.8739930391311646
Rathbones Investment Management International wins at WealthBriefing awards,https://channeleye.media/rathbones-investment-management-international-wins-at-wealthbriefing-awards/,"Dec 19, 2023",0.9999628067016602
Kiko Kostadinov Rathbone/Newman Collection,https://hypebeast.com/2023/12/kiko-kostadinov-rathbone-newman-collection-release-info,"Dec 13, 2023",0.203010693192482
Rathbone Greenbank Investments hires head of investments,https://www.investmentweek.co.uk/news/4076645/rathbone-greenbank-investments-hires-head-investments,"Feb 27, 2023",3.7937701563350856e-05
David Moore joins Rathbones as investment director in Glasgow amid Investec Merger,https://www.scottishfinancialnews.com/articles/david-moore-joins-as-rathbones-as-investment-director-in-glasgow-amid-investec-merger,"Aug 15, 2023",0.17873845994472504
Rathbones’ operating income ticks up 6.5% in Q3 results,https://portfolio-adviser.com/rathbones-operating-income-ticks-up-6-5-in-q3-results/,"Oct 19, 2023",0.9997269511222839
Rathbones to buy Saunderson House in £150m deal,https://www.ftadviser.com/your-industry/2021/06/23/rathbones-to-buy-saunderson-house-in-150m-deal/,"Jun 23, 2021",0.9993854761123657
'Twilight' actor Jackson Rathbone is a dad of three,https://www.upi.com/Entertainment_News/2020/01/03/Twilight-actor-Jackson-Rathbone-is-a-dad-of-three/4601578069749/,"Jan 3, 2020",9.62291551331873e-07
How does Rathbones' acquisition of Saunderson House stack up?,https://portfolio-adviser.com/how-does-rathbones-acquisition-of-saunderson-house-stack-up/,"Jun 29, 2021",0.8794485926628113
Rathbones confirms £200m takeover talks with 112-year-old Glasgow investment firm,https://www.scottishfinancialnews.com/article/rathbones-confirms-200m-takeover-talks-112-year-old-glasgow-investment-firm,"Apr 10, 2018",3.930249931727303e-06
Jackson Rathbone & Wife Expecting Baby #3!,https://extratv.com/2019/06/28/jackson-rathbone-and-wife-expecting-baby-3/,"Jun 28, 2019",0.0006650531431660056
"While Harvard sputters, Dexter product Jack Rathbone shows promise",https://www.hockeyjournal.com/harvard-dexter-product-jack-rathbone-shows-promise/,"Nov 3, 2018",0.17496493458747864
Rathbones appoints Guy Tulloch as new investment director in Edinburgh,https://www.scottishfinancialnews.com/article/rathbones-appoints-guy-tulloch-as-new-investment-director-in-edinburgh,"Jan 22, 2021",6.508496153401211e-05
Rathbones plots £2bn merger with wealth rival Smith & Williamson,https://news.sky.com/story/rathbones-plots-2bn-merger-with-wealth-rival-smith-and-williamson-10995215,"Aug 19, 2017",8.720523510419298e-06
Rathbones appoints new Investment Director,https://channeleye.media/rathbones-appoints-new-investment-director/,"Apr 12, 2019",8.321100722241681e-06
Rathbone Greenbank hires impact manager - PA Future,https://esgclarity.com/rathbone-greenbank-hires-impact-manager/,"Apr 11, 2022",0.17032532393932343
Rathbones completes £839m Investec W&I UK deal,https://portfolio-adviser.com/rathbones-completes-839m-investec-wi-uk-deal/,"Sep 21, 2023",8.222316409955965e-07
Rathbones sets out Investec W&I merger timeline,https://www.investmentweek.co.uk/news/4121394/rathbones-sets-investec-merger-timeline,"Aug 2, 2023",0.0006090081296861172
Christian Rathbone,https://www.6sqft.com/person/christian-rathbone/,"Sep 27, 2017",1.1542109632500797e-06
Catherine Hardwicke and Jackson Rathbone Visit Twilight Set,https://www.popsugar.com/entertainment/catherine-hardwicke-jackson-rathbone-visit-twilight-set-45396803,"Oct 26, 2018",4.34680659964215e-05
Canucks sign prospect Jack Rathbone to three-year contract,https://thecanuckway.com/2020/07/14/canucks-sign-prospect-jack-rathbone-three-year-contract/,"Jul 14, 2020",2.5227505418001783e-08
Mohammed Hanif's Red Birds longlisted for Rathbones Folio Prize,https://images.dawn.com/news/1182089,"Mar 19, 2019",0.0007981782546266913
"Raymond Antrobus wins £30K Rathbones Folio Prize for debut poetry collection, The Perseverance",https://www.cbc.ca/books/raymond-antrobus-wins-30k-rathbones-folio-prize-for-debut-poetry-collection-the-perseverance-1.5143170,"May 21, 2019",1.5572135453112423e-05
Former Phoenix CEO to chair Rathbones - FTAdviser,https://www.ftadviser.com/investments/2021/01/12/former-phoenix-ceo-to-chair-rathbones/,"Jan 12, 2021",7.484975412808126e-07
Offices of the future: inside fund managers' glitzy new HQs,https://www.ft.com/content/03cda1be-8064-11e8-bc55-50daf11b720d,"Jul 14, 2018",3.8700050026818644e-06
Saunderson House to move to restricted advice model,https://www.ftadviser.com/investments/2022/05/23/saunderson-house-to-move-to-restricted-advice-model/,"May 23, 2022",1.9444021859271743e-07
Rathbones partners up with Investec Wealth to create £100bn money manager - CityAM,https://www.cityam.com/rathbones-partners-up-with-investec-wealth-to-create-100bn-money-manager/,"Apr 4, 2023",2.40493372984929e-05
Colm Tóibín's The Magician wins $50K Rathbones Folio Prize for best literary work of the year,https://www.cbc.ca/books/colm-t%C3%B3ib%C3%ADn-s-the-magician-wins-50k-rathbones-folio-prize-for-best-literary-work-of-the-year-1.6393805,"Mar 22, 2022",0.00011335526505718008
"Kiko Kostadinov reinvents the basics in his ""Rathbone/Newman"" collection",https://highxtar.com/en/kiko-kostadinov-reinvents-the-basics-in-his-rathbone-newman-collection/,"Dec 14, 2023",0.004453614819794893
Rathbones appoints Anne-Marie McConnon as chief client officer,https://www.moneymarketing.co.uk/news/rathbones-appoints-anne-marie-mcconnon-as-chief-client-officer/,"Jan 17, 2023",0.9981206059455872
Rochdale’s Ollie Rathbone: ‘Leaving Manchester United was the best thing I’ve done’,https://www.theguardian.com/football/2019/sep/24/ollie-rathbone-manchester-united-rochdale,"Sep 24, 2019",0.0004684418672695756
Rathbone Greenbank hires senior investment duo,https://portfolio-adviser.com/rathbone-greenbank-hires-senior-investment-duo/,"Feb 27, 2023",7.244515472848434e-06
Rathbones and University of Liverpool team up to attempt world land speed record - News - University of Liverpool,https://news.liverpool.ac.uk/2015/06/25/rathbones-and-university-of-liverpool-team-up-to-attempt-world-land-speed-record/,"Jun 25, 2015",0.005556211341172457
"Digital Digest: The Latest Tech News – Rathbones, Objectway",https://www.wealthbriefing.com/html/article.php/Digital-Digest%3A-The-Latest-Tech-News-%E2%80%93-Rathbones%2C-Objectway?id=193833,"Mar 1, 2022",0.07234273850917816
Rathbones' AUM down 11.6% for 2022,https://www.investmentweek.co.uk/news/4076773/rathbones-aum-2022,"Mar 1, 2023",4.0130487377609825e-07
"Penguins Trade: Get Rathbone, Plasek from Canucks; Friedman Goes to Vancouver",https://pittsburghhockeynow.com/penguins-trade-get-rathbone-plasek-from-canucks-friedman-goes-to-vancouver/,"Oct 17, 2023",2.248893906653393e-06
Rathbone Unit Trust Management names Tom Carroll CEO as Mike Webb set to retire,https://www.investmentweek.co.uk/news/4120921/rathbone-unit-trust-management-names-tom-carroll-ceo-mike-webb-set-retire,"Jul 26, 2023",8.19029301055707e-05
How Britain getting older and richer has changed wealth management,https://news.sky.com/story/how-britain-getting-older-and-richer-has-changed-wealth-management-12849852,"Apr 4, 2023",0.00013143591058906168
Rathbones and Investec W&I given the go-ahead for all-share merger,https://portfolio-adviser.com/rathbones-and-investec-wi-given-the-go-ahead-for-all-share-merger/,"Aug 2, 2023",0.666814386844635
Rathbone Unit Trust CEO Mike Webb to retire,https://portfolio-adviser.com/rathbones-unit-trust-ceo-mike-webb-to-retire/,"Jul 26, 2023",0.006842496804893017
Jack Rathbone – DobberProspects,https://dobberprospects.com/player/jack-rathbone/,"Oct 24, 2023",0.00750196585431695
Rathbones launches managed portfolios for Greenbank range,https://www.ftadviser.com/investments/2021/07/19/rathbones-launches-managed-portfolios-for-greenbank-range/,"Jul 19, 2021",1.5209570491947488e-08
The trusts affected by a Rathbones-Investec tie-up,https://www.investorschronicle.co.uk/news/2023/04/14/the-trusts-affected-by-a-rathbones-investec-tie-up/,"Apr 14, 2023",9.304949344368652e-06
Rathbones appoints Iain Hooley as new Group Chief Financial Officer,https://www.directorstalkinterviews.com/rathbones-appoints-iain-hooley-as-new-group-chief-financial-officer/4121128562,"Sep 29, 2023",0.1725528985261917
Rathbones shortlisted in 2022 Citywealth IFC Awards,https://channeleye.media/rathbones-shortlisted-in-2022-citywealth-ifc-awards/,"Sep 1, 2021",0.9109126329421997
AG advises Rathbones,https://www.addleshawgoddard.com/en/news/2023/ag-advises-rathbones-2billion-wealth-management-business/,"Apr 4, 2023",1.0289411875419319e-05
Rathbones bolsters investment team in Winchester with new hires,https://www.hampshirechronicle.co.uk/news/23459633.rathbones-bolsters-investment-team-winchester-new-hires/,"Apr 18, 2023",0.9999911785125732
Rathbone growth on the cheap,https://www.investorschronicle.co.uk/ideas/2021/09/09/rathbone-growth-on-the-cheap/,"Sep 9, 2021",0.9979860782623291
Rathbones hires Sanlam co-founder as final CIO to replace Julian Chillingworth,https://portfolio-adviser.com/rathbones-hires-sanlam-co-founder-as-final-cio-to-replace-julian-chillingworth/,"Dec 8, 2021",2.483161551936064e-06
Rathbones confirms completion of merger with Investec W&I | TheBusinessDesk.com,https://www.thebusinessdesk.com/northwest/news/2121243-rathbones-confirms-completion-of-merger-with-investec-wi,"Sep 21, 2023",1.538719516247511e-05
Rathbones IFA subsidiary to move to restricted advice model | PA Adviser,https://international-adviser.com/rathbones-ifa-subsidiary-to-move-to-restricted-advice-model/,"May 23, 2022",8.085589229267498e-07
Investec profits surge 11% following Rathbones merger,https://www.investmentweek.co.uk/news/4147372/investec-profits-surge-following-rathbones-merger,"Nov 16, 2023",0.9999572038650513
Rathbones confirms £2bn merger talks with Smith & Williamson,https://news.sky.com/story/rathbones-confirms-2bn-merger-talks-with-smith-and-williamson-10999194,"Aug 21, 2017",0.009013292379677296
Rathbones announces CEO as Howell steps down,https://portfolio-adviser.com/rathbones-announces-ceo-as-howell-steps-down/,"Nov 27, 2018",0.00022479727340396494
Rathbones' Archie Pearson: modern slavery,https://www.investmentweek.co.uk/opinion/4053733/rathbones-archie-pearson-care-about-modern-slavery,"Jul 26, 2022",5.060955118096899e-06
Rathbones boss resurfaces at Openwork,https://portfolio-adviser.com/rathbones-boss-resurfaces-at-openwork/,"Feb 26, 2020",0.9520092010498047
Rathbone Square by Make Architects,https://www.architectsjournal.co.uk/buildings/rathbone-square-by-make-architects,"May 13, 2018",1.6810882641493663e-07
Rathbones builds out Winchester team with six hires,https://portfolio-adviser.com/rathbones-builds-out-winchester-team-with-six-hires/,"Apr 18, 2023",0.9999666213989258
Rathbone to move into new Edinburgh office,https://www.insider.co.uk/news/rathbone-moves-new-edinburgh-office-25572879,"Nov 29, 2021",2.2576801711693406e-05
Clyde Rathbone: 'I'm in love with a gay man',https://www.smh.com.au/sport/rugby-union/clyde-rathbone-im-in-love-with-a-gay-man-20140411-zqthl.html,"Apr 11, 2014",0.0036996633280068636
Close Bros hires Rathbones' Hess to head up HNW service,https://www.ftadviser.com/investments/2019/01/14/close-bros-hires-rathbones-hess-to-head-up-hnw-service/,"Jan 14, 2019",1.5589074564559269e-06
Two golds for Rathbones at prestigious Citywealth IFC Awards 2022,https://channeleye.media/two-golds-for-rathbones-at-prestigious-citywealth-ifc-awards-2022/,"Feb 4, 2022",0.999795138835907
Rathbones win Private Client Asset Manager of the Year,https://channeleye.media/rathbones-win-private-client-asset-manager-of-the-year/,"May 16, 2018",0.7624368667602539
"Canucks trade Rathbone, Plasek to Penguins for Friedman, Glover",https://www.sportsnet.ca/nhl/article/canucks-trade-rathbone-plasek-to-penguins-for-friedman-glover/,"Oct 17, 2023",2.0827381376875564e-05
End of an era as Rathbones finalises £104m deal to buy Speirs & Jeffrey,https://www.insider.co.uk/news/speirs-jeffrey-rathbone-brothers-acquisition-13168374,"Aug 31, 2018",2.3114764189813286e-05
Rathbones hires new Investment Director in Edinburgh,https://scottishbusinessnews.net/rathbones-hires-new-investment-director-in-edinburgh/,"Jan 20, 2021",0.08775439113378525
Rathbones snaps up Investec wealth business in £839m deal,https://www.independent.co.uk/independentpremium/business/rathbones-snaps-up-investec-wealth-business-in-ps839m-deal-b2313805.html,"Apr 6, 2023",0.8860244750976562
Rathbone Funds adopts Charles River IMS and State Street Alpha Data Platform,https://www.fi-desk.com/rathbone-funds-adopts-charles-river-ims-and-state-street-alpha-data-platform/,"Apr 5, 2022",0.9998434782028198
Rathbones adds analyst to UK Opportunities team,https://www.investmentweek.co.uk/news/4044182/rathbones-adds-analyst-uk-opportunities-team,"Feb 1, 2022",0.9924845099449158
Rathbones strikes £104m deal to buy Scottish wealth manager Speirs & Jeffrey,https://www.insider.co.uk/news/rathbones-acquire-speirs--jeffrey-12703462,"Jun 14, 2018",0.9999054670333862
Investec W&I UK merges with Rathbones in £839m deal,https://www.investmentweek.co.uk/news/4111529/investec-uk-merges-rathbones-gbp839m-deal,"Apr 4, 2023",0.00010407342779217288
Rathbones and Investec arm link in City wealth manager mega-merger,https://www.standard.co.uk/business/rathbones-investec-city-wealth-management-investment-merger-assets-paul-stockton-b1072109.html,"Apr 4, 2023",1.3046295862295665e-05
Rathbones CEO on Investec W&I merger: Scale crucial to beat inflation,https://www.investmentweek.co.uk/news/4111548/rathbones-ceo-investec-merger-scale-crucial-beat-inflation,"Apr 4, 2023",8.764927042648196e-05
Rathbones to buy Investec W&I in £839m deal,https://www.thisismoney.co.uk/money/markets/article-11936655/Rathbones-buy-Investec-W-839m-deal.html,"Apr 4, 2023",0.40530839562416077
Rathbones take home gold again at prestigious Citywealth IFC Awards,https://channeleye.media/rathbones-take-home-gold-again-at-prestigious-citywealth-ifc-awards/,"Feb 16, 2023",0.9999957084655762
Rathbones calls in Investec executive in post-merger shake-up,https://www.cityam.com/rathbones-calls-in-investec-executive-in-post-merger-shake-up/,"Sep 29, 2023",0.00014243132318370044
Close Brothers AM nabs Rathbones veteran for MD,https://portfolio-adviser.com/close-brothers-am-nabs-rathbones-veteran-for-md/,"Jan 20, 2020",1.1557802963579888e-06
Morrisons boosts fleet for Rathbones bakery | News,https://bakeryinfo.co.uk/equipment/morrisons-boosts-fleet-for-rathbones-bakery/651696.article,"Dec 29, 2020",0.007560395635664463
Rathbones poaches CFO from EFG Private Bank,https://portfolio-adviser.com/rathbones-poaches-cfo-from-efg-private-bank/,"Oct 4, 2018",1.0891363899645512e-06
Profile: Rathbones' David Coombs on his political passion and riding out risk,https://www.moneymarketing.co.uk/profile/profile-rathbones-david-coombs-political-passion-riding-risk/,"Nov 4, 2016",5.4590684158029035e-05
“It was certainly a test of stamina but knowing the difference the funds could make pushed us through those final miles ...,https://www.each.org.uk/rathbones-colleagues-take-on-an-each-themed-triathlon/,"May 31, 2023",9.013358794618398e-05
"Rathbones on hunt for 100,000 sq ft Liverpool office",https://www.placenorthwest.co.uk/rathbones-on-hunt-for-100000-sq-ft-liverpool-office/,"Aug 20, 2019",5.002974035051011e-08
James Thomson: Why I put my kids' ISAs in my fund,https://www.investmentweek.co.uk/news/4054769/rathbones-james-thomson-kids-isas-fund,"Aug 15, 2022",0.0001325991761405021
Investec and Rathbones tie-up gets green light from regulators,https://www.cityam.com/investec-wealth-and-rathbones-tie-up-gets-green-light-from-regulators/,"Aug 2, 2023",0.010030168108642101
Licensing application: 23 Rathbone Place,https://fitzrovianews.com/2023/11/10/licensing-application-23-rathbone-place-2/,"Nov 10, 2023",7.273391020135023e-06
Rathbones clears hurdles on £839m takeover,https://lbndaily.co.uk/rathbones-clears-hurdles-on-839m-takeover/,"Aug 2, 2023",4.917601472698152e-06
Rathbones completes purchase of Barclays Wealth court of protection business,https://www.moneymarketing.co.uk/news/rathbones-completes-purchase-of-barclays-wealth-court-of-protection-business/,"Apr 6, 2020",0.1011178120970726
Rathbones 'strengthen offer' with two senior appointments,https://jerseyeveningpost.com/business/2023/12/13/rathbones-strengthen-offer-with-two-senior-appointments/,"Dec 13, 2023",0.05417132005095482
Rathbones finds it difficult to spy new tenant for old MI5 office,https://www.thetimes.com/business-money/article/rathbones-finds-it-difficult-to-spy-new-tenant-for-old-mi5-office-67b2njvjm,"Feb 24, 2017",9.659558600105811e-06
Rathbones and Schroders raided for HNW appointments,https://portfolio-adviser.com/rathbones-and-schroders-raided-for-hnw-appointments/,"Jan 14, 2019",9.637351467972621e-07
Rathbones agrees £839m deal to buy Investec wealth arm,https://www.business-live.co.uk/professional-services/rathbones-agrees-839m-deal-buy-26626290,"Apr 4, 2023",0.9153528213500977
Tilney contests Rathbones takeover bid for Smith & Williamson,https://www.moneymarketing.co.uk/news/tilney-contests-rathbones-takeover-bid-smith-williamson-2/,"Aug 29, 2017",2.3127884560381062e-05
Rathbones bolsters sales team with Jupiter hire,https://portfolio-adviser.com/rathbones-bolsters-sales-team-with-jupiter-hire/,"Aug 1, 2022",0.0041172015480697155
Rathbones acquires IFA network for £18m,https://www.moneymarketing.co.uk/news/rathbones-acquires-ifa-network-for-18m/,"Oct 1, 2015",0.7676959037780762
Rathbones takes £6m fee freeze hit waiting on Saunderson House deal,https://www.professionaladviser.com/news/4120891/rathbones-takes-gbp-fee-freeze-hit-waiting-saunderson-house-deal,"Jul 26, 2023",0.7927303910255432
Investment Week reveals nominees for Women in Investment Awards 2021,https://www.investmentweek.co.uk/news/4031064/investment-reveals-nominees-women-investment-awards-2021/page/5,"May 11, 2021",0.9516047239303589
Rathbones and Schroders raided for HNW appointments,https://portfolio-adviser.com/rathbones-and-schroders-raided-for-hnw-appointments/,"Jan 14, 2019",9.637351467972621e-07
Rathbones agrees £839m deal to buy Investec wealth arm,https://www.business-live.co.uk/professional-services/rathbones-agrees-839m-deal-buy-26626290,"Apr 4, 2023",0.9153528213500977
Rathbones acquires IFA network for £18m,https://www.moneymarketing.co.uk/news/rathbones-acquires-ifa-network-for-18m/,"Oct 1, 2015",0.7676959037780762
Rathbones finds it difficult to spy new tenant for old MI5 office,https://www.thetimes.com/business-money/article/rathbones-finds-it-difficult-to-spy-new-tenant-for-old-mi5-office-67b2njvjm,"Feb 24, 2017",9.659558600105811e-06
Rathbones bolsters sales team with Jupiter hire,https://portfolio-adviser.com/rathbones-bolsters-sales-team-with-jupiter-hire/,"Aug 1, 2022",0.0041172015480697155
Investec appoints directors to board of UK wealth management giant | Business,https://www.news24.com/fin24/companies/investec-appoints-directors-to-board-of-uk-wealth-management-giant-20230921,"Sep 21, 2023",0.0010813133558258414
Which firms have the best wealth managers?,https://www.moneymarketing.co.uk/news/firms-winning-race-wealth-management/,"Feb 24, 2017",0.8843293786048889
Rathbones takes £6m fee freeze hit waiting on Saunderson House deal,https://www.professionaladviser.com/news/4120891/rathbones-takes-gbp-fee-freeze-hit-waiting-saunderson-house-deal,"Jul 26, 2023",0.7927303910255432
Tilney contests Rathbones takeover bid for Smith & Williamson,https://www.moneymarketing.co.uk/news/tilney-contests-rathbones-takeover-bid-smith-williamson-2/,"Aug 29, 2017",2.3127884560381062e-05
Close Brothers taps Sanlam and Rathbones for senior hires,https://www.investmentweek.co.uk/news/4051302/close-brothers-taps-sanlam-rathbones-senior-hires,"Jun 15, 2022",0.0045927297323942184
Investec W&I CIO Stacey Parrinder-Johnson steps down,https://www.investmentweek.co.uk/news/4149676/investec-cio-stacey-parrinder-johnson-steps,"Nov 23, 2023",1.2084228728781454e-05
Rathbone Greenbank Investments appoints Craig Leslie as investment director of Edinburgh office,https://www.scottishfinancialnews.com/article/rathbone-greenbank-investments-appoints-craig-leslie-as-investment-director-of-edinburgh-office,"Sep 13, 2021",6.284943083301187e-05
Jackson Rathbone welcomes daughter Presley Bowie,https://indianexpress.com/article/entertainment/hollywood/jackson-rathbone-welcomes-daughter-presley-bowie-2828954/,"Jun 1, 2016",1.3406819562078454e-05
"Rathbone Global Opportunities: Should you buy, hold or fold?",https://www.trustnet.com/news/13298076/rathbone-global-opportunities-should-you-buy-hold-or-fold,"Apr 7, 2022",0.0380450114607811
Economies of scale: Investec punts R1.4bn tech saving from tie-up with UK's Rathbones | Business,https://www.news24.com/fin24/companies/economies-of-scale-investec-punts-r14bn-tech-saving-from-tieup-with-uks-rathbones-20231117,"Nov 17, 2023",0.02425992861390114
"Eleanor Rathbone, the forgotten MP who changed women's lives by pioneering child benefits",https://inews.co.uk/opinion/comment/eleanor-rathbone-mp-family-allowances-international-womens-day-266610,"Mar 8, 2019",2.122341720678378e-05
Rathbone Brothers saved by Speirs and Jeffrey,https://www.investorschronicle.co.uk/shares/2019/02/21/rathbone-brothers-saved-by-speirs-and-jeffrey/,"Feb 21, 2019",0.9750503897666931
"Impact investing is good for the planet and returns, say Rathbones",https://jerseyeveningpost.com/business/2018/04/06/impact-investing-is-good-for-the-planet-and-returns-say-rathbones/,"Apr 6, 2018",0.9977130889892578
"The Journey: Preaching Patience (Parssinen, Kaliyev, Rathbone)",https://dobberhockey.com/2022/11/12/the-journey-preaching-patience-parssinen-kaliyev-rathbone/,"Nov 12, 2022",0.05810943618416786
Vancouver Canucks trade Jack Rathbone to Pittsburgh Penguins,https://www.vancouverisawesome.com/canucks-hockey/canucks-trade-jack-rathbone-to-pittsburgh-penguins-7696054,"Oct 17, 2023",0.27459481358528137
Fund review: Rathbone Strategic Growth Portfolio is a safe pair of hands amid uncertainty,https://inews.co.uk/inews-lifestyle/money/investing/fund-review-rathbone-strategic-growth-portfolio-is-a-safe-pair-of-hands-amid-market-uncertainty-1805574,"Aug 21, 2022",0.00010390357056166977
"Scottish business owners set to 'invest, sell and expand'",https://www.insider.co.uk/news/scottish-business-owners-set-invest-30392989,"Jul 5, 2023",0.11235863715410233
"In the hot seat: Alexandra Jackson, Rathbone UK Opportunities Fund",https://portfolio-adviser.com/in-the-hot-seat-alexandra-jackson-rathbone-uk-opportunities-fund/,"Jul 12, 2023",0.025787435472011566
JM Finn nabs investment director from Rathbones,https://portfolio-adviser.com/jm-finn-nabs-investment-director-from-rathbones/,"Oct 22, 2019",1.996629407585715e-06
Stockbroker brothers share nearly £35m as venerable Glasgow firm sold for £104m,https://www.heraldscotland.com/business_hq/16292560.stockbroker-brothers-share-nearly-35m-venerable-glasgow-firm-speirs-jeffrey-sold-104m-rathbones/,"Jun 14, 2018",8.130554488161579e-05
Rathbones poaches Brooks Macdonald Aim specialist,https://portfolio-adviser.com/rathbones-poaches-brooks-macdonald-aim-specialist/,"Jun 3, 2021",5.941003473708406e-05
Louise Rathbone 1966-2015,https://socialistworker.co.uk/obituaries/louise-rathbone-1966-2015/,"Sep 22, 2015",0.00022985009127296507
Rathbone Greenbank's Sophie Lawrence: 'How investors are driving food reporting requirements',https://www.investmentweek.co.uk/opinion/4123124/rathbone-greenbanks-sophie-lawrence-investors-driving-food-reporting-requirements,"Sep 3, 2023",0.01267516240477562
Voting with purpose to make sure firms do the right thing,https://jerseyeveningpost.com/business/2022/06/15/voting-with-purpose-to-make-sure-firms-do-the-right-thing/,"Jun 15, 2022",0.0031265730503946543
How Sherlock Holmes actor Basil Rathbone grew to hate detective who defined his career,https://www.irishmirror.ie/showbiz/celebrity-news/how-sherlock-holmes-actor-basil-22454768,"Aug 3, 2020",3.676643973449245e-05
New starters at Rathbones Brothers | In Cumbria,https://www.in-cumbria.com/news/17246286.new-starters-rathbones-brothers/,"Jul 6, 2018",5.086932105768938e-06
Close Brothers AM continues raiding Rathbones for HNW push,https://portfolio-adviser.com/close-brothers-am-continues-raiding-rathbones-for-hnw-push/,"Jul 6, 2020",0.006363391876220703
Rathbones hails benefits of £104m takeover of Glasgow's Speirs & Jeffrey,https://www.heraldscotland.com/business_hq/16991042.rathbones-hails-benefits-of-104m-takeover-of-glasgows-speirs-jeffrey/,"Oct 17, 2018",0.9977389574050903
Rathbones enters partnership with SCVO Trustee Network to support good governance in voluntary sector,https://nen.press/2022/05/12/rathbones-enters-partnership-with-scvo-trustee-network-to-support-good-governance-in-voluntary-sector/,"May 12, 2022",4.147808431298472e-05
Rathbones loses sixth director to Close Bros in 18 months,https://www.moneymarketing.co.uk/news/sixth-director-moves-from-rathbones-to-close-bros-in-18-months/,"Jan 14, 2019",0.0001544778497191146
Rathbone Global Opportunities: July 2023 fund update,https://www.hl.co.uk/funds/research-and-news/rathbone-global-opportunities-july-2023-fund-update,"Jul 17, 2023",0.0005833103787153959
Rathbone acquires Speirs & Jeffrey in £104m deal,https://dailybusinessgroup.co.uk/2018/06/rathbone-acquires-speirs-jeffrey-in-104m-deal/,"Jun 14, 2018",0.9934038519859314
Morrisons' Rathbones Wakefield bakery gutted by fire | News,https://www.thegrocer.co.uk/property-and-planning/morrisons-rathbones-wakefield-bakery-gutted-by-fire/538493.article,"Jul 4, 2016",0.0021264301612973213
Advisers pick their favourite DFMs - FTAdviser,https://www.ftadviser.com/investments/2020/04/02/advisers-pick-their-favourite-dfms/,"Apr 2, 2020",4.148727441588562e-07
Tenant lined up for Rathbone Brothers' former Mayfair office,https://www.standard.co.uk/business/tenant-lined-up-for-rathbone-brothers-former-mayfair-office-a3776711.html,"Feb 27, 2018",1.3046295862295665e-05
Blackburn v Manchester United: the Cup tie that made Mick Rathbone famous,https://www.theguardian.com/football/that-1980s-sports-blog/2017/feb/18/blackburn-rovers-manchester-united-fa-cup-mick-rathbone,"Feb 18, 2017",6.223645414138446e-06
"Rotherham 2-0 Coventry: Lee Peltier, Oliver Rathbone secure valuable win for Millers",https://www.skysports.com/football/news/11095/12992496/rotherham-2-0-coventry-lee-peltier-oliver-rathbone-secure-valuable-win-for-millers,"Oct 25, 2023",0.007123335264623165
300-year-old Liverpool family business that opposed the slave trade considers £2bn merger,https://lbndaily.co.uk/300-year-old-liverpool-family-business-opposed-slave-trade-considers-2bn-merger/,"Aug 18, 2017",4.0643067222845275e-07
Rathbone Brothers acquires Saunderson House at 4.3x turnover,https://www.business-sale.com/news/business-sale/rathbone-brothers-acquires-saunderson-house-at-43x-turnover-221728,"Jun 24, 2021",0.9988262057304382
Coronavirus: Welsh health minister caught swearing about Labour AM,https://www.bbc.co.uk/news/uk-wales-politics-52385006,"Apr 22, 2020",1.361459908366669e-05
Vale to centenarian Sadie Rathbone,https://tma.melbourneanglican.org.au/2022/05/vale-to-centenarian-sadie-rathbone/,"May 20, 2022",4.9734750064089894e-05
Blue Bulls Company appoint Rathbone as new CEO,https://www.sarugby.co.za/news-features/articles/2020/05/08/blue-bulls-company-appoint-rathbone-as-new-ceo/,"May 8, 2020",0.013198209926486015
Rathbones buys Investec W&I to create £100bn group,https://lbndaily.co.uk/rathbones-buys-investec-wi-to-create-100bn-group/,"Apr 4, 2023",4.0624800021760166e-06
Colm Toibin wins Rathbones Folio Prize after cancer diagnosis during writing,https://www.belfasttelegraph.co.uk/news/republic-of-ireland/colm-toibin-wins-rathbones-folio-prize-after-cancer-diagnosis-during-writing/41476054.html,"Mar 22, 2022",5.066575977252796e-05
"I do not hate Jews, says Labour AM Jenny Rathbone",https://www.bbc.co.uk/news/uk-wales-politics-47387890,"Feb 27, 2019",6.680402293568477e-05
Rathbones awarded two golds at Citywealth IFC Awards 2021,https://channeleye.media/rathbones-awarded-two-golds-at-citywealth-ifc-awards-2021/,"Feb 26, 2021",0.9999659061431885
Shortlist for £30000 Rathbones Folio Prize announced,https://jerseyeveningpost.com/morenews/uknews/2019/04/04/shortlist-for-30000-rathbones-folio-prize-announced/,"Apr 4, 2019",1.990092414416722e-06
Dealing with death everyday,https://www.stratford-herald.com/news/dealing-with-death-everyday-9200657/,"May 25, 2021",1.184746633953182e-05
From Rathbone to Conway - Fitzrovia streets renamed,http://fitzrovianews.com/2021/05/28/from-rathbone-to-conway-fitzrovia-streets-renamed/,"May 28, 2021",2.752488228452421e-07
"As UK 'falls in love' with Investec, in SA it won't reach goal of doubling clients by 2026 | Business",https://www.news24.com/fin24/companies/as-uk-falls-in-love-with-investec-in-sa-it-wont-reach-goal-of-doubling-clients-by-2026-20230518,"May 18, 2023",0.00014594978711102158
Huge blaze damages Morrisons' Yorkshire bakery,https://www.foodmanufacture.co.uk/Article/2016/07/04/Huge-blaze-damages-Morrisons-Yorkshire-bakery,"Jul 3, 2016",0.000307864451315254
Liverpool wealth manager Rathbones confirms £2bn merger talks sending shares upwards,https://lbndaily.co.uk/liverpool-wealth-manager-rathbones-confirms-2bn-merger-talks-sending-shares-upwards/,"Aug 21, 2017",1.069019162969198e-05
United's Scott McTominay posts classy message with Rochdale star Oliver Rathbone,https://www.unitedinfocus.com/news/uniteds-scott-mctominay-posts-classy-message-with-rochdale-star-oliver-rathbone/,"Sep 26, 2019",0.001667404780164361
Rathbone Brothers breaks through £60bn barrier after another strong quarter,https://www.business-live.co.uk/economic-development/rathbone-brothers-breaks-through-60bn-21853033,"Oct 14, 2021",0.9999977350234985
Rathbones appoints NEDs to board - Business News | blglobal.co.uk,https://www.blglobal.co.uk/BusinessNews.aspx?id=rathbones-appoints-neds-to-jersey-board,"Jan 28, 2021",8.568034104428079e-07
Carmen Maria Machado wins The Rathbones Folio Prize 2021,https://currentaffairs.adda247.com/carmen-maria-machado-wins-the-rathbones-folio-prize-2021/,"Mar 27, 2021",1.7984477381105535e-05
Rathbones releases half-year results - Business News | blglobal.co.uk,https://www.blglobal.co.uk/BusinessNews.aspx?id=rathbones-releases-half-year-results,"Jul 28, 2021",0.9999992847442627
Why I invest my children's savings in Rathbone Global Opportunities,https://inews.co.uk/inews-lifestyle/money/investing/fund-review-rathbone-global-opportunities-1270438,"Nov 3, 2021",0.0004134756454732269
Ollie Rathbone & Rarmani Edmonds-Green: Rotherham United sign Rochdale midfielder and Huddersfield defender,https://www.bbc.co.uk/sport/football/58088239,"Aug 4, 2021",8.285795047413558e-06
"Andy Pitt, Head of Charities, Rathbone Investment Management",https://www.civilsociety.co.uk/people.andy-pitt.html,"Feb 3, 2017",7.684042202527053e-07
Rathbones appoints Peter Musker as Client Development Director,https://www.blglobal.co.uk/BusinessNews.aspx?id=rathbones-appoints-peter-musker-as-client-development-director,"Nov 2, 2022",5.280404002405703e-05
Morrisons' Rathbones Wakefield bakery reopens after fire | News,https://www.thegrocer.co.uk/property-and-planning/morrisons-rathbones-wakefield-bakery-reopens-after-fire/538687.article,"Jul 7, 2016",0.0025053475983440876
'Don't be a dick': Ryan Rathbone's advice for surviving in radio,https://radiotoday.com.au/ryan-rathbone-airheads-interview/,"Dec 17, 2020",0.0015497069107368588
Rathbone makes Director appointment - Business News | blglobal.co.uk,https://www.blglobal.co.uk/BusinessNews.aspx?id=rathbone-makes-director-appointment,"Apr 11, 2019",1.5186419659585226e-06
Rathbones confirms £200m takover talks with 112-year-old Glasgow firm,https://www.glasgowlive.co.uk/news/glasgow-news/rathbones-confirms-200m-takover-talks-14507660,"Apr 9, 2018",8.895416613086127e-06
Daryl Smith and Shelby Cawley Rathbone learners of the Year,https://www.rochdaleonline.co.uk/news-features/2/news-headlines/93339/daryl-smith-and-shelby-cawley-rathbone-learners-of-the-year,"Dec 22, 2014",4.0826307667884976e-05
Investec deal to create largest discretionary fund manager in UK,https://www.businesslive.co.za/bd/companies/financial-services/2023-04-04-investec-to-merge-its-uk-wealth-investment-unit-with-rathbones-group/,"Apr 4, 2023",2.7066280381404795e-05
Sex arrest choir boss bailed again,https://www.kentonline.co.uk/medway/news/-sex-arrest-choir-boss-11724/,"Jan 22, 2014",3.604712037486024e-05
Nearly 300 jobs lost as NCG closes Rathbone and Intraining,https://feweek.co.uk/nearly-300-jobs-lost-as-college-group-officially-downsizes/,"Sep 6, 2019",3.430036258578184e-06
Welsh Labour criticised as Jenny Rathbone is readmitted to Assembly group,https://nation.cymru/news/welsh-labour-criticised-as-jenny-rathbone-is-readmitted-to-assembly-group/,"Jan 9, 2019",4.0964594518300146e-05
