title,link,date,sentiment_score
May Spotlight: Chuck Many’s Striper Quest,https://www.thefisherman.com/article/may-spotlight-chuck-manys-striper-quest/,"May 7, 2020",1.14E-06
Tyman Barbey Obituary 2015,https://www.czboyer.com/obituaries/tyman-barbey,"Jun 29, 2015",1.81E-07
"CBT News Market Update: Michael Tyman, Professional Success & Giovanna Scognamiglio, LotLinx",https://www.cbtnews.com/cbt-news-market-update-michael-tyman-professional-success-giovanna-scognamiglio-lotlinx/,"Sep 14, 2020",0.322245568
A new family therapy program in Colorado will meet you wherever you are — even if that’s Costco,https://coloradosun.com/2023/06/15/home-therapy-colorado-teens-mental-health/,"Jun 15, 2023",1.84E-06
Rockaway Fishing Report,https://www.rockawave.com/articles/rockaway-fishing-report-51/,"Nov 19, 2021",2.12E-05
Working to solvemurder 45 years on,https://www.wickedlocal.com/story/newton-tab/2018/10/15/working-to-solvemurder-45-years/9521661007/,"Oct 15, 2018",3.40E-06
Suspect arrested after Utica robbery,https://www.uticaod.com/story/news/crime/2016/08/23/suspect-arrested-after-utica-robbery/25601526007/,"Aug 23, 2016",4.05E-06
Tyman rides recovery wave,https://www.investorschronicle.co.uk/news/2023/07/25/tyman-rides-recovery-wave/,"Jul 25, 2023",4.26E-06
2023 07/31 – Trenton Tyman Page,https://southernillinoisnow.com/2022/07/31/2023-07-31-trenton-tyman-page/,"Jul 31, 2022",3.32E-07
Eeling with Planer Boards for Striped Bass,https://www.sportfishingmag.com/story/howto/eeling-with-planer-boards-for-striped-bass/,"Apr 1, 2021",1.47E-05
Tyman appoints Rutger Helbing as new Chief Executive Officer,https://www.directorstalkinterviews.com/tyman-appoints-rutger-helbing-as-new-chief-executive-officer/4121134256,"Nov 27, 2023",0.903449297
Supplier Diversity Programs Face Increased Scrutiny and Risk as the Spotlight Brightens on Corporate DEI Initiatives,https://www.seyfarth.com/news-insights/supplier-diversity-programs-face-increased-scrutiny-and-risk-as-the-spotlight-brightens-on-corporate-dei-initiatives.html,"Aug 18, 2023",0.00112653
Tyman appoints Rutger Helbing as CEO,https://www.sharecast.com/news/news-and-announcements/tyman-appoints-rutger-helbing-as-ceo--15436668.html,"Nov 27, 2023",0.938445032
BILCO under new ownership,https://www.zanesvilletimesrecorder.com/story/news/local/2016/06/16/bilco-under-new-ownership/85993704/,"Jun 16, 2016",0.003312045
Man charged with stalking after allegedly putting a GPS tracking device on a Winchester woman’s car,https://www.boston.com/news/local-news/2018/07/18/man-allegedly-put-gps-tracking-device-winchester-womans-car/,"Jul 18, 2018",2.32E-06
Man Gets 30 Years In Duluth Landlord Killing,https://www.cbsnews.com/minnesota/news/man-gets-30-years-in-duluth-landlord-killing/,"May 22, 2014",5.15E-06
Distributors who defeated the evil boss in Elden Ring 1000 times with Tyman receive a ``special gift'' from the official,https://gigazine.net/gsc_news/en/20220708-elden-ring-let-me-solo-her-special-item/,"Jul 8, 2022",0.000184942
James Brotherton joins Breedon,https://hub-4.com/news/james-brotherton-joins-breedon,"Nov 24, 2020",0.423241138
HIGH ACHIEVERS: Ottawa Lions trio finish outdoor season running an eye-opening relay,https://ottawasportspages.ca/2021/08/13/high-achievers-ottawa-lions-trio-finish-outdoor-season-running-an-eye-opening-relay/,"Aug 13, 2021",7.23E-05
40 new jobs as firm relocates to Wolverhampton,https://www.expressandstar.com/news/business/2022/07/26/40-new-jobs-as-firm-relocates-to-wolverhampton/,"Jul 26, 2022",0.000249342
Scottish law firm expands into England,https://www.insider.co.uk/news/scottish-law-firm-expands-england-27402911,"Jul 5, 2022",0.0001002
Carlisle firm sold for £19 million,https://www.newsandstar.co.uk/news/16741748.carlisle-firm-sold-19-million/,"May 11, 2018",0.971197963
Rare Beatles record sells for thousands at Methwold auction,https://www.lynnnews.co.uk/news/rare-beatles-record-sells-for-thousands-at-methwold-auction-9003319/,"Jul 5, 2018",0.000141128