title,link,date,sentiment_score
Witan Investment Trust plc Share Price (WTAN) ORD GBP0.05 | WTAN,https://www.hl.co.uk/shares/shares-search-results/w/witan-investment-trust-plc-ord-gbp0.05,"May 28, 2019",3.4362466976745054e-05
"Witan Investment Trust (WTAN) Share Price, Stock Value, News & Analysis",https://www.marketbeat.com/stocks/LON/WTAN/,"Aug 16, 2016",0.00016814834089018404
Witan trust commits to net zero by 2050,https://esgclarity.com/witan-first-trust-to-commit-to-net-zero-by-2050/,"Mar 3, 2022",0.003408982651308179
Stock market spotlight: HL investors pile into Witan Investment Trust!,https://www.fool.co.uk/2023/01/22/stock-market-spotlight-hl-investors-pile-into-witan-investment-trust/,"Jan 22, 2023",9.238736424777017e-07
Family fortunes: how to invest alongside the wealthy,https://www.ft.com/content/43defbcc-047a-11ea-a984-fbbacad9e7dd,"Nov 14, 2019",3.8700050026818644e-06
Witan Investment Trust: June 2023 update,https://www.hl.co.uk/shares/investment-trusts/investment-trust-research/witan-investment-trust-june-2023-update,"Jun 28, 2023",0.0021135560236871243
Time to buy UK small-caps?,https://www.ft.com/content/91046d16-7a8e-4dcb-8790-23c7e34757c3,"Jan 18, 2023",3.8700050026818644e-06
The AIC: IT-focused investment companies and UK trusts tipped to be top performers in 2024,https://portfolio-adviser.com/the-aic-it-focused-investment-companies-and-uk-trusts-tipped-to-be-top-performers-in-2024/,"Dec 5, 2023",0.9880068302154541
Family member steps back from Witan after 30 years,https://portfolio-adviser.com/family-member-steps-back-from-witan-after-30-years/,"Dec 5, 2018",0.0004068459093105048
Witan declares £70m reserves will spare its dividend from coronavirus clipping,https://portfolio-adviser.com/witan-declares-70m-reserves-will-spare-its-dividend-from-coronavirus-clipping/,"Apr 29, 2020",5.029154272051528e-05
What are the benefits of EP Global Opps becoming a self-managed investment trust?,https://portfolio-adviser.com/investors-await-details-from-sandy-nairn-on-why-his-trust-would-benefit-from-rare-structure/,"Nov 3, 2021",1.1405196573832654e-06
Deep Dive: Higher cost of debt raises stakes for investment trusts employing gearing,https://www.investmentweek.co.uk/analysis/4144978/deep-dive-cost-debt-raises-stakes-investment-trusts-employing-gearing,"Nov 10, 2023",0.0005257857847027481
Witan Share Chat (WTAN),https://www.lse.co.uk/ShareChat.html?ShareTicker=WTAN&share=Witan,"May 16, 2023",2.2342344436765416e-06
Latitude IM launches second fund for founder Freddie Lait,https://portfolio-adviser.com/latitude-im-launches-second-fund-for-founder-freddie-lait/,"Mar 18, 2021",0.00016920223424676806
Battle of the big three multi-manager trusts: who comes out on top?,https://www.ii.co.uk/analysis-commentary/battle-big-three-multi-manager-trusts-who-comes-out-top-ii524378,"Jun 22, 2022",6.573744030902162e-05
The top 20 most consistently performing investment trusts over the last decade,https://www.thisismoney.co.uk/money/investing/article-7208895/The-20-consistently-performing-investment-trusts-decade.html,"Jul 5, 2019",0.9747226238250732
Odey spin out makes wealth management push,https://portfolio-adviser.com/odey-spin-out-makes-wealth-management-push/,"Jan 7, 2019",6.744327038177289e-06
